url,name,price,year_from_catalog,mileage_km,image_url,photos_count,published_at,specs_VIN,specs_Год выпуска,specs_Гос номер,specs_Двигатель,specs_Комплектация,specs_Коробка,specs_Коробка передач,specs_Кузов,specs_Мощность,specs_Наличие,specs_Обмен,specs_Объем двигателя,specs_Привод,specs_Пробег,specs_Пробег ( км ),specs_Прочее,specs_Рассрочка,"specs_Регион, город",specs_Руль,specs_Состояние,specs_Таможня,specs_Тип топлива,specs_Учёт,specs_Цвет,price_soms,photos
https://turbo.kg/cars/A7i9S4sQ,Toyota Corolla 2006 года за ~482 500 сом,482500,2006.0,370000.0,https://turbo.kg/images/014/820/683/05b92c3218195070cc813603216ecfbf-thumb.jpg,7.0,2026-05-09T22:00:10+06:00,,,,"1.0 л, дизель",,,автомат,хетчбэк 3-дв.,,,,,,370000 км,,,,,слева,,,,,Синий,482500.0,https://turbo.kg/images/014/820/683/05b92c3218195070cc813603216ecfbf.jpeg | https://turbo.kg/images/014/820/684/19c6316acc062cc568fabbe492046c59.jpeg | https://turbo.kg/images/014/820/685/43e5c546cb25dcd5a843438600d7a669.jpeg | https://turbo.kg/images/014/820/686/e40037dcfe8e5a78840949173588caa8.jpeg | https://turbo.kg/images/014/820/687/faac7acbef30ab2ca282a655e5e80228.jpeg | https://turbo.kg/images/014/820/688/196e2383c285588d613ce2c912da3b9b.jpeg | https://turbo.kg/images/014/820/689/197229bf0f698af895c4486ddc9c3f8a.jpeg
https://turbo.kg/cars/O0Ka1jnm,"BMW X5 IV (G05/G18) 40i 3.0, 2019",3102000,2019.0,182430.0,https://turbo.kg/images/014/820/552/64a908bf93ae2e089593e8761c8d317f-thumb.jpg,10.0,2026-05-09T00:25:06+06:00,,2019,,3.0 л / бензин,,автомат,,внедорожник 5 дв.,,в наличии,рассмотрю варианты,,полный,182430 км,,вложений не требует,,Бишкек,слева,идеальное,растаможен,,Кыргызстан,белый,3102000.0,https://turbo.kg/images/014/820/552/64a908bf93ae2e089593e8761c8d317f.jpeg | https://turbo.kg/images/014/820/553/b6fa722c9930d4fa3a213e568890c413.jpeg | https://turbo.kg/images/014/820/554/2fdd9232a97857b06b94a0d18a8b6259.jpeg | https://turbo.kg/images/014/820/555/a5396e7b09c87e7ea4bedab06b98d6c5.jpeg | https://turbo.kg/images/014/820/556/fd4288a1c24c82d237083d784f43f6e0.jpeg | https://turbo.kg/images/014/820/557/1ad05fc5f7e31332c7b1a8fd360c590d.jpeg | https://turbo.kg/images/014/820/558/a707ac0a026a263bbd6acb44edde9339.jpeg | https://turbo.kg/images/014/820/559/650953e6e461ad0e6ad5ce61c16cf6d4.jpeg | https://turbo.kg/images/014/820/560/dace40b5e71a30c5fafa13fcb954dd4f.jpeg | https://turbo.kg/images/014/820/561/c919f367cb283d34a7f07e6eb7e6c929.jpeg
https://turbo.kg/cars/JZmS9bVp,"Jeep Wrangler IV (JL) 2.0, 2019",2971000,2019.0,135000.0,https://turbo.kg/images/014/820/542/ed73f1833e2aaf1cc98ccf90b5581a31-thumb.jpg,10.0,2026-05-09T00:25:05+06:00,,2019,,2.0 л / бензин,,автомат,,внедорожник 5 дв.,,в наличии,рассмотрю варианты,,полный,135000 км,,,,Бишкек,слева,хорошее,растаможен,,Кыргызстан,серебристый,2971000.0,https://turbo.kg/images/014/820/542/ed73f1833e2aaf1cc98ccf90b5581a31.jpeg | https://turbo.kg/images/014/820/543/d54b909ac07bd831fd62d015c0d641a5.jpeg | https://turbo.kg/images/014/820/544/23e27bd3e7aca353dfe11a033a1d1a1b.jpeg | https://turbo.kg/images/014/820/545/27e9968be8ead0504992be294084a33d.jpeg | https://turbo.kg/images/014/820/546/45fdaf9a24cee21461b8ca497219140e.jpeg | https://turbo.kg/images/014/820/547/d8fbd438e794231e7bcca2d6f88e3eda.jpeg | https://turbo.kg/images/014/820/548/fe4172a5fc526fac30689019696d824f.jpeg | https://turbo.kg/images/014/820/549/860a0a165100b772dc9585f49b020503.jpeg | https://turbo.kg/images/014/820/550/f6cc3adf7cd488b4f67c50fd66deeae8.jpeg | https://turbo.kg/images/014/820/551/a60fbceb36d65510ae6c1690b0d68fdc.jpeg
https://turbo.kg/cars/AyYWbndp,"Lexus LX III Рестайлинг 570 5.7, 2014",4544000,2014.0,229500.0,https://turbo.kg/images/014/820/535/fe7b2d934b00ca55bcb1c431879d62ba-thumb.jpg,7.0,2026-05-09T00:10:05+06:00,,2014,,5.7 л / бензин,,автомат,,внедорожник 5 дв.,,в наличии,рассмотрю варианты,,полный,229500 км,,,,Бишкек,слева,хорошее,растаможен,,Кыргызстан,черный,4544000.0,https://turbo.kg/images/014/820/535/fe7b2d934b00ca55bcb1c431879d62ba.jpeg | https://turbo.kg/images/014/820/536/07e60359a77c3637c30a2ec6acf2f1a0.jpeg | https://turbo.kg/images/014/820/537/4a02f0e76236e469986075860f788804.jpeg | https://turbo.kg/images/014/820/538/d2a9cf0293140cad2a8c9e170c4aa3cf.jpeg | https://turbo.kg/images/014/820/539/2d9faed4403a3601ea2bc68a252042bb.jpeg | https://turbo.kg/images/014/820/540/ac6007c8a53ae85e437efd14d2b63448.jpeg | https://turbo.kg/images/014/820/541/12baa9b1e8b3f7dce28d23043774a8e9.jpeg
https://turbo.kg/cars/S6hXtqTb,"Lexus LX III Рестайлинг 2 Arctic Trucks 570 AT33 5.7, 2020",8302000,2020.0,120000.0,https://turbo.kg/images/014/820/518/ab78d8aa2aaefda2d465573e6b309dc8-thumb.jpg,5.0,2026-05-08T23:35:04+06:00,,2020,,5.7 л / бензин,,автомат,,внедорожник 5 дв.,,в наличии,обмен не предлагать,,полный,120000 км,,вложений не требует,,Бишкек,слева,идеальное,растаможен,,Кыргызстан,белый,8302000.0,https://turbo.kg/images/014/820/518/ab78d8aa2aaefda2d465573e6b309dc8.jpeg | https://turbo.kg/images/014/820/519/4fc5a78c7026372524f98a65a1b75ee7.jpeg | https://turbo.kg/images/014/820/520/479e815b766228b0950e9d5028ed6632.jpeg | https://turbo.kg/images/014/820/521/1b3500cd4f4fcd05c449f890648cba26.jpeg | https://turbo.kg/images/014/820/522/032df5c6caabd5ea005a7f1f131c92b4.jpeg
https://turbo.kg/cars/wm4FHmdf,"Hyundai Grandeur VI 2.4, 2019",1267000,2019.0,125000.0,https://turbo.kg/images/014/820/512/7e08897215071d92334e81cdb287c8db-thumb.jpg,6.0,2026-05-08T23:30:04+06:00,KMH**************,2019,,2.4 л / бензин,,автомат,,седан,,в наличии,,,передний,125000 км,,"свежепригнан, техосмотр пройден, вложений не требует",,Бишкек,слева,идеальное,растаможен,,Кыргызстан,черный,1267000.0,https://turbo.kg/images/014/820/512/7e08897215071d92334e81cdb287c8db.jpeg | https://turbo.kg/images/014/820/513/1334d03b8938b63b0e9b83ad592b2398.jpeg | https://turbo.kg/images/014/820/514/f6fb2a29c23e4c48bf0e53968f509fd3.jpeg | https://turbo.kg/images/014/820/515/04c121a2d1e425e60f519ba6a6ffd29e.jpeg | https://turbo.kg/images/014/820/516/076fc281688cc714bb7c177f1ab1a589.jpeg | https://turbo.kg/images/014/820/517/391e65bd87b5cf8606ae474358add0ee.jpeg
https://turbo.kg/cars/cob5JBDm,"Kia Stinger I 3.3, 2021",1704000,2021.0,69210.0,https://turbo.kg/images/014/820/499/0c2ffc51d7adeaee72cda8a65f556181-thumb.jpg,12.0,2026-05-08T23:00:04+06:00,KNa**************,2021,,3.3 л / бензин,,автомат,,лифтбек,,в наличии,рассмотрю варианты,,полный,69210 км,,,есть,Бишкек,слева,идеальное,растаможен,,Кыргызстан,белый,1704000.0,https://turbo.kg/images/014/820/499/0c2ffc51d7adeaee72cda8a65f556181.jpeg | https://turbo.kg/images/014/820/500/deb3e05ecf16f8a9e670b99f721900ae.jpeg | https://turbo.kg/images/014/820/501/240a3fcd0cc1d58e0f56b1b916b8cab6.jpeg | https://turbo.kg/images/014/820/502/35fc2fcfc2211956cdfc1cc6c2475cc5.jpeg | https://turbo.kg/images/014/820/503/5e5e354bc769f7074d45007e642791fa.jpeg | https://turbo.kg/images/014/820/504/11e974e96383b8cdf94b419eedc521ef.jpeg | https://turbo.kg/images/014/820/505/001ee62fd4d84ef8b69b78b7df39010d.jpeg | https://turbo.kg/images/014/820/506/3c46c6b045b880945dd09e8acf721496.jpeg | https://turbo.kg/images/014/820/507/21cd3e31f88cfee93c61dcf519d4343a.jpeg | https://turbo.kg/images/014/820/508/8470f3d8d60803e5d14b3a6692c91016.jpeg | https://turbo.kg/images/014/820/509/1040285fdc36639739de98c621c021d9.jpeg | https://turbo.kg/images/014/820/510/81a8dbab09c03839e5949dfb47ac6cc2.jpeg
https://turbo.kg/cars/qngEyxwc,"Honda HR-V II Рестайлинг 1.8, 2019",1529000,2019.0,86000.0,https://turbo.kg/images/014/820/488/5330b8797ded110251a4899521cdd5fb-thumb.jpg,11.0,2026-05-08T22:55:04+06:00,,2019,,1.8 л / бензин,,вариатор,,внедорожник 5 дв.,,в наличии,с доплатой покупателя,,полный,86000 км,,свежепригнан,,Бишкек,слева,идеальное,растаможен,,Кыргызстан,серый,1529000.0,https://turbo.kg/images/014/820/488/5330b8797ded110251a4899521cdd5fb.jpeg | https://turbo.kg/images/014/820/489/0e0c24c3532f8d7b106f313435851e67.jpeg | https://turbo.kg/images/014/820/490/12de4827c12307f0a3d6b0f544125db0.jpeg | https://turbo.kg/images/014/820/491/8f231933487116d3391ce2fd8c3cef20.jpeg | https://turbo.kg/images/014/820/492/116234d9f25b36e00db24348aab08020.jpeg | https://turbo.kg/images/014/820/493/2bd179cc08c618e5eda01cac78df078a.jpeg | https://turbo.kg/images/014/820/494/496703996a1a96b6eab70d730c9f93f1.jpeg | https://turbo.kg/images/014/820/495/b6719814c03d0d7fabdc5bac0e0f6f33.jpeg | https://turbo.kg/images/014/820/496/5bb75a680f62dea52725c4946beb1cba.jpeg | https://turbo.kg/images/014/820/497/bc69aed83d1a595a11414306842fe760.jpeg | https://turbo.kg/images/014/820/498/c088841103f50ca27531ca2c50e623f1.jpeg
https://turbo.kg/cars/ysZhGOmo,"BMW 5 серии VII (G30/G31) 530i 2.0, 2018",2054000,2018.0,158000.0,https://turbo.kg/images/014/820/476/6ebd061b63bcd259d87a3f6c35afb29c-thumb.jpg,12.0,2026-05-08T22:45:04+06:00,,2018,,2.0 л / бензин,,автомат,,седан,,в наличии,с доплатой покупателя,,задний,158000 км,,вложений не требует,,Бишкек,слева,идеальное,растаможен,,Кыргызстан,белый,2054000.0,https://turbo.kg/images/014/820/476/6ebd061b63bcd259d87a3f6c35afb29c.jpeg | https://turbo.kg/images/014/820/477/03cbee2d73120703bc50a4eab6026668.jpeg | https://turbo.kg/images/014/820/478/22bdbc4e14613cb916189a9f83bdbbac.jpeg | https://turbo.kg/images/014/820/479/95ca7f0d001270e3d8bc29b9ef503d67.jpeg | https://turbo.kg/images/014/820/480/9b4580a45802574f680d6111f83e46c8.jpeg | https://turbo.kg/images/014/820/481/db07ac96e3ec9d13cb6fa6ad588b2010.jpeg | https://turbo.kg/images/014/820/482/7cf18c6a64140ade5b97ef28197d7df3.jpeg | https://turbo.kg/images/014/820/483/d2bf15021cf090219e5a3cdbe91ebf9f.jpeg | https://turbo.kg/images/014/820/484/cb58b3ff10936d1385eb0c05e95d922e.jpeg | https://turbo.kg/images/014/820/485/4787054508a121bed8317428bc621f65.jpeg | https://turbo.kg/images/014/820/486/5093410b49913c605c0d176703eacc33.jpeg | https://turbo.kg/images/014/820/487/79d12f85f03a98719e0343dbd7d7e419.jpeg
https://turbo.kg/cars/kqgXYBQg,"Lexus LX II 470 4.7, 2001",1617000,2001.0,400000.0,https://turbo.kg/images/014/820/466/f3f765e23a77210ee0826e2c7bcd5149-thumb.jpg,10.0,2026-05-08T22:30:04+06:00,,2001,,4.7 л / бензин,,автомат,,внедорожник 5 дв.,,в наличии,рассмотрю варианты,,полный,400000 км,,"налог уплачен, техосмотр пройден, вложений не требует",есть,Бишкек,слева,хорошее,растаможен,,Кыргызстан,серый,1617000.0,https://turbo.kg/images/014/820/466/f3f765e23a77210ee0826e2c7bcd5149.jpeg | https://turbo.kg/images/014/820/467/80edbda07451e9891915cca517167629.jpeg | https://turbo.kg/images/014/820/468/e5f568b4f15c5eedaed7ce32a186d054.jpeg | https://turbo.kg/images/014/820/469/a400261a3501350ec24df63818f2fffa.jpeg | https://turbo.kg/images/014/820/470/cb9acbbd3fce661b4c91d22994b9b262.jpeg | https://turbo.kg/images/014/820/471/3ff73485d265371d2e13ff570d64ac8a.jpeg | https://turbo.kg/images/014/820/472/0799c6d72516e727b3811db2d109ca9d.jpeg | https://turbo.kg/images/014/820/473/09582358a18cd36473ca1f04180a7095.jpeg | https://turbo.kg/images/014/820/474/1150ed2954e15c2dfa3544f57ff24bdb.jpeg | https://turbo.kg/images/014/820/475/fe09e07313b0ac79046564d2fb8ea12e.jpeg
https://turbo.kg/cars/0khdnRZA,"BMW 5 серии VII (G30/G31) 520d xDrive 2.0, 2020",2228000,2020.0,93000.0,https://turbo.kg/images/014/820/449/9008d23d9f80487c3ff17a0b1852b569-thumb.jpg,12.0,2026-05-08T22:10:04+06:00,,2020,,2.0 л / дизель,,автомат,,седан,,в наличии,обмен не предлагать,,полный,93000 км,,"свежепригнан, техосмотр пройден, вложений не требует",,Бишкек,слева,идеальное,растаможен,,Кыргызстан,синий,2228000.0,https://turbo.kg/images/014/820/449/9008d23d9f80487c3ff17a0b1852b569.jpeg | https://turbo.kg/images/014/820/450/4d2920678342414f03331d9580e3e0ed.jpeg | https://turbo.kg/images/014/820/451/ded0d19dd17176d5fe2ac09480ab2305.jpeg | https://turbo.kg/images/014/820/452/7e0dd604f6c5018f3de16289b54377ea.jpeg | https://turbo.kg/images/014/820/453/2995ffd62db982b7ddf50f73cb753c30.jpeg | https://turbo.kg/images/014/820/454/05b40b8f683136ead5aa44a727e06206.jpeg | https://turbo.kg/images/014/820/455/feed592df1281c4ae4cd1fc76bbd8a02.jpeg | https://turbo.kg/images/014/820/456/02fda17df1436b5e5f80d7e8c30a0741.jpeg | https://turbo.kg/images/014/820/457/254f8b55be9e567478b0b0d56911b336.jpeg | https://turbo.kg/images/014/820/458/e57db8b02ce4871496530ecc75aa597b.jpeg | https://turbo.kg/images/014/820/459/f44df7420b1af915f5473aebf0788d76.jpeg | https://turbo.kg/images/014/820/460/5c4a0ea517043a19478e50496d6fc99c.jpeg
https://turbo.kg/cars/zVAzDik8,"Hyundai Santa Fe IV 2.0, 2020",1503000,2020.0,156000.0,https://turbo.kg/images/014/820/431/a31b8695a2724ac15b2105075c420a15-thumb.jpg,12.0,2026-05-08T21:40:05+06:00,,2020,,2.0 л / дизель,,автомат,,внедорожник 5 дв.,,в наличии,обмен не предлагать,,передний,156000 км,,"свежепригнан, техосмотр пройден, вложений не требует",,Бишкек,слева,идеальное,растаможен,,Кыргызстан,хамелеон,1503000.0,https://turbo.kg/images/014/820/431/a31b8695a2724ac15b2105075c420a15.jpeg | https://turbo.kg/images/014/820/432/d47424ae6d71f05369c96e7f9dd445b7.jpeg | https://turbo.kg/images/014/820/433/04efa15f89ee1fc5212aef9776b6f607.jpeg | https://turbo.kg/images/014/820/434/43931c84210f3f972afd45dbafcf416e.jpeg | https://turbo.kg/images/014/820/435/6ff937e931b0ceb1fffe2521a07f7b1b.jpeg | https://turbo.kg/images/014/820/436/e9fb8eb099d20cf0f6157a010090f12f.jpeg | https://turbo.kg/images/014/820/437/64fef9ddea2938793a1eb6938ec74ecf.jpeg | https://turbo.kg/images/014/820/438/d2259bbb67f59f413b845ee6a126438e.jpeg | https://turbo.kg/images/014/820/439/4c8e5f06e59d3f2dd3e8c6086b868e1a.jpeg | https://turbo.kg/images/014/820/440/b0aac2438772f21c72140281789cbc2a.jpeg | https://turbo.kg/images/014/820/441/f28222e5fb00ff632cab0e232d32aded.jpeg | https://turbo.kg/images/014/820/442/20aa2b643b1d1af9f141d0a6fb449b25.jpeg
https://turbo.kg/cars/oBrZFNlz,"Kia K7 YG (II) Рестайлинг 2.4, 2020",1529000,2020.0,98000.0,https://turbo.kg/images/014/820/419/8c1f20d4c106a2e5407479d92eeda6e2-thumb.jpg,12.0,2026-05-08T21:30:05+06:00,,2020,,2.4 л / гибрид,,автомат,,седан,,в наличии,обмен не предлагать,,передний,98000 км,,"техосмотр пройден, вложений не требует",,Бишкек,слева,идеальное,растаможен,,Кыргызстан,черный,1529000.0,https://turbo.kg/images/014/820/419/8c1f20d4c106a2e5407479d92eeda6e2.jpeg | https://turbo.kg/images/014/820/420/6ddf6f59dfc4c6680b20ff16d989e7de.jpeg | https://turbo.kg/images/014/820/421/d086a1e2296e0405f093cefaf603e339.jpeg | https://turbo.kg/images/014/820/422/d2da230efa5156a4ff4ed4935fc78595.jpeg | https://turbo.kg/images/014/820/423/1a5d60300fca654c90368eff2d83dc2f.jpeg | https://turbo.kg/images/014/820/424/aeec2a5838ae8ebca6bf8a7799948d35.jpeg | https://turbo.kg/images/014/820/425/31ee01a3fc5fcd8f3df2bfbc55f9ccf2.jpeg | https://turbo.kg/images/014/820/426/e4adae3a03b64a808b3fe5d88b8000be.jpeg | https://turbo.kg/images/014/820/427/a7d21a9e8477d972c5b2ec3e256392f1.jpeg | https://turbo.kg/images/014/820/428/1cca501765a56c383575669dff33b55a.jpeg | https://turbo.kg/images/014/820/429/c11f79f7357e3003f5b158b53cf7b3bb.jpeg | https://turbo.kg/images/014/820/430/ee3a5051baa988a2aac6935eb36b9f46.jpeg
https://turbo.kg/cars/DwvgL0NB,"Lexus GX I 470 4.7, 2006",1774000,2006.0,208000.0,https://turbo.kg/images/014/820/413/3fe245ee0094433924bbca6ac7f03d00-thumb.jpg,6.0,2026-05-08T20:50:04+06:00,,2006,,4.7 л / бензин,,автомат,,внедорожник 5 дв.,,в наличии,,,полный,208000 км,,вложений не требует,,Бишкек,слева,хорошее,растаможен,,Кыргызстан,черный,1774000.0,https://turbo.kg/images/014/820/413/3fe245ee0094433924bbca6ac7f03d00.jpeg | https://turbo.kg/images/014/820/414/b8a43cec24fc894cc42a471b7ecc10e4.jpeg | https://turbo.kg/images/014/820/415/f05ba66ab22a95c11110f0a386f48dac.jpeg | https://turbo.kg/images/014/820/416/28681b26f216cba20a8d9d294d6b9f42.jpeg | https://turbo.kg/images/014/820/417/17d9066ae6ffa01c4b40e7bf76475ff5.jpeg | https://turbo.kg/images/014/820/418/c632a3924a3349d85d47abc144fa2518.jpeg
https://turbo.kg/cars/KIfoIcG4,"Toyota Corolla IX (E120, E130) Рестайлинг 1.6, 2006",630000,2006.0,325000.0,https://turbo.kg/images/014/820/405/2286a0c2ba6035a48cf5de75a985f9a4-thumb.jpg,8.0,2026-05-08T19:35:05+06:00,,2006,06KG664AOE,1.6 л / бензин,,автомат,,седан,,в наличии,обмен не предлагать,,передний,325000 км,,вложений не требует,,"Ош, Ошская область",слева,идеальное,растаможен,,Кыргызстан,синий,630000.0,https://turbo.kg/images/014/820/405/2286a0c2ba6035a48cf5de75a985f9a4.jpeg | https://turbo.kg/images/014/820/406/aabc35440ea5370fc4a6cd06d474d113.jpeg | https://turbo.kg/images/014/820/407/46ff3f72167414a3039d35ee264946a2.jpeg | https://turbo.kg/images/014/820/408/c8ee34fdfa770166d7e4e6d346b507bd.jpeg | https://turbo.kg/images/014/820/409/a2b921702e04e16adab5bdb633b6c47f.jpeg | https://turbo.kg/images/014/820/410/0faa33b93bcbd88b7927984f17a219af.jpeg | https://turbo.kg/images/014/820/411/923991e6f7c56ba7d1fa86ddf7ab6d57.jpeg | https://turbo.kg/images/014/820/412/db598d66c1bbbcbf3385d112fc9603e2.jpeg
https://turbo.kg/cars/sVK9fmRz,"BMW 5 серии VII (G30/G31) 520d 2.0, 2019",2228000,2019.0,135000.0,https://turbo.kg/images/014/820/394/4115c48693277c77d3eb52b00ccee73e-thumb.jpg,11.0,2026-05-08T19:05:04+06:00,,2019,,2.0 л / дизель,,автомат,,седан,,в наличии,,,задний,135000 км,,"свежепригнан, налог уплачен, техосмотр пройден, вложений не требует",,Бишкек,слева,идеальное,растаможен,,Кыргызстан,черный,2228000.0,https://turbo.kg/images/014/820/394/4115c48693277c77d3eb52b00ccee73e.jpeg | https://turbo.kg/images/014/820/395/0d12b0c93d792a5187de6581dc6482e5.jpeg | https://turbo.kg/images/014/820/396/e120ec59c213d1a10ca2a726ecceffd4.jpeg | https://turbo.kg/images/014/820/397/ba39a51a66b6a8de4c5cb243ea966286.jpeg | https://turbo.kg/images/014/820/398/a44a06e469f0de46284153b9773dafca.jpeg | https://turbo.kg/images/014/820/399/09faa2115b69d2ee4c506929786144ac.jpeg | https://turbo.kg/images/014/820/400/6fcdcba832913c9feafb1533d2f82436.jpeg | https://turbo.kg/images/014/820/401/780756a75d4c33600d0a5a1b546e2a4b.jpeg | https://turbo.kg/images/014/820/402/99998f2684a779d8186b9cd29648eee5.jpeg | https://turbo.kg/images/014/820/403/4df1b422e8823a8d713f53e3ae5c621f.jpeg | https://turbo.kg/images/014/820/404/822253612cc34c9f24f8537e7831ed1f.jpeg
https://turbo.kg/cars/2l3xRymH,"Lexus IS III 200t 2.0, 2016",1337000,2016.0,177000.0,https://turbo.kg/images/014/820/384/167b10c894fcedcf55af83f8c3e16cbc-thumb.jpg,10.0,2026-05-08T19:00:04+06:00,,2016,,2.0 л / бензин,,автомат,,седан,,в наличии,рассмотрю варианты,,задний,177000 км,,"налог уплачен, вложений не требует",,Бишкек,слева,хорошее,растаможен,,Кыргызстан,черный,1337000.0,https://turbo.kg/images/014/820/384/167b10c894fcedcf55af83f8c3e16cbc.jpeg | https://turbo.kg/images/014/820/385/48a655195ac53211389469c71fad39c1.jpeg | https://turbo.kg/images/014/820/386/bafb4b6269fb8c5f4a24b34d6c6cb610.jpeg | https://turbo.kg/images/014/820/387/64787a30fe9123517859bb0461b474ac.jpeg | https://turbo.kg/images/014/820/388/190a5997c097051b8b1f7e4525d98995.jpeg | https://turbo.kg/images/014/820/389/f1b31b6aad2f069d4dca9e8f6d29e569.jpeg | https://turbo.kg/images/014/820/390/d058927f0b6c5c2944d76104d6dd7ae1.jpeg | https://turbo.kg/images/014/820/391/b76afa802cc9b6bff379c480f5f491fa.jpeg | https://turbo.kg/images/014/820/392/20ff769efd9f2c9f59a1311a62b108b6.jpeg | https://turbo.kg/images/014/820/393/09084673c6b62ea28b2cff4dc253b7f1.jpeg
https://turbo.kg/cars/IMBhfOKF,"Chevrolet Spark IV Рестайлинг 1.0, 2019",590000,2019.0,120000.0,https://turbo.kg/images/014/820/359/c41d56fe4d9b75c6c2bcbf19a64a997c-thumb.jpg,10.0,2026-05-08T18:10:05+06:00,,2019,,1.0 л / бензин,,вариатор,,хэтчбек 5 дв.,,в наличии,рассмотрю варианты,,передний,120000 км,,,,"Ош, Ошская область",слева,хорошее,растаможен,,Кыргызстан,серебристый,590000.0,https://turbo.kg/images/014/820/359/c41d56fe4d9b75c6c2bcbf19a64a997c.jpeg | https://turbo.kg/images/014/820/360/f393a572e94fa37eab167857f58b3f6a.jpeg | https://turbo.kg/images/014/820/361/8cece5cb577d4b14dd8edcd87c5f0548.jpeg | https://turbo.kg/images/014/820/362/470d546b1c544495049222811cc2ffcf.jpeg | https://turbo.kg/images/014/820/363/b9bb0dc287c860f71b7eab377ac74658.jpeg | https://turbo.kg/images/014/820/364/ec8620d266f1e65004a0e2e4bbf0c1ce.jpeg | https://turbo.kg/images/014/820/365/ca810bcc71728817f9f0dad452e160b9.jpeg | https://turbo.kg/images/014/820/366/6cf2b57be61f8d2da78c115f6dd22d65.jpeg | https://turbo.kg/images/014/820/367/27927df172c25fa179e2c2ec9a8e9905.jpeg | https://turbo.kg/images/014/820/368/5cc75c378be30c958585bb6fe0987b47.jpeg
https://turbo.kg/cars/mPfTXrGe,"Lexus LX III Рестайлинг 2 570 5.7, 2020",7865000,2020.0,95000.0,https://turbo.kg/images/014/820/350/b7440ba4fc8d9cb3398ef74812acd441-thumb.jpg,9.0,2026-05-08T17:55:04+06:00,,2020,,5.7 л / бензин,,автомат,,внедорожник 5 дв.,,в наличии,рассмотрю варианты,,полный,95000 км,,свежепригнан,,Бишкек,слева,идеальное,растаможен,,Кыргызстан,черный,7865000.0,https://turbo.kg/images/014/820/350/b7440ba4fc8d9cb3398ef74812acd441.jpeg | https://turbo.kg/images/014/820/351/e00826058ff9ba61f455ff53fbf1a55e.jpeg | https://turbo.kg/images/014/820/352/3b11bf8d4b089bc415f86c390a7b5f6c.jpeg | https://turbo.kg/images/014/820/353/ea6a3cb84557761f1533cb7f41b8e061.jpeg | https://turbo.kg/images/014/820/354/bf3ed1b08ef2086e60df882e7afe23d2.jpeg | https://turbo.kg/images/014/820/355/c7a5491deeb1cb9e6452d8b6341e98a9.jpeg | https://turbo.kg/images/014/820/356/9efcfd9d339a7b0bfdf58a717d6ecc36.jpeg | https://turbo.kg/images/014/820/357/84bfe0457d170d18ec2d7833ec8f9ee1.jpeg | https://turbo.kg/images/014/820/358/36614f1888a3024c3ff13b90bd7f4eae.jpeg
https://turbo.kg/cars/2CmSN9md,"Toyota Venza II 2.5, 2021",1923000,2021.0,166000.0,https://turbo.kg/images/014/820/342/0e3a2b47d2f9505189964092ec3f0036-thumb.jpg,8.0,2026-05-08T17:15:04+06:00,,2021,09KG621AHV,2.5 л / гибрид,,вариатор,,внедорожник 5 дв.,,в наличии,с доплатой покупателя,,передний,166000 км,,вложений не требует,,Бишкек,слева,хорошее,растаможен,,Кыргызстан,золотистый,1923000.0,https://turbo.kg/images/014/820/342/0e3a2b47d2f9505189964092ec3f0036.jpeg | https://turbo.kg/images/014/820/343/624030e8d9cc61647a5d13789b744500.jpeg | https://turbo.kg/images/014/820/344/9afc73953c73ff042b50b3647bf43cd7.jpeg | https://turbo.kg/images/014/820/345/a0a37443698a3ad3beaeea2e7272ec67.jpeg | https://turbo.kg/images/014/820/346/9ec69f3692af892cb36712d265f22b08.jpeg | https://turbo.kg/images/014/820/347/2dfe018da6058ceb6797f5c45ebcfae2.jpeg | https://turbo.kg/images/014/820/348/f38e7d5a74f4a1179668550ce6207b5b.jpeg | https://turbo.kg/images/014/820/349/81da5b620bf9e6dd8f23fa8a28da0617.jpeg
https://turbo.kg/cars/cduWp7CB,"BMW 4 серии G22, G23, G26 425i 2.0, 2022",3015000,2022.0,80000.0,https://turbo.kg/images/014/820/184/94bfe9e64e2a4895ce89d3fe16b66ab6-thumb.jpg,12.0,2026-05-08T13:05:04+06:00,,2022,,2.0 л / бензин,,автомат,,купе,,в пути,обмен не предлагать,,задний,80000 км,,,,Россия,слева,идеальное,не растаможен,,Россия,белый,3015000.0,https://turbo.kg/images/014/820/184/94bfe9e64e2a4895ce89d3fe16b66ab6.jpeg | https://turbo.kg/images/014/820/185/a4f4191d39f388e6cb81122644c5e89f.jpeg | https://turbo.kg/images/014/820/186/3be2f944a217d714ea17a99209f7dd95.jpeg | https://turbo.kg/images/014/820/187/c10032b3d650d4a2f34afcb81e829707.jpeg | https://turbo.kg/images/014/820/188/e0b5b2f9a342b57dea7d53477030deca.jpeg | https://turbo.kg/images/014/820/189/9c202f7fa0e8975c208da70be1ffb40a.jpeg | https://turbo.kg/images/014/820/190/caafaf574a15ed1c8ca3347e088af7ce.jpeg | https://turbo.kg/images/014/820/191/2d8135cd4cf1910abbbe225a2518a92a.jpeg | https://turbo.kg/images/014/820/192/b4466a168320cb2c587bb607d0f82648.jpeg | https://turbo.kg/images/014/820/193/80813ace8964c107565f375f40ef5b97.jpeg | https://turbo.kg/images/014/820/194/cc7c315a54bebd56c4587ffe5636eb13.jpeg | https://turbo.kg/images/014/820/195/b927c582f4288e851a32f4f8a0f1946e.jpeg
https://turbo.kg/cars/uB40BrUe,"Hyundai Palisade I 2.2, 2021",2290000,2021.0,180000.0,https://turbo.kg/images/014/820/177/b7061bb9b5b39c0e05b84f6bfa9195b5-thumb.jpg,7.0,2026-05-08T12:50:04+06:00,,2021,,2.2 л / дизель,,автомат,,внедорожник 5 дв.,,в наличии,обмен не предлагать,,полный,180000 км,,свежепригнан,,Сокулук,слева,идеальное,растаможен,,Кыргызстан,серый,2290000.0,https://turbo.kg/images/014/820/177/b7061bb9b5b39c0e05b84f6bfa9195b5.jpeg | https://turbo.kg/images/014/820/178/3ce24329328045a1c3355d31bceefffb.jpeg | https://turbo.kg/images/014/820/179/c1e1a0155bab3925ec58e0b2be1b0ab1.jpeg | https://turbo.kg/images/014/820/180/440db14038b40cef4dbdfd11f78751eb.jpeg | https://turbo.kg/images/014/820/181/6c44286ce191efdf127790656c6351cd.jpeg | https://turbo.kg/images/014/820/182/4fee303ecdc379c607d4118bbd37478c.jpeg | https://turbo.kg/images/014/820/183/b8ec40d472581eb4e50b30bc95b78e5e.jpeg
https://turbo.kg/cars/tgMmDv8u,"Chevrolet Spark IV Рестайлинг 1.0, 2021",743000,2021.0,136000.0,https://turbo.kg/images/014/820/166/cc06f1ded64c966a132796ef912cd8e2-thumb.jpg,11.0,2026-05-08T11:45:04+06:00,,2021,02KG164AIE,1.0 л / бензин,,вариатор,,хэтчбек 5 дв.,,в наличии,,,передний,136000 км,,,,"Ош, Ошская область",слева,идеальное,не растаможен,,Кыргызстан,бежевый,743000.0,https://turbo.kg/images/014/820/166/cc06f1ded64c966a132796ef912cd8e2.jpeg | https://turbo.kg/images/014/820/167/691781c85785900ec63252c780982381.jpeg | https://turbo.kg/images/014/820/168/50e7016e61c640dd82add3cbb0917e9c.jpeg | https://turbo.kg/images/014/820/169/57cedbc128e3d28e212443068b890153.jpeg | https://turbo.kg/images/014/820/170/a80021c78b21ae6118e002f7000a31cb.jpeg | https://turbo.kg/images/014/820/171/039bbe1b632c491ef9a867851609eb1e.jpeg | https://turbo.kg/images/014/820/172/b073df973948324981d01ec9a3d4f8c6.jpeg | https://turbo.kg/images/014/820/173/82e4cbf8986607f1e31755a164126e0f.jpeg | https://turbo.kg/images/014/820/174/7e483be7320c23210aa31481b2807a85.jpeg | https://turbo.kg/images/014/820/175/cc6b294711a2f7f0dadd0daf8381468e.jpeg | https://turbo.kg/images/014/820/176/b0a8e83db515d520d14f6e75bbaa14f1.jpeg
https://turbo.kg/cars/n9huqOmB,"Weltmeister W6 520 Electro AT (160 кВт), 2021",1136000,2021.0,31000.0,https://turbo.kg/images/014/820/157/741862f00308b6a27eb8987cb7fab4ac-thumb.jpg,9.0,2026-05-08T11:20:08+06:00,,2021,,218 л.с. / 160 кВт / электро,,автомат,,внедорожник 5 дв.,,в наличии,обмен не предлагать,,передний,31000 км,,,,Бишкек,слева,хорошее,растаможен,,Не стоит на учёте,белый,1136000.0,https://turbo.kg/images/014/820/157/741862f00308b6a27eb8987cb7fab4ac.jpeg | https://turbo.kg/images/014/820/158/b748b1e53dc89cb1bedfa629a0f0c690.jpeg | https://turbo.kg/images/014/820/159/9b1bb28b5d4f6b57658d1ef0a8cc6dec.jpeg | https://turbo.kg/images/014/820/160/6066fec08507981524683ee48b5739cf.jpeg | https://turbo.kg/images/014/820/161/f2298eda1d5ecd9e744c9ac82c8274c6.jpeg | https://turbo.kg/images/014/820/162/58616ca6d6312e279017e0b318383d38.jpeg | https://turbo.kg/images/014/820/163/6022250c87aeaca970bbd7794b98e5ce.jpeg | https://turbo.kg/images/014/820/164/2edf85a63b7bc46c5e93c91812d64d54.jpeg | https://turbo.kg/images/014/820/165/3ff6b87d1f28340ba5bd9f5d7594988e.jpeg
https://turbo.kg/cars/rWAV4qOD,"BYD Song Plus I Рестайлинг 87.04, 2024",1547000,2024.0,40000.0,https://turbo.kg/images/014/820/145/e23d8736c4f07ab8af55192a53705f27-thumb.jpg,12.0,2026-05-08T11:20:06+06:00,,2024,,218 л.с. / 160 кВт / электро,,автомат,,внедорожник 5 дв.,,в наличии,обмен не предлагать,,передний,40000 км,,свежепригнан,,Бишкек,слева,хорошее,растаможен,,Не стоит на учёте,серый,1547000.0,https://turbo.kg/images/014/820/145/e23d8736c4f07ab8af55192a53705f27.jpeg | https://turbo.kg/images/014/820/146/ee2ea71d5d539f33232b08ac4b5f1ede.jpeg | https://turbo.kg/images/014/820/147/94c2fd6412952527f08d62f2f3bd0751.jpeg | https://turbo.kg/images/014/820/148/88dd5556cccb43fcc5a1596d0e8e8533.jpeg | https://turbo.kg/images/014/820/149/1c3ee2264d2afcf3ca9caef63cd51be5.jpeg | https://turbo.kg/images/014/820/150/139600bedb1245cd164877697b3568bc.jpeg | https://turbo.kg/images/014/820/151/c1df588ff6040ff12ea8090c88497089.jpeg | https://turbo.kg/images/014/820/152/4ac42aa5e79dd21ab90894e32906d705.jpeg | https://turbo.kg/images/014/820/153/523e3499be3bbf4ef94a6c7e04bd7b65.jpeg | https://turbo.kg/images/014/820/154/8e400c5b3304956e651e0ab55258f315.jpeg | https://turbo.kg/images/014/820/155/839cad1ed3880c90f16bd78495f560c3.jpeg | https://turbo.kg/images/014/820/156/9c9c13c5e00f3e7ce794f3ae896ad452.jpeg
https://turbo.kg/cars/zOUdsrfu,"BMW 5 серии VII (G30/G31) Рестайлинг 530i xDrive 2.0, 2022",3102000,2022.0,75000.0,https://turbo.kg/images/014/820/133/9f176cc1c51c749eb4202c4c587244b6-thumb.jpg,12.0,2026-05-08T11:20:05+06:00,,2022,406,2.0 л / бензин,,автомат,,седан,,в наличии,рассмотрю варианты,,полный,75000 км,,вложений не требует,,Бишкек,слева,идеальное,растаможен,,Кыргызстан,белый,3102000.0,https://turbo.kg/images/014/820/133/9f176cc1c51c749eb4202c4c587244b6.jpeg | https://turbo.kg/images/014/820/134/739975ecad7f17dec76c0caa77e1b65c.jpeg | https://turbo.kg/images/014/820/135/2d125c44470af24010ba3add1a8ae1dd.jpeg | https://turbo.kg/images/014/820/136/a446969c07315466beb3b4efb7c58864.jpeg | https://turbo.kg/images/014/820/137/3157306ad874ae3fe83aca8a6f0927f1.jpeg | https://turbo.kg/images/014/820/138/652414d9a51dcc961f34d5e4e8aac0c2.jpeg | https://turbo.kg/images/014/820/139/0f2cb99d5041f928a21701bf9b9cf906.jpeg | https://turbo.kg/images/014/820/140/bc9b00544f7450a1d0527eab5339b544.jpeg | https://turbo.kg/images/014/820/141/327782a2c531322c0a66f2f6d89688df.jpeg | https://turbo.kg/images/014/820/142/32dec41b8dc25b8d12eb58d1e2767d4d.jpeg | https://turbo.kg/images/014/820/143/e94c7707a156c63bfeed6e0ddd78a1f6.jpeg | https://turbo.kg/images/014/820/144/e21321ecc8f51dc178d0ff4d6eddc085.jpeg
https://turbo.kg/cars/hL9x93zz,"Lexus LX IV 600 3.5, 2023",11798000,2023.0,48280.0,https://turbo.kg/images/014/820/121/a97f89a513bee4ce6057dce51be4d999-thumb.jpg,12.0,2026-05-08T11:20:04+06:00,,2023,,3.4 л / бензин,,автомат,,внедорожник 5 дв.,,в наличии,,,полный,48280 км,,,,Бишкек,слева,идеальное,растаможен,,Не стоит на учёте,белый,11798000.0,https://turbo.kg/images/014/820/121/a97f89a513bee4ce6057dce51be4d999.jpeg | https://turbo.kg/images/014/820/122/ad418555324e682b8049ba1fb2e99f00.jpeg | https://turbo.kg/images/014/820/123/b2831761b0c18a43c0a481e2c95f0f67.jpeg | https://turbo.kg/images/014/820/124/d9d748a271480921df44eaedd4492e26.jpeg | https://turbo.kg/images/014/820/125/0ac5a2340bb87cb371de423d5bb5fa50.jpeg | https://turbo.kg/images/014/820/126/c8276492c18cb8c2ad22b89d50811d46.jpeg | https://turbo.kg/images/014/820/127/686d9042ef320722bac9a543a8f9c401.jpeg | https://turbo.kg/images/014/820/128/e1428eb6333c63761bbe4a777bfa5003.jpeg | https://turbo.kg/images/014/820/129/4ac655d36a6fe8e685e930c7a82bc8af.jpeg | https://turbo.kg/images/014/820/130/880230337c05695fd7ef66b4d117a231.jpeg | https://turbo.kg/images/014/820/131/0c4c57e575d297d3a5ebc548d714d076.jpeg | https://turbo.kg/images/014/820/132/28ae23dd2862c9cf91e7967b3c6f972d.jpeg
https://turbo.kg/cars/bZXA9ZvM,"Kia Sorento III Prime Рестайлинг 2.2, 2018",1398000,2018.0,177000.0,https://turbo.kg/images/014/820/111/0a0e10868cd2b1897db2f457bbaff2fe-thumb.jpg,10.0,2026-05-08T11:15:04+06:00,,2018,01KG101NDN,2.2 л / дизель,,автомат,,внедорожник 5 дв.,,в наличии,,,полный,177000 км,,вложений не требует,,Бишкек,слева,идеальное,растаможен,,Кыргызстан,белый,1398000.0,https://turbo.kg/images/014/820/111/0a0e10868cd2b1897db2f457bbaff2fe.jpeg | https://turbo.kg/images/014/820/112/7f955f06b638653652d41b4d9627137d.jpeg | https://turbo.kg/images/014/820/113/24e645b17f99f1f2f579bddf72a65f8a.jpeg | https://turbo.kg/images/014/820/114/3da41202210753d5bae934500fd4c3c9.jpeg | https://turbo.kg/images/014/820/115/505c51fd7774f319c39e5f846ab94b57.jpeg | https://turbo.kg/images/014/820/116/d5e8281a78a587dca92b0dd55ca9aa19.jpeg | https://turbo.kg/images/014/820/117/6140480f6d1cfbff11740b4a52ffe255.jpeg | https://turbo.kg/images/014/820/118/f5255aedf82e427282828cabb9617c36.jpeg | https://turbo.kg/images/014/820/119/1ddbce1a6f230691174a474bb4c76a89.jpeg | https://turbo.kg/images/014/820/120/b7d89fb7c705663d428a1388bbf08129.jpeg
https://turbo.kg/cars/kxX8u67D,"Hyundai Sonata VII (LF) Рестайлинг 2.0, 2018",1180000,2018.0,151000.0,https://turbo.kg/images/014/820/033/86dc0d803abde7982a447a06ac32dff1-thumb.jpg,7.0,2026-05-08T00:05:05+06:00,,2018,,2.0 л / бензин,,автомат,,седан,,в наличии,обмен не предлагать,,передний,151000 км,,,,Бишкек,слева,идеальное,растаможен,,Кыргызстан,черный,1180000.0,https://turbo.kg/images/014/820/033/86dc0d803abde7982a447a06ac32dff1.jpeg | https://turbo.kg/images/014/820/034/c9a7334d594a3bbf1721b4455cd564dc.jpeg | https://turbo.kg/images/014/820/035/3d938bc17627343644426f4de18f2ec4.jpeg | https://turbo.kg/images/014/820/036/dc39845057b338b404066ab41d50fc42.jpeg | https://turbo.kg/images/014/820/037/e2f156e49c6849238a74f6b8a2cb4136.jpeg | https://turbo.kg/images/014/820/038/c92f3270f972456ef8af72082d567c2c.jpeg | https://turbo.kg/images/014/820/039/64f4add8cf57a4f3f5317658530ac054.jpeg
https://turbo.kg/cars/CuZyu371,"BMW 5 серии VII (G30/G31) Рестайлинг 530i 2.0, 2021",3233000,2021.0,50000.0,https://turbo.kg/images/014/820/461/b4643228c677e81a3189e7a6645af5c5-thumb.jpg,5.0,2026-05-07T22:00:05+06:00,,2021,B7117L,2.0 л / бензин,,автомат,,седан,,в наличии,обмен не предлагать,,задний,50000 км,,,,Бишкек,слева,хорошее,растаможен,,Кыргызстан,серебристый,3233000.0,https://turbo.kg/images/014/820/461/b4643228c677e81a3189e7a6645af5c5.jpeg | https://turbo.kg/images/014/820/462/b90d5842fb4100d23ec01804d7e84c69.jpeg | https://turbo.kg/images/014/820/463/845111fa0235d2d84d64ef96a31c8258.jpeg | https://turbo.kg/images/014/820/464/61994e27a15a93f137ac73e92edf80d3.jpeg | https://turbo.kg/images/014/820/465/30306b15640625b811fc8235d48819ec.jpeg
https://turbo.kg/cars/ogYqm1Zs,"Kia Carnival IV 2.2, 2020",1704000,2020.0,145000.0,https://turbo.kg/images/014/820/002/59223b36f1ecc567e0e57a0c1fd32ecd-thumb.jpg,11.0,2026-05-07T22:00:04+06:00,,2020,,2.2 л / дизель,,автомат,,минивэн,,в пути,,,передний,145000 км,,,,Южная Корея,слева,идеальное,не растаможен,,Не стоит на учёте,белый,1704000.0,https://turbo.kg/images/014/820/002/59223b36f1ecc567e0e57a0c1fd32ecd.jpeg | https://turbo.kg/images/014/820/003/440ca33a8f5dced732356f57ae858d2e.jpeg | https://turbo.kg/images/014/820/004/7a011f50c5ff81db888d759b79886abc.jpeg | https://turbo.kg/images/014/820/005/0732cdd8344d40d644bb0f74cfd304e0.jpeg | https://turbo.kg/images/014/820/006/13a8580b754323178664c7b6851b7991.jpeg | https://turbo.kg/images/014/820/007/2e1167081ec516553c82bb13875cf9ff.jpeg | https://turbo.kg/images/014/820/008/1aac00e32696a0d616746081ef0a1a47.jpeg | https://turbo.kg/images/014/820/009/d7f0f23eaa2015c7fb7c8307b1b09317.jpeg | https://turbo.kg/images/014/820/010/30bb3d0dfd7229b4abe25f7f2e274821.jpeg | https://turbo.kg/images/014/820/011/f1a3d9696bf9b95d3cd650c327b2aa52.jpeg | https://turbo.kg/images/014/820/012/5e14fa13ec73308de9c3ff5a16d7a746.jpeg
https://turbo.kg/cars/8Omkeyjo,"Toyota Camry VI (XV40) 2.4, 2008",830000,2008.0,250000.0,https://turbo.kg/images/014/819/993/91fcac3162cb9a20c48c3cbc27ad2ae0-thumb.jpg,9.0,2026-05-07T21:55:04+06:00,,2008,01KG353AIJ,2.4 л / гибрид,,вариатор,,седан,,в наличии,,,передний,250000 км,,,,Бишкек,слева,хорошее,растаможен,,Кыргызстан,черный,830000.0,https://turbo.kg/images/014/819/993/91fcac3162cb9a20c48c3cbc27ad2ae0.jpeg | https://turbo.kg/images/014/819/994/37b28419f803d396ada1e9897644bba2.jpeg | https://turbo.kg/images/014/819/995/e93d01e4630ebe67d0ce4671213cca04.jpeg | https://turbo.kg/images/014/819/996/3b481da1f99876a4c8531d5a62662f57.jpeg | https://turbo.kg/images/014/819/997/67c5eec99547b89e96f88623beef0a14.jpeg | https://turbo.kg/images/014/819/998/17ff2870d7d553a841a9dd13aec25da3.jpeg | https://turbo.kg/images/014/819/999/63915da39df70d322f9c84c46325a9aa.jpeg | https://turbo.kg/images/014/820/000/a98c06321b2768ca173226e79b1c333a.jpeg | https://turbo.kg/images/014/820/001/ef9cb64690db83725a6af7893697d888.jpeg
https://turbo.kg/cars/AcN1dYz0,"Lexus LX III Рестайлинг 570 5.7, 2014",4151000,2014.0,216000.0,https://turbo.kg/images/014/819/988/2f5aa6ce5c1dfc990fd0b3324f4ae071-thumb.jpg,5.0,2026-05-07T21:30:04+06:00,,2014,,5.7 л / бензин,,автомат,,внедорожник 5 дв.,,в наличии,,,полный,216000 км,,,,Бишкек,слева,идеальное,растаможен,,Кыргызстан,белый,4151000.0,https://turbo.kg/images/014/819/988/2f5aa6ce5c1dfc990fd0b3324f4ae071.jpeg | https://turbo.kg/images/014/819/989/631c4ce222f000270ca40852f5f60421.jpeg | https://turbo.kg/images/014/819/990/3e752a3195576b55d9673dff86859cc3.jpeg | https://turbo.kg/images/014/819/991/d3f2b0287f274da1b2f029e583d545ed.jpeg | https://turbo.kg/images/014/819/992/39c82ebc5f9fa4c580aefadffc2aa1ef.jpeg
https://turbo.kg/cars/MfF3uBjG,"Chevrolet Spark IV 1.0, 2017",577000,2017.0,93500.0,https://turbo.kg/images/014/819/983/4c055ddd40ee7defbe6f93e681f7ec0e-thumb.jpg,5.0,2026-05-07T21:10:04+06:00,,2017,08KG720AQU,1.0 л / бензин,,вариатор,,хэтчбек 5 дв.,,в наличии,обмен не предлагать,,передний,93500 км,,,,Бишкек,слева,идеальное,растаможен,,Кыргызстан,серебристый,577000.0,https://turbo.kg/images/014/819/983/4c055ddd40ee7defbe6f93e681f7ec0e.jpeg | https://turbo.kg/images/014/819/984/59ee78eb82a08d34076d584872e2caeb.jpeg | https://turbo.kg/images/014/819/985/f5f4f8284eb84cf9cbbcea1230983b83.jpeg | https://turbo.kg/images/014/819/986/33d92ddd4f2b7034ebf00cbf01a0c94f.jpeg | https://turbo.kg/images/014/819/987/619dc9ca9dd7ef71ff943f13e765906c.jpeg
https://turbo.kg/cars/9t7b4fzS,"Toyota 4Runner IV 4.0, 2005",1451000,2005.0,338000.0,https://turbo.kg/images/014/819/973/e92d39589e4b52c9bfefbd24e234219a-thumb.jpg,10.0,2026-05-07T21:00:05+06:00,,2005,01KG247AZL,4.0 л / бензин,,автомат,,внедорожник 5 дв.,,в наличии,обмен не предлагать,,полный,338000 км,,вложений не требует,,Бишкек,слева,идеальное,растаможен,,Кыргызстан,серебристый,1451000.0,https://turbo.kg/images/014/819/973/e92d39589e4b52c9bfefbd24e234219a.jpeg | https://turbo.kg/images/014/819/974/6daae544800e950a3d3e861d567f18e6.jpeg | https://turbo.kg/images/014/819/975/6484f254efa87f7f472a92c5839d8bee.jpeg | https://turbo.kg/images/014/819/976/c56c10be81ef784b3cd34fda49bb3dc3.jpeg | https://turbo.kg/images/014/819/977/dd5dff8c00bc3c7a68773538eb7c166e.jpeg | https://turbo.kg/images/014/819/978/bd24d1b67896e09cefb0341c0bb97016.jpeg | https://turbo.kg/images/014/819/979/c0756950d574dd5ad8e45b904b53baed.jpeg | https://turbo.kg/images/014/819/980/3f7d563f990c1546df12c6fadf164b8d.jpeg | https://turbo.kg/images/014/819/981/228a0a1eac815a22bce8c68a5f1ced00.jpeg | https://turbo.kg/images/014/819/982/e704e6cf32b1da1ceb61ab4365145a03.jpeg
https://turbo.kg/cars/XuKRUFNf,"Toyota Brevis 2.5, 2001",349000,2001.0,120000.0,https://turbo.kg/images/014/819/959/28ab5bcd7f3ddad37c1192547ded4ffe-thumb.jpg,5.0,2026-05-07T20:35:04+06:00,,2001,08KG597AKU,2.5 л / бензин,,автомат,,седан,,в наличии,,,полный,120000 км,,,,Бишкек,слева,хорошее,растаможен,,Кыргызстан,серый,349000.0,https://turbo.kg/images/014/819/959/28ab5bcd7f3ddad37c1192547ded4ffe.jpeg | https://turbo.kg/images/014/819/960/7a545165aa0cbe4c575d8a7dd36bb5df.jpeg | https://turbo.kg/images/014/819/961/3a9c9fe724cea6fbd17c7b82d71e04a4.jpeg | https://turbo.kg/images/014/819/962/4fc88202c1d94b4ba4ae46ea648b137e.jpeg | https://turbo.kg/images/014/819/963/01f512680faec77bba746c85f01371a1.jpeg
https://turbo.kg/cars/6Dt4nNrg,"LiXiang L6 1.5, 2025",2980000,2025.0,6000.0,https://turbo.kg/images/014/819/940/5585efd5a468d38b60b9cdb909699071-thumb.jpg,9.0,2026-05-07T19:50:04+06:00,,2025,,1.5 л / гибрид,,автомат,,внедорожник 5 дв.,,в наличии,,,полный,6000 км,,,,Бишкек,слева,хорошее,растаможен,,Кыргызстан,черный,2980000.0,https://turbo.kg/images/014/819/940/5585efd5a468d38b60b9cdb909699071.jpeg | https://turbo.kg/images/014/819/941/e88614e97dbeda1a23609480806c767c.jpeg | https://turbo.kg/images/014/819/942/c0592933b9c3a6b29f723ec24e0273ce.jpeg | https://turbo.kg/images/014/819/943/3cb81679a478554d22891a4d108113f1.jpeg | https://turbo.kg/images/014/819/944/62eec5fe5921f2a8b4040cb102bc9fa5.jpeg | https://turbo.kg/images/014/819/945/c375f67069d8a920ad8efc1050fc06ad.jpeg | https://turbo.kg/images/014/819/946/0885775141a2156111aa5991b2b7eb4b.jpeg | https://turbo.kg/images/014/819/947/c684bca886ea808a7bbc019e1ca1b02e.jpeg | https://turbo.kg/images/014/819/948/762e652f7d2598b9ae3c02fdba31bd4c.jpeg
https://turbo.kg/cars/VTX6W97I,"Changan Deepal S05 1.5, 2026",1459000,2026.0,1.0,https://turbo.kg/images/014/819/930/06971de385e5173aa4949db240a2ca85-thumb.jpg,10.0,2026-05-07T19:20:05+06:00,,2026,,1.5 л / гибрид,,автомат,,внедорожник 5 дв.,,в наличии,,,задний,1 км,,,,Бишкек,слева,новое,растаможен,,Кыргызстан,черный,1459000.0,https://turbo.kg/images/014/819/930/06971de385e5173aa4949db240a2ca85.jpeg | https://turbo.kg/images/014/819/931/a849f708938e4c353695ccd46953941d.jpeg | https://turbo.kg/images/014/819/932/a459da8e425cf1791cd4d11ac38c9e4c.jpeg | https://turbo.kg/images/014/819/933/f4fafbd1e552eeba2d7e44fad6b7c08b.jpeg | https://turbo.kg/images/014/819/934/697a6991aed10044c6645151e65c2dae.jpeg | https://turbo.kg/images/014/819/935/99b12b1d948cf8d34e76792c7bce9459.jpeg | https://turbo.kg/images/014/819/936/1fdfd0caf8909fba59ba6321c4d27e1e.jpeg | https://turbo.kg/images/014/819/937/e4388af3699a1aaa7c48f9f22e3d6d9b.jpeg | https://turbo.kg/images/014/819/938/cedb64fdeae8e4f61e5051225b55b468.jpeg | https://turbo.kg/images/014/819/939/643d734d5c44a7fb1824f8dc900933f3.jpeg
https://turbo.kg/cars/DKWcZdvY,"LiXiang L6 1.5, 2025",3164000,2025.0,1.0,https://turbo.kg/images/014/819/893/687bb8bfb895bfb6aed319cf17758b64-thumb.jpg,10.0,2026-05-07T19:05:04+06:00,,2025,,1.5 л / гибрид,,автомат,,внедорожник 5 дв.,,в наличии,обмен не предлагать,,полный,1 км,,,,Бишкек,слева,новое,растаможен,,Не стоит на учёте,белый,3164000.0,https://turbo.kg/images/014/819/893/687bb8bfb895bfb6aed319cf17758b64.jpeg | https://turbo.kg/images/014/819/894/f6522dc8d9a4fa28031ddef0f4b9b4a9.jpeg | https://turbo.kg/images/014/819/895/803af57077d0af89f1ae407701e07cf7.jpeg | https://turbo.kg/images/014/819/896/909bdaf6967792ce84392e75b811175a.jpeg | https://turbo.kg/images/014/819/897/1955fbf6f041d188169c7a5ac849a798.jpeg | https://turbo.kg/images/014/819/898/9041cb780e9a9f766bbb99bbb1364361.jpeg | https://turbo.kg/images/014/819/899/9270f4c1d2aadf2058ed263771bbfd06.jpeg | https://turbo.kg/images/014/819/900/151c29ebfd01a960bff78ff88a51eb0e.jpeg | https://turbo.kg/images/014/819/901/ed1d7bd8f721e93c6016ecdd00a64f73.jpeg | https://turbo.kg/images/014/819/902/ed658b6a3eb57e7f04923c53ec495f17.jpeg
https://turbo.kg/cars/oeznXmGX,"Toyota 4Runner V Рестайлинг 4.0, 2020",4107000,2020.0,39000.0,https://turbo.kg/images/014/819/885/7f72317f4734333395b2df2d691e53d1-thumb.jpg,8.0,2026-05-07T18:30:04+06:00,,2020,,4.0 л / бензин,,автомат,,внедорожник 5 дв.,,в наличии,,,полный,39000 км,,,,Бишкек,слева,идеальное,растаможен,,Кыргызстан,зеленый,4107000.0,https://turbo.kg/images/014/819/885/7f72317f4734333395b2df2d691e53d1.jpeg | https://turbo.kg/images/014/819/886/772e7714852d9b6494a8879db432bd7b.jpeg | https://turbo.kg/images/014/819/887/df963b0c8d5d548108005496b4dfece2.jpeg | https://turbo.kg/images/014/819/888/9af023e8384977ba78e9145860fade16.jpeg | https://turbo.kg/images/014/819/889/a31c23e4971ee012a8b0b3539f8297af.jpeg | https://turbo.kg/images/014/819/890/15f077c09dd086dff65de38597e709e6.jpeg | https://turbo.kg/images/014/819/891/61fd689846aa01cc725c45876bfbda01.jpeg | https://turbo.kg/images/014/819/892/56db0613dcfeea4ec940f9b235889ca4.jpeg
https://turbo.kg/cars/iWyWLUwO,"BMW 5 серии VII (G30/G31) 520d 2.0, 2018",1704000,2018.0,162000.0,https://turbo.kg/images/014/819/877/25f4e260a8372bbaa5c1c398bf913b90-thumb.jpg,8.0,2026-05-07T17:55:05+06:00,,2018,,2.0 л / дизель,,автомат,,седан,,в наличии,рассмотрю варианты,,задний,162000 км,,,,Бишкек,слева,хорошее,растаможен,,Кыргызстан,серый,1704000.0,https://turbo.kg/images/014/819/877/25f4e260a8372bbaa5c1c398bf913b90.jpeg | https://turbo.kg/images/014/819/878/c4e4b13c019bd099c6dc439a167ac8f8.jpeg | https://turbo.kg/images/014/819/879/66d15a03988fdf676e3c19040dab248a.jpeg | https://turbo.kg/images/014/819/880/71d6a4056f10229a98cd88600341b687.jpeg | https://turbo.kg/images/014/819/881/b34f4679dd232c413f665654f44f01bb.jpeg | https://turbo.kg/images/014/819/882/b142867afe4ba4b65a026ee8d280f049.jpeg | https://turbo.kg/images/014/819/883/42038251128546d775a30442f31dbefb.jpeg | https://turbo.kg/images/014/819/884/ba7e1091be35fbdb1a8fa208646837d4.jpeg
https://turbo.kg/cars/0MP9cPfc,"Hyundai Getz I Рестайлинг 1.6, 2008",470000,2008.0,249561.0,https://turbo.kg/images/014/819/851/f2833ff88d25c8821542f0650103c4d2-thumb.jpg,6.0,2026-05-07T17:15:04+06:00,,2008,,1.6 л / бензин,,автомат,,хэтчбек 5 дв.,,в наличии,обмен не предлагать,,передний,249561 км,,,,"Базар-Коргон, Джалал-Абадская область",слева,хорошее,растаможен,,Кыргызстан,серебристый,470000.0,https://turbo.kg/images/014/819/851/f2833ff88d25c8821542f0650103c4d2.jpeg | https://turbo.kg/images/014/819/852/44a9346a3c163b9dc031440d4bc8d881.jpeg | https://turbo.kg/images/014/819/853/6a973adb0737d242bce4b1ed74d4d755.jpeg | https://turbo.kg/images/014/819/854/49f2e4bc1ea317ac340c285bbd832474.jpeg | https://turbo.kg/images/014/819/855/a0fbcf79d3cd9594685f50effad38d1f.jpeg | https://turbo.kg/images/014/819/856/554feee2012725020969e8aae727f99e.jpeg
https://turbo.kg/cars/NR3DSBbM,"BMW 5 серии VII (G30/G31) Рестайлинг 540i xDrive 3.0, 2021",3976000,2021.0,29900.0,https://turbo.kg/images/014/819/837/2fa2a07cc32e4f81703f6628ffda0c95-thumb.jpg,14.0,2026-05-07T16:55:04+06:00,,2021,,3.0 л / бензин,,автомат,,седан,,в пути,обмен не предлагать,,полный,29900 км,,,есть,Европа,слева,идеальное,не растаможен,,Не стоит на учёте,серый,3976000.0,https://turbo.kg/images/014/819/837/2fa2a07cc32e4f81703f6628ffda0c95.jpeg | https://turbo.kg/images/014/819/838/4c0decb8365235dac9f9cbc14ea2bc8e.jpeg | https://turbo.kg/images/014/819/839/705e8150be9acc65e44c71304e8327e1.jpeg | https://turbo.kg/images/014/819/840/d70cb4d4b86e25ea0bae14fc78472cc7.jpeg | https://turbo.kg/images/014/819/841/d95101fbd1d706f6b18403a2dfbe6a64.jpeg | https://turbo.kg/images/014/819/842/98dde7805da2ddc9d6c0ded7c5a77050.jpeg | https://turbo.kg/images/014/819/843/410553f68e0a4e1942d75bd122f80639.jpeg | https://turbo.kg/images/014/819/844/72e756987caae703664a4d52cc8af646.jpeg | https://turbo.kg/images/014/819/845/edfa6b751cf2b6fb946b02c292446094.jpeg | https://turbo.kg/images/014/819/846/ab713f5f7b63a1268d5cefa8370f9478.jpeg | https://turbo.kg/images/014/819/847/e70caa3ccf33b16e1219742181eb1c0f.jpeg | https://turbo.kg/images/014/819/848/fccc54baab995a3eae9fa274b88e90a4.jpeg | https://turbo.kg/images/014/819/849/941b328f404c6e30efc50b895ba1e215.jpeg | https://turbo.kg/images/014/819/850/f14dcf826d4cd10c4b46b1429a6a0630.jpeg
https://turbo.kg/cars/BheaH5na,"BMW 3 серии III (E36) 318i 1.8, 1994",95000,1994.0,124262.0,https://turbo.kg/images/014/819/834/a871f6e9db1b8d14e72fd8514e6dc51b-thumb.jpg,3.0,2026-05-07T16:50:05+06:00,,1994,,1.8 л / бензин,,механика,,седан,,в наличии,рассмотрю варианты,,задний,124262 км,,,,"Ош, Ошская область",слева,хорошее,растаможен,,Кыргызстан,зеленый,95000.0,https://turbo.kg/images/014/819/834/a871f6e9db1b8d14e72fd8514e6dc51b.jpeg | https://turbo.kg/images/014/819/835/73cd747efa419b736d8fb3b6fde9e9ba.jpeg | https://turbo.kg/images/014/819/836/6e9322aa96c5b14b002f5a066fdb14b9.jpeg
https://turbo.kg/cars/EDyIgLnY,"Honda CR-V V Рестайлинг 1.5, 2020",1359000,2020.0,50620.0,https://turbo.kg/images/014/819/816/23e53daf1a75d0b5cf45c6f1b352272f-thumb.jpg,9.0,2026-05-07T16:20:05+06:00,2HK**************,2020,,1.5 л / бензин,,вариатор,,внедорожник 5 дв.,,в наличии,рассмотрю варианты,,полный,50620 км,,,,Бишкек,слева,хорошее,растаможен,,Кыргызстан,серый,1359000.0,https://turbo.kg/images/014/819/816/23e53daf1a75d0b5cf45c6f1b352272f.jpeg | https://turbo.kg/images/014/819/817/b646d390717afde87df444141d0da602.jpeg | https://turbo.kg/images/014/819/818/caba5199ba9e75e0320cf94af33dc7a2.jpeg | https://turbo.kg/images/014/819/819/de2e78ba4cc43ae747325b6cf365ba40.jpeg | https://turbo.kg/images/014/819/820/290518dca1424e354674c9ef1b44184a.jpeg | https://turbo.kg/images/014/819/821/c0ec56e5eccbaca7d9dbd3c09346ff24.jpeg | https://turbo.kg/images/014/819/822/1b0874fe4517901b59223fc2e0a4287b.jpeg | https://turbo.kg/images/014/819/823/20402e726f261d48f1edc62e82774521.jpeg | https://turbo.kg/images/014/819/824/76334799656bf86f0953aae328f2f145.jpeg
https://turbo.kg/cars/9hRQJMPk,"SsangYong Rexton Sports I Khan 2.2, 2020",1381000,2020.0,130000.0,https://turbo.kg/images/014/820/727/3a782700ea52d1f3ab22fd1cd04bf176-thumb.jpg,12.0,2026-05-07T16:15:04+06:00,,2020,,2.2 л / дизель,,автомат,,пикап двойная кабина,,в наличии,,,полный,130000 км,,"свежепригнан, налог уплачен, техосмотр пройден, вложений не требует",,"Ош, Ошская область",слева,идеальное,растаможен,,Кыргызстан,белый,1381000.0,https://turbo.kg/images/014/820/727/3a782700ea52d1f3ab22fd1cd04bf176.jpeg | https://turbo.kg/images/014/820/728/297dc2a959535dc2851e257343de03c3.jpeg | https://turbo.kg/images/014/820/729/e707e6adeff7a2ed2c723e3fef78dbb9.jpeg | https://turbo.kg/images/014/820/730/539eaa3aae368eec49dd15720655b313.jpeg | https://turbo.kg/images/014/820/731/5c2330c8fca6917084366871f677e018.jpeg | https://turbo.kg/images/014/820/732/3bc0c078ac2a96a0ccc885d437dc77a6.jpeg | https://turbo.kg/images/014/820/733/67007fd086ebecfbfc5e76ba99030c40.jpeg | https://turbo.kg/images/014/820/734/eb3b2db1c735a2ad97e55f44d9674e91.jpeg | https://turbo.kg/images/014/820/735/ad05c146c4bd53ae9224dde0c353425a.jpeg | https://turbo.kg/images/014/820/736/0cd17dc6e942bea3f957e673f64189fd.jpeg | https://turbo.kg/images/014/820/737/04d109f56e7915b7c31c2a10121173fc.jpeg | https://turbo.kg/images/014/820/738/903dd374df055ccdfccf70a03ccfab37.jpeg
https://turbo.kg/cars/7advceNO,"Kia Sorento IV 2.2, 2021",1800000,2021.0,175500.0,https://turbo.kg/images/014/819/699/166135901d88087795d126519dfc36ec-thumb.jpg,9.0,2026-05-07T12:05:04+06:00,,2021,,2.2 л / дизель,,робот,,внедорожник 5 дв.,,в наличии,,,передний,175500 км,,,есть,Бишкек,слева,хорошее,растаможен,,Кыргызстан,белый,1800000.0,https://turbo.kg/images/014/819/699/166135901d88087795d126519dfc36ec.jpeg | https://turbo.kg/images/014/819/700/3fdda97de510767995bf60050398af29.jpeg | https://turbo.kg/images/014/819/701/08a5c9e677ff394765865e01de6e7e97.jpeg | https://turbo.kg/images/014/819/702/20811cd4a6e50b8c81c0560ae9aca967.jpeg | https://turbo.kg/images/014/819/703/f0cf53a6834def13c211a64aef9f2c58.jpeg | https://turbo.kg/images/014/819/704/e8b2f03d33fb1fa71eed01c60c3f77eb.jpeg | https://turbo.kg/images/014/819/705/06af70b31208b4879a57e968aa543e90.jpeg | https://turbo.kg/images/014/819/706/cf4f00430f12c9b305c0156ffb659787.jpeg | https://turbo.kg/images/014/819/707/28c6c1f0502d053c12a44c7b15b38323.jpeg
https://turbo.kg/cars/3HgGlx0H,"Toyota Harrier II (XU30) 3.3, 2005",1416000,2005.0,210000.0,https://turbo.kg/images/014/819/693/a3900fc65c7c80bd2e2362d47615d024-thumb.jpg,6.0,2026-05-07T11:15:04+06:00,,2005,,3.3 л / гибрид,,вариатор,,внедорожник 5 дв.,,в наличии,,,полный,210000 км,,,,Бишкек,справа,идеальное,растаможен,,Кыргызстан,белый,1416000.0,https://turbo.kg/images/014/819/693/a3900fc65c7c80bd2e2362d47615d024.jpeg | https://turbo.kg/images/014/819/694/f5f96944143a0a96d2d6b17a877c38c2.jpeg | https://turbo.kg/images/014/819/695/acde42639af54a17fa6944e99e0b7a7e.jpeg | https://turbo.kg/images/014/819/696/65eba6f2a1ac595f28f86942861ba2dd.jpeg | https://turbo.kg/images/014/819/697/3696f1d95c4f54754970304b69b94dcc.jpeg | https://turbo.kg/images/014/819/698/c25534ef006a9bc71449c317739257f1.jpeg
https://turbo.kg/cars/Uqlfyi1l,"Tesla Model Y I Standard Electro AT (150 кВт), 2023",1835000,2023.0,33000.0,https://turbo.kg/images/014/819/682/737d32072a93451797020de5d1f38c2a-thumb.jpg,11.0,2026-05-07T11:10:04+06:00,,2023,,204 л.с. / 150 кВт / электро,,автомат,,внедорожник 5 дв.,,в наличии,,,задний,33000 км,,,,Бишкек,слева,хорошее,растаможен,,Кыргызстан,белый,1835000.0,https://turbo.kg/images/014/819/682/737d32072a93451797020de5d1f38c2a.jpeg | https://turbo.kg/images/014/819/683/180c903d4debfce0679817a15c962cfd.jpeg | https://turbo.kg/images/014/819/684/4c38323dad3b78aeaff179fdb72999eb.jpeg | https://turbo.kg/images/014/819/685/6799f495a1c2476a6ea31d2ecacae1fe.jpeg | https://turbo.kg/images/014/819/686/0bfc452fddf06c153a490fab7835a0fa.jpeg | https://turbo.kg/images/014/819/687/0db04bfa08351b25a294861a3f0a6585.jpeg | https://turbo.kg/images/014/819/688/de3aad16e0c7160157ed4b4772a107d3.jpeg | https://turbo.kg/images/014/819/689/08b7b5dac4880c8f52bf3cb6d1c35343.jpeg | https://turbo.kg/images/014/819/690/232520a803992f52b762436fc0e55983.jpeg | https://turbo.kg/images/014/819/691/1e88a4e32cfd2f1df6a76bb53e976b0b.jpeg | https://turbo.kg/images/014/819/692/8c58f01a567960021a2665f4baa240b2.jpeg
https://turbo.kg/cars/RzMJANvj,"BMW X7 I (G07) 40i 3.0, 2019",4186000,2019.0,136000.0,https://turbo.kg/images/014/819/672/fd80812a6b629855571cb763dd7ddbdf-thumb.jpg,10.0,2026-05-07T10:55:04+06:00,,2019,01KG266AVA,3.0 л / бензин,,автомат,,внедорожник 5 дв.,,в наличии,обмен не предлагать,,полный,136000 км,,вложений не требует,,Бишкек,слева,идеальное,растаможен,,Кыргызстан,белый,4186000.0,https://turbo.kg/images/014/819/672/fd80812a6b629855571cb763dd7ddbdf.jpeg | https://turbo.kg/images/014/819/673/987baf1b4202d0edcc88fa9a3838de56.jpeg | https://turbo.kg/images/014/819/674/f2aac80801c8eda16ebd840fe4da99cb.jpeg | https://turbo.kg/images/014/819/675/1665b2f2e46508b9ca396e96e4db5cca.jpeg | https://turbo.kg/images/014/819/676/ff6ff4e7809d3169e53d7aac5c6b5b55.jpeg | https://turbo.kg/images/014/819/677/24644afe6216bb352553119a8f96b26a.jpeg | https://turbo.kg/images/014/819/678/a202b027590604d3c9734ef5fd4040fb.jpeg | https://turbo.kg/images/014/819/679/c5b94ffc60143d931638338d00b66544.jpeg | https://turbo.kg/images/014/819/680/3762f4b0fd6836d57d51db9a5524cc23.jpeg | https://turbo.kg/images/014/819/681/53394a1ec94cdaf9c72699840e4f31f6.jpeg
https://turbo.kg/cars/gHv2w3GZ,"Toyota Camry VIII (XV70) Рестайлинг 2.5, 2021",1451000,2021.0,182000.0,https://turbo.kg/images/014/819/666/a27314e06f930a837534b0e370137b61-thumb.jpg,6.0,2026-05-07T10:15:05+06:00,4t1**************,2021,,2.5 л / бензин,,автомат,,седан,,в наличии,рассмотрю варианты,,передний,182000 км,,,,Бишкек,слева,хорошее,растаможен,,Кыргызстан,серый,1451000.0,https://turbo.kg/images/014/819/666/a27314e06f930a837534b0e370137b61.jpeg | https://turbo.kg/images/014/819/667/136ce65d57df7d440fcbf6955b0e3711.jpeg | https://turbo.kg/images/014/819/668/166af4519e0e0aad4b74460fe5336523.jpeg | https://turbo.kg/images/014/819/669/8552cd8aa89d4b1d06a37afffaa50fad.jpeg | https://turbo.kg/images/014/819/670/96675bbda23e9c77e30a33f7b9edbb39.jpeg | https://turbo.kg/images/014/819/671/57cbe6b4c3642163386b7e3e5de88adf.jpeg
https://turbo.kg/cars/CYIoJTPt,"Lexus ES VII Рестайлинг 300h 2.5, 2023",3408000,2023.0,49000.0,https://turbo.kg/images/014/819/526/9edf93f24ca3a6ed2896eef540d1f7e6-thumb.jpg,12.0,2026-05-06T21:55:04+06:00,,2023,,2.5 л / гибрид,,вариатор,,седан,,в наличии,рассмотрю варианты,,передний,49000 км,,,,Бишкек,слева,идеальное,растаможен,,Кыргызстан,серый,3408000.0,https://turbo.kg/images/014/819/526/9edf93f24ca3a6ed2896eef540d1f7e6.jpeg | https://turbo.kg/images/014/819/527/7e658f917ed621dd98ba4f08dcfbec69.jpeg | https://turbo.kg/images/014/819/528/b71356250f19dec930567cbb5d49a909.jpeg | https://turbo.kg/images/014/819/529/01778b938ae37f766da3348447293ea0.jpeg | https://turbo.kg/images/014/819/530/de20b976697710f382cdef8a6372b0e6.jpeg | https://turbo.kg/images/014/819/531/face3378fdef239097a2c8ffeefd4451.jpeg | https://turbo.kg/images/014/819/532/a50105cc334d4ca6bb3ac7fa9fcecac1.jpeg | https://turbo.kg/images/014/819/533/66ee8462812b6a60946ea8f49c4b81bc.jpeg | https://turbo.kg/images/014/819/534/29db47d0e5e7d86f5f9ac6021384dd1f.jpeg | https://turbo.kg/images/014/819/535/436f234a6513aa9dd9d12162726db26c.jpeg | https://turbo.kg/images/014/819/536/786485126c0351b87930f776a1b128bb.jpeg | https://turbo.kg/images/014/819/537/025c24377dfeb6d9f9f61cddf3eb4678.jpeg
https://turbo.kg/cars/yOTVJQm7,"Subaru Forester III Рестайлинг 2.5, 2012",813000,2012.0,180000.0,https://turbo.kg/images/014/819/516/7a9c9a5c92e06dac043033a56ffaef80-thumb.jpg,10.0,2026-05-06T21:40:04+06:00,,2012,01KG654AIW,2.5 л / бензин,,автомат,,внедорожник 5 дв.,,в наличии,обмен не предлагать,,полный,180000 км,,,,Бишкек,слева,хорошее,растаможен,,Кыргызстан,серебристый,813000.0,https://turbo.kg/images/014/819/516/7a9c9a5c92e06dac043033a56ffaef80.jpeg | https://turbo.kg/images/014/819/517/01d3c889ba88bc8eab03e1b42eadb514.jpeg | https://turbo.kg/images/014/819/518/d874bc63e96f13a9288f792ed893cf39.jpeg | https://turbo.kg/images/014/819/519/f7d8f3923c053f926f275f10c42d39a5.jpeg | https://turbo.kg/images/014/819/520/81cd9cfb9c32c3c9c8c04a703093691e.jpeg | https://turbo.kg/images/014/819/521/00f338363740cc5b5a56679c7518248a.jpeg | https://turbo.kg/images/014/819/522/3acc39119c6d8e08bd0555a50feff246.jpeg | https://turbo.kg/images/014/819/523/ceee51bfddf33d426663981e44e21bb4.jpeg | https://turbo.kg/images/014/819/524/b13d4dbdbac60ab9490704d0fd72e6e6.jpeg | https://turbo.kg/images/014/819/525/e43cf1405a9be2130213d9c57346875a.jpeg
https://turbo.kg/cars/y8u9mkPk,"BMW 5 серии VII (G30/G31) Рестайлинг 530i 2.0, 2021",2604000,2021.0,141000.0,https://turbo.kg/images/014/819/495/2a99d48a0e20bc071f19bf3fb8d879ac-thumb.jpg,12.0,2026-05-06T21:15:07+06:00,,2021,,2.0 л / бензин,,автомат,,седан,,в наличии,с доплатой продавца,,задний,141000 км,,"свежепригнан, налог уплачен, техосмотр пройден, вложений не требует",,Бишкек,слева,идеальное,растаможен,,Кыргызстан,белый,2604000.0,https://turbo.kg/images/014/819/495/2a99d48a0e20bc071f19bf3fb8d879ac.jpeg | https://turbo.kg/images/014/819/496/e471a2c06595996b187c064ac800b4a3.jpeg | https://turbo.kg/images/014/819/497/f33711cf75d9edd7a51052f868b7b700.jpeg | https://turbo.kg/images/014/819/498/9b57803dee9c04f5a3309ef96f92023e.jpeg | https://turbo.kg/images/014/819/499/9eec9b10853a15a69359af070a33483c.jpeg | https://turbo.kg/images/014/819/500/53b772602958ed4e95e95ce0f97b2c21.jpeg | https://turbo.kg/images/014/819/501/be6e19d2422148cc59fc3f170bd3dfb2.jpeg | https://turbo.kg/images/014/819/502/45501897feb20b2d1c9f65f02e79c971.jpeg | https://turbo.kg/images/014/819/503/2166e84a310f3ff12c3f38de22af90b0.jpeg | https://turbo.kg/images/014/819/504/8e36229dbb6a1bddb0301e94269c0d28.jpeg | https://turbo.kg/images/014/819/505/a9d73b00697ae704f22567c82b6b645c.jpeg | https://turbo.kg/images/014/819/506/6ce52443a0c07121c8aaaf663e5897c2.jpeg
https://turbo.kg/cars/pdfYbzxo,"Lexus RZ 450e Electro AT (230 кВт) 4WD, 2023",2561000,2023.0,46000.0,https://turbo.kg/images/014/819/484/796e56b5ee7f621575e7e081204f2aae-thumb.jpg,11.0,2026-05-06T21:15:06+06:00,,2023,,313 л.с. / 230 кВт / электро,,автомат,,внедорожник 5 дв.,,в наличии,обмен не предлагать,,полный,46000 км,,"свежепригнан, налог уплачен, техосмотр пройден, вложений не требует",,Бишкек,слева,идеальное,растаможен,,Кыргызстан,серый,2561000.0,https://turbo.kg/images/014/819/484/796e56b5ee7f621575e7e081204f2aae.jpeg | https://turbo.kg/images/014/819/485/c2df80cf6f56e28e722c024c5f87b357.jpeg | https://turbo.kg/images/014/819/486/5cf5d7037d552c35d3b1456935a438cd.jpeg | https://turbo.kg/images/014/819/487/dfaee7b5571d6936ac221aa6efe0376c.jpeg | https://turbo.kg/images/014/819/488/7f5957b7363e0b621b06077fec874329.jpeg | https://turbo.kg/images/014/819/489/2a4b2c83f3bc1b2eb04068f5f70f0cea.jpeg | https://turbo.kg/images/014/819/490/f512abcace1bc2d0256aa79b9f359058.jpeg | https://turbo.kg/images/014/819/491/a915cde536f2581ef94a8d3c775ec490.jpeg | https://turbo.kg/images/014/819/492/069584e3e673403535bb6a6f00a5f0d9.jpeg | https://turbo.kg/images/014/819/493/a4d261df8e3a00f3367fbe8da1b70023.jpeg | https://turbo.kg/images/014/819/494/85c43a13a01d848b5e8590a66520a4eb.jpeg
https://turbo.kg/cars/JsG6JImE,"Subaru Ascent I 2.4, 2021",1800000,2021.0,137000.0,https://turbo.kg/images/014/819/473/7fe45e4db01c9f70fc6eb2459bcbaa92-thumb.jpg,11.0,2026-05-06T21:00:05+06:00,4S4**************,2021,,2.4 л / бензин,,вариатор,,внедорожник 5 дв.,,в наличии,обмен не предлагать,,полный,137000 км,,"свежепригнан, налог уплачен, техосмотр пройден, вложений не требует",,Бишкек,слева,идеальное,растаможен,,Кыргызстан,белый,1800000.0,https://turbo.kg/images/014/819/473/7fe45e4db01c9f70fc6eb2459bcbaa92.jpeg | https://turbo.kg/images/014/819/474/e1c3e1456d8bbbd6c7ac032308b8d36d.jpeg | https://turbo.kg/images/014/819/475/17092a438cc8568c4bf3dd9eb4b6fd02.jpeg | https://turbo.kg/images/014/819/476/8b618cecf6151c4494a174cb356815aa.jpeg | https://turbo.kg/images/014/819/477/eae6f44f17d4363f13a39bbfc983d619.jpeg | https://turbo.kg/images/014/819/478/26e9460e2a88b4293ba9a235f6ee0f3b.jpeg | https://turbo.kg/images/014/819/479/b35e2d223671f87d7a2aec9bdd388b35.jpeg | https://turbo.kg/images/014/819/480/cb052ab01def63c055054c7a6578183f.jpeg | https://turbo.kg/images/014/819/481/d8107f25d7e1101d1f570374c22aad63.jpeg | https://turbo.kg/images/014/819/482/a31ff5422ffb4e231de6f5ecbbb7ac20.jpeg | https://turbo.kg/images/014/819/483/15fd3189c7f25fc85a1aa1dfa1f00055.jpeg
https://turbo.kg/cars/UhNcdeKp,"BMW X3 IV (G45/G48) 30L xDrive 2.0, 2025",6117000,2025.0,5.0,https://turbo.kg/images/014/819/471/f089d51a30e39f786ff07d8335d5238c-thumb.jpg,2.0,2026-05-06T20:35:04+06:00,,2025,,2.0 л / бензин,,автомат,,внедорожник 5 дв.,,на заказ,обмен не предлагать,,полный,5 км,,,,Китай,слева,новое,не растаможен,,Не стоит на учёте,серый,6117000.0,https://turbo.kg/images/014/819/471/f089d51a30e39f786ff07d8335d5238c.jpeg | https://turbo.kg/images/014/819/472/514e545ebb28ada647f2e6f0dbc27259.jpeg
https://turbo.kg/cars/iyWJp5PX,"Kia Sorento III Prime Рестайлинг 2.2, 2019",1617000,2019.0,195000.0,https://turbo.kg/images/014/819/459/c98873f0af603be21cbc5c459222ed49-thumb.jpg,12.0,2026-05-06T19:40:05+06:00,,2019,,2.2 л / дизель,,автомат,,внедорожник 5 дв.,,в наличии,рассмотрю варианты,,полный,195000 км,,"вложений не требует, техосмотр пройден, налог уплачен",,Бишкек,слева,идеальное,растаможен,,Кыргызстан,белый,1617000.0,https://turbo.kg/images/014/819/459/c98873f0af603be21cbc5c459222ed49.jpeg | https://turbo.kg/images/014/819/460/05b066434970cfe1c66068669a2c0d65.jpeg | https://turbo.kg/images/014/819/461/34245da08a58ff85a5d1ffaaf352d65c.jpeg | https://turbo.kg/images/014/819/462/e7be8b8d607477f54c97c9834330623a.jpeg | https://turbo.kg/images/014/819/463/b018b839f3f9d0059aadb595c53abc2e.jpeg | https://turbo.kg/images/014/819/464/3a6b79ddafdbd4f3a58630ea59b2abc1.jpeg | https://turbo.kg/images/014/819/465/8ee9fde36f856e578488e6ebc65d1762.jpeg | https://turbo.kg/images/014/819/466/0ad654a7ecf17339e5a05074262b8142.jpeg | https://turbo.kg/images/014/819/467/1bcd10a5f8a91d3aff99fcdc6ef60482.jpeg | https://turbo.kg/images/014/819/468/bfa40de291f973f77016734dc66b762a.jpeg | https://turbo.kg/images/014/819/469/5d04a78ebd8c3902d521097ddd99601a.jpeg | https://turbo.kg/images/014/819/470/5a2d0c4e09b381e722cab44760189f05.jpeg
https://turbo.kg/cars/mTPCISBp,"BMW X3 IV (G45/G48) 30L xDrive 2.0, 2025",5689000,2025.0,5.0,https://turbo.kg/images/014/819/456/f1c167cb2e7a32cdf043acba891864a7-thumb.jpg,3.0,2026-05-06T19:30:04+06:00,,2025,,2.0 л / бензин,,автомат,,внедорожник 5 дв.,,на заказ,,,полный,5 км,,,,Китай,слева,новое,не растаможен,,Не стоит на учёте,черный,5689000.0,https://turbo.kg/images/014/819/456/f1c167cb2e7a32cdf043acba891864a7.jpeg | https://turbo.kg/images/014/819/457/c70db988a9a4182860242470421bf4cd.jpeg | https://turbo.kg/images/014/819/458/92ea3370869b82b46d58164592386e70.jpeg
https://turbo.kg/cars/UIGa4XLw,"BMW X7 I (G07) 40i 3.0, 2019",3365000,2019.0,129000.0,https://turbo.kg/images/014/819/444/bc1f162717658995341f3a3fd3a7cf04-thumb.jpg,12.0,2026-05-06T19:15:04+06:00,,2019,,3.0 л / бензин,,автомат,,внедорожник 5 дв.,,в наличии,рассмотрю варианты,,полный,129000 км,,вложений не требует,,Бишкек,слева,идеальное,растаможен,,Кыргызстан,черный,3365000.0,https://turbo.kg/images/014/819/444/bc1f162717658995341f3a3fd3a7cf04.jpeg | https://turbo.kg/images/014/819/445/5caa2b6b6987b9712d349af8d50da437.jpeg | https://turbo.kg/images/014/819/446/0f22cfe6b64429486f6de55981086bde.jpeg | https://turbo.kg/images/014/819/447/03e727f39b03a1c2f5e6e0b3de5caac0.jpeg | https://turbo.kg/images/014/819/448/e3270b7013d951fc736f246f4a7e879d.jpeg | https://turbo.kg/images/014/819/449/0a100100bf032d9b5e4076e3c31728a1.jpeg | https://turbo.kg/images/014/819/450/94cd8573448ae81d71fa7eb65a1f4af9.jpeg | https://turbo.kg/images/014/819/451/9d6cca8291a1df9562d7efd1e5af4422.jpeg | https://turbo.kg/images/014/819/452/51860bd42bc984868024c85bd0c3487d.jpeg | https://turbo.kg/images/014/819/453/658fd99466d04a0ff48f3445deb60c2e.jpeg | https://turbo.kg/images/014/819/454/634926742de3f8dd21e997223277bdc9.jpeg | https://turbo.kg/images/014/819/455/361ac77577aca433b65655e65beac88f.jpeg
https://turbo.kg/cars/5tlyFxsD,"Honda Stepwgn II Рестайлинг Spada 2.4, 2005",856000,2005.0,244000.0,https://turbo.kg/images/014/819/429/51960f5de5818297605bdef1fe42999b-thumb.jpg,6.0,2026-05-06T19:05:04+06:00,,2005,,2.4 л / бензин,,автомат,,минивэн,,в наличии,,,передний,244000 км,,,,Бишкек,справа,хорошее,растаможен,,Кыргызстан,белый,856000.0,https://turbo.kg/images/014/819/429/51960f5de5818297605bdef1fe42999b.jpeg | https://turbo.kg/images/014/819/430/7342d454840f3f6fe1c1cf3e02bde653.jpeg | https://turbo.kg/images/014/819/431/172d97276ead58e921503d5042636216.jpeg | https://turbo.kg/images/014/819/432/4970be6b0b967cbd5982b98d14883615.jpeg | https://turbo.kg/images/014/819/433/72bc23a9f5b859965dbad87d24181ca4.jpeg | https://turbo.kg/images/014/819/434/19c0036e2c8a92eb3cc7fe4d875aae14.jpeg
https://turbo.kg/cars/GX8hLNSh,"Hyundai Solaris I Рестайлинг 1.4, 2016",481000,2016.0,500000.0,https://turbo.kg/images/014/819/423/ba867cd413a3b0e9a46f466d71758fe1-thumb.jpg,6.0,2026-05-06T19:00:04+06:00,,2016,,1.4 л / бензин,,автомат,,седан,,в наличии,,,передний,500000 км,,,,Бишкек,слева,хорошее,растаможен,,Кыргызстан,белый,481000.0,https://turbo.kg/images/014/819/423/ba867cd413a3b0e9a46f466d71758fe1.jpeg | https://turbo.kg/images/014/819/424/3cb37441d4d83c97f0e3e8529f32b50a.jpeg | https://turbo.kg/images/014/819/425/5929a0aba149afb4052fa11d5ed6bc13.jpeg | https://turbo.kg/images/014/819/426/d90adde5b44a5de1049187e4202aa48c.jpeg | https://turbo.kg/images/014/819/427/86e4ccba815817cde3de54922f35772b.jpeg | https://turbo.kg/images/014/819/428/eb5a5846a69646231e264fdb94fc0d94.jpeg
https://turbo.kg/cars/JThZTDiM,"Land Rover Range Rover IV Рестайлинг Long 5.0, 2018",4370000,2018.0,105000.0,https://turbo.kg/images/014/819/412/65b06ba0e88f40aa63e2e52b8eaa25cf-thumb.jpg,11.0,2026-05-06T18:35:04+06:00,,2018,,5.0 л / бензин,,автомат,,внедорожник 5 дв.,,в наличии,,,полный,105000 км,,"налог уплачен, вложений не требует",,Бишкек,слева,хорошее,растаможен,,Кыргызстан,черный,4370000.0,https://turbo.kg/images/014/819/412/65b06ba0e88f40aa63e2e52b8eaa25cf.jpeg | https://turbo.kg/images/014/819/413/14fe97966010edf0167c39933422b99a.jpeg | https://turbo.kg/images/014/819/414/7aa0d8612847802e98abce8cbb3e85a7.jpeg | https://turbo.kg/images/014/819/415/04de47753b15f182ffdbbb6506ff5def.jpeg | https://turbo.kg/images/014/819/416/3d79ff982ee7efc031d8eb18f7f24a14.jpeg | https://turbo.kg/images/014/819/417/fb6fb1ffbca2cecbaac8f2960791294e.jpeg | https://turbo.kg/images/014/819/418/867e8d32a20421214b4b995f89afc40c.jpeg | https://turbo.kg/images/014/819/419/e3dcc435b595203b5a3be4adf2d1220c.jpeg | https://turbo.kg/images/014/819/420/c5b1480296f5096ae879f0ec4a1970fb.jpeg | https://turbo.kg/images/014/819/421/6b717574ff5a286aeeb1e760e41d6109.jpeg | https://turbo.kg/images/014/819/422/2278b1eb6a94686e73e8d573d8365bd8.jpeg
https://turbo.kg/cars/o8XUafHL,"BMW 5 серии VII (G30/G31) 530i 2.0, 2020",2491000,2020.0,100000.0,https://turbo.kg/images/014/819/371/e199ee0e234da41d57d5fb82c2a763cb-thumb.jpg,12.0,2026-05-06T17:45:05+06:00,,2020,,2.0 л / бензин,,автомат,,седан,,в наличии,обмен не предлагать,,задний,100000 км,,"свежепригнан, налог уплачен, техосмотр пройден, вложений не требует",,Бишкек,слева,идеальное,растаможен,,Не стоит на учёте,белый,2491000.0,https://turbo.kg/images/014/819/371/e199ee0e234da41d57d5fb82c2a763cb.jpeg | https://turbo.kg/images/014/819/372/c6f77aa83f6b351059a03e5b25435e1a.jpeg | https://turbo.kg/images/014/819/373/a91a22134478f2eb76d797016999b025.jpeg | https://turbo.kg/images/014/819/374/449759843370d298e53f8fa41f547c1b.jpeg | https://turbo.kg/images/014/819/375/a46dd06bcbae539cad0b336faac897f4.jpeg | https://turbo.kg/images/014/819/376/5b5503a559876aae06d919f9e7ca204c.jpeg | https://turbo.kg/images/014/819/377/e7f16ff352fd18faed0e28cfe844ec5e.jpeg | https://turbo.kg/images/014/819/378/e98b8e5ab626c8ed0d4d38599a282d8a.jpeg | https://turbo.kg/images/014/819/379/7a7944f3d51a0e6be265b58acaa8e48e.jpeg | https://turbo.kg/images/014/819/380/5f8179341ad902fd4f0f3f56376e330e.jpeg | https://turbo.kg/images/014/819/381/5bed84d63316ee2e9bc6b352db7b11e6.jpeg | https://turbo.kg/images/014/819/382/19c2e4ca84b247e1d7adbbb637f6685f.jpeg
https://turbo.kg/cars/CGuuIlfb,"SsangYong Rexton IV 2.2, 2019",1503000,2019.0,150000.0,https://turbo.kg/images/014/819/383/9ad5dbd844eb96b1c41ee264b1ff1226-thumb.jpg,12.0,2026-05-06T17:45:05+06:00,,2019,04KG519APO,2.2 л / дизель,,автомат,,внедорожник 5 дв.,,в наличии,обмен не предлагать,,полный,150000 км,,"налог уплачен, техосмотр пройден, вложений не требует, свежепригнан",,Бишкек,слева,хорошее,растаможен,,Кыргызстан,черный,1503000.0,https://turbo.kg/images/014/819/383/9ad5dbd844eb96b1c41ee264b1ff1226.jpeg | https://turbo.kg/images/014/819/384/062ca99c6ead53dc8382704cb480265a.jpeg | https://turbo.kg/images/014/819/385/f3150826f9a7b493e4f301d58ef1e27e.jpeg | https://turbo.kg/images/014/819/386/39e0cf08112397551c5a903a4d1b165e.jpeg | https://turbo.kg/images/014/819/387/80284052b838e5d06f9bba4287ed7072.jpeg | https://turbo.kg/images/014/819/388/829096d65340a7b1ab7e9d7a76823a4a.jpeg | https://turbo.kg/images/014/819/389/2b77e21941734e46be0f103025197b41.jpeg | https://turbo.kg/images/014/819/390/480cfac4e318cd0465556cfa8c6a244e.jpeg | https://turbo.kg/images/014/819/391/db4eeb0aa79262b48b6b45de993da073.jpeg | https://turbo.kg/images/014/819/392/cf506c4ae51c565a0ee587aa4c7ef768.jpeg | https://turbo.kg/images/014/819/393/3d0673ccf6f379c963e1f91bc4f7447a.jpeg | https://turbo.kg/images/014/819/394/4d993e25ae1bfed920b3a86d9db70e18.jpeg
https://turbo.kg/cars/KDnhZl8F,"Mercedes-Benz C-Класс III (W204) 350 3.5, 2007",1180000,2007.0,200000.0,https://turbo.kg/images/014/819/363/f365d0c5781eb5776e9881969832bec4-thumb.jpg,8.0,2026-05-06T17:35:04+06:00,,2007,01KG221AKE,3.5 л / бензин,,автомат,,седан,,в наличии,рассмотрю варианты,,задний,200000 км,,,,Бишкек,слева,хорошее,растаможен,,Кыргызстан,черный,1180000.0,https://turbo.kg/images/014/819/363/f365d0c5781eb5776e9881969832bec4.jpeg | https://turbo.kg/images/014/819/364/f91f209ffdf1360d3a74f5d2909f2328.jpeg | https://turbo.kg/images/014/819/365/647ac483ebfd04a39a09d59c39f3ee1c.jpeg | https://turbo.kg/images/014/819/366/c2880d99b3cc8fe7cb528e998c1af203.jpeg | https://turbo.kg/images/014/819/367/631dd41aa47301c109127073ccefaeb4.jpeg | https://turbo.kg/images/014/819/368/c8b5206b46cfbaf8248d7be9350e16f3.jpeg | https://turbo.kg/images/014/819/369/2985d1a8e4d3be524a9f02af54b9b493.jpeg | https://turbo.kg/images/014/819/370/07c6c3970cd63e3f91ab7c3883461a45.jpeg
https://turbo.kg/cars/R5fbZF0w,"Toyota 4Runner V Рестайлинг 4.0, 2022",3041000,2022.0,45000.0,https://turbo.kg/images/014/819/351/7f92eafee0c7ea7519f3b8ac01bf0677-thumb.jpg,12.0,2026-05-06T17:30:04+06:00,,2022,,4.0 л / бензин,,автомат,,внедорожник 5 дв.,,в наличии,,,полный,45000 км,,"свежепригнан, налог уплачен, техосмотр пройден, вложений не требует",,Бишкек,слева,идеальное,растаможен,,Кыргызстан,серый,3041000.0,https://turbo.kg/images/014/819/351/7f92eafee0c7ea7519f3b8ac01bf0677.jpeg | https://turbo.kg/images/014/819/352/3f0825655fc472e51bf81bbbadfd3f34.jpeg | https://turbo.kg/images/014/819/353/a95fce12bc5d3d88fa37cb10843bfd88.jpeg | https://turbo.kg/images/014/819/354/39d7c0bd9114f45aafed6b0fcde86559.jpeg | https://turbo.kg/images/014/819/355/9ecc9b958ad9a107403fec64c7051b25.jpeg | https://turbo.kg/images/014/819/356/3ddfacfd5be6a3c1e878458c23ab5005.jpeg | https://turbo.kg/images/014/819/357/a6e4da49efefb90fa2fd676e442ce333.jpeg | https://turbo.kg/images/014/819/358/f6ab14b7d30e8e552289c27b45877314.jpeg | https://turbo.kg/images/014/819/359/908f3d254520322aec3ecf2ab6194778.jpeg | https://turbo.kg/images/014/819/360/fcf1920143603f8c60d15c1cd3b68818.jpeg | https://turbo.kg/images/014/819/361/fe372ccc57f648ffbdb140862568bd6d.jpeg | https://turbo.kg/images/014/819/362/030dda026970a4dbb0bb52d446073b2f.jpeg
https://turbo.kg/cars/cxsuifwm,"GAC Trumpchi GS3 II 1.5, 2026",1092000,2026.0,1.0,https://turbo.kg/images/014/819/349/4404280041bb1932d31457b4f1dffe3d-thumb.jpg,2.0,2026-05-06T17:25:04+06:00,,2026,,1.5 л / бензин,,робот,,внедорожник 5 дв.,,в наличии,,,передний,1 км,,,,Бишкек,слева,новое,растаможен,,Не стоит на учёте,белый,1092000.0,https://turbo.kg/images/014/819/349/4404280041bb1932d31457b4f1dffe3d.jpeg | https://turbo.kg/images/014/819/350/912634fa798cb1b5698e0143700bd7ce.jpeg
https://turbo.kg/cars/1pRhZn9X,"SsangYong Tivoli I Рестайлинг 1.6, 2019",918000,2019.0,210000.0,https://turbo.kg/images/014/819/337/4686ef086f7825dba10c7928e8c8c6a9-thumb.jpg,12.0,2026-05-06T17:20:04+06:00,,2019,,1.6 л / дизель,,автомат,,внедорожник 5 дв.,,в наличии,,,передний,210000 км,,"техосмотр пройден, вложений не требует",,"Ош, Ошская область",слева,идеальное,растаможен,,Кыргызстан,белый,918000.0,https://turbo.kg/images/014/819/337/4686ef086f7825dba10c7928e8c8c6a9.jpeg | https://turbo.kg/images/014/819/338/6717b0f5dde5cb36a0acb8cd5beb7912.jpeg | https://turbo.kg/images/014/819/339/e86aeaad2aa6bfbc9c1bf3597f8e7bcd.jpeg | https://turbo.kg/images/014/819/340/476ff1f5f312a4c7fa30c7a5123707c1.jpeg | https://turbo.kg/images/014/819/341/2c4e908cd9f4422eed3a5a3fe084073b.jpeg | https://turbo.kg/images/014/819/342/a59dc6aa28f3cafbd58d17b174f42e23.jpeg | https://turbo.kg/images/014/819/343/756464f68cb8df52638ae0dbcd8621de.jpeg | https://turbo.kg/images/014/819/344/cf49f53e58f0d718f0f4e64ba2d90e46.jpeg | https://turbo.kg/images/014/819/345/95928763c9846d5ee3eb062af2e47409.jpeg | https://turbo.kg/images/014/819/346/74ef35d344184a3239a297178b8d9765.jpeg | https://turbo.kg/images/014/819/347/6ddbf2fc4cb96ca1c53ce3f4d3ef0f31.jpeg | https://turbo.kg/images/014/819/348/03b7ed5c7c5c233744f8ae0ae3b92962.jpeg
https://turbo.kg/cars/RDQikiyQ,"Toyota Land Cruiser 300 Series 3.5, 2023",10050000,2023.0,34000.0,https://turbo.kg/images/014/819/327/f889395cbb53b4642cd8187bffea1efb-thumb.jpg,9.0,2026-05-06T16:55:05+06:00,,2023,,3.4 л / бензин,,автомат,,внедорожник 5 дв.,,в наличии,обмен не предлагать,,полный,34000 км,,"свежепригнан, налог уплачен, техосмотр пройден, вложений не требует",,Бишкек,слева,хорошее,растаможен,,Кыргызстан,белый,10050000.0,https://turbo.kg/images/014/819/327/f889395cbb53b4642cd8187bffea1efb.jpeg | https://turbo.kg/images/014/819/328/5a5c71d2710d776b0db0888d13be7bf3.jpeg | https://turbo.kg/images/014/819/329/99a1df36bce3c199077bc11e87a10989.jpeg | https://turbo.kg/images/014/819/330/b5041267d0a1c7f6f3d1efd8733fde5d.jpeg | https://turbo.kg/images/014/819/331/cdeadd9caea358007007c389b7b69551.jpeg | https://turbo.kg/images/014/819/332/d101adef8412fb26a74376d751ebecd5.jpeg | https://turbo.kg/images/014/819/333/2d0b1612e73ae18f6976163ca5f65e56.jpeg | https://turbo.kg/images/014/819/334/3b324e01df483e1b619456ee6537c271.jpeg | https://turbo.kg/images/014/819/335/a6c01a6e949b063a5d83e6229b3cf364.jpeg
https://turbo.kg/cars/xbZ5SJay,"Honda Stream I 2.0, 2003",620000,2003.0,370500.0,https://turbo.kg/images/014/819/322/3834ca8d46fe26dade69f1d2f32b4ce1-thumb.jpg,5.0,2026-05-06T16:55:04+06:00,,2003,06KG299ABS,2.0 л / бензин,,механика,,компактвэн,,в наличии,ключ на ключ,,передний,370500 км,,"налог уплачен, техосмотр пройден",,"Ош, Ошская область",слева,хорошее,растаможен,,Кыргызстан,серебристый,620000.0,https://turbo.kg/images/014/819/322/3834ca8d46fe26dade69f1d2f32b4ce1.jpeg | https://turbo.kg/images/014/819/323/5c91cfe03fff5f9948d7a9f07dd1e4e0.jpeg | https://turbo.kg/images/014/819/324/084ff0b148a3da55b645afe10c72e222.jpeg | https://turbo.kg/images/014/819/325/5d812be3186edad8ea6d53cf54647d36.jpeg | https://turbo.kg/images/014/819/326/9568ce3fab1ea2b97f5f7681b588b6eb.jpeg
https://turbo.kg/cars/ymMYnlpg,"Kia Morning III 1.0, 2019",743000,2019.0,89000.0,https://turbo.kg/images/014/819/277/6110bae4d48aadd4ffab14f11b5e10c6-thumb.jpg,12.0,2026-05-06T15:45:05+06:00,,2019,,1.0 л / бензин,,автомат,,хэтчбек 5 дв.,,в наличии,,,передний,89000 км,,"налог уплачен, техосмотр пройден, вложений не требует",,Бишкек,слева,хорошее,растаможен,,Кыргызстан,белый,743000.0,https://turbo.kg/images/014/819/277/6110bae4d48aadd4ffab14f11b5e10c6.jpeg | https://turbo.kg/images/014/819/278/61c417b8899f1d6e59a081eba01498c6.jpeg | https://turbo.kg/images/014/819/279/d6675d6e501e80b019be64bc55c5b7e3.jpeg | https://turbo.kg/images/014/819/280/e48b0e81ce3ff586dcfb913ea9e844bb.jpeg | https://turbo.kg/images/014/819/281/23ed979a3bcba35aebe0b405fef67d01.jpeg | https://turbo.kg/images/014/819/282/e666021b9ef5345f66dd4b316143c1b2.jpeg | https://turbo.kg/images/014/819/283/6fb9f8430f8a1300853112b22dd08daa.jpeg | https://turbo.kg/images/014/819/284/9c9be526ed737467a86884821fa3eda4.jpeg | https://turbo.kg/images/014/819/285/deb5a865a4061b7f59a792310b41c152.jpeg | https://turbo.kg/images/014/819/286/e30e10edc6ff5a4082b6be5774b79ae4.jpeg | https://turbo.kg/images/014/819/287/5fcbda6f7209db9660a1dfc944abaefe.jpeg | https://turbo.kg/images/014/819/288/ac121b9a9e0b94e5021088f5bc90df9a.jpeg
https://turbo.kg/cars/E0uv2FzS,"Lexus LS V Рестайлинг 500h 3.5, 2023",6816000,2023.0,35000.0,https://turbo.kg/images/014/819/266/bdd0e253912c75d10466acfd7e80fe80-thumb.jpg,11.0,2026-05-06T15:40:04+06:00,,2023,,3.5 л / гибрид,,автомат,,седан,,в наличии,рассмотрю варианты,,полный,35000 км,,"свежепригнан, налог уплачен, техосмотр пройден, вложений не требует",,Бишкек,слева,идеальное,растаможен,,Кыргызстан,черный,6816000.0,https://turbo.kg/images/014/819/266/bdd0e253912c75d10466acfd7e80fe80.jpeg | https://turbo.kg/images/014/819/267/5f13ca8de25b76e4cb8fa7eba122a1da.jpeg | https://turbo.kg/images/014/819/268/ae615af699864d879e18eb4367073ebc.jpeg | https://turbo.kg/images/014/819/269/27f979261b5b8139f730faf2533c7339.jpeg | https://turbo.kg/images/014/819/270/fa4e4235cc839ff2d9fc903aec27249e.jpeg | https://turbo.kg/images/014/819/271/9799965db73bc4a3fa86d9ab709cf1d2.jpeg | https://turbo.kg/images/014/819/272/62b613ae8c2ba0ba88582c84183c3b16.jpeg | https://turbo.kg/images/014/819/273/e83277b54786cc1571c1e36fbfe524a2.jpeg | https://turbo.kg/images/014/819/274/8384335403f93d67fcb0d1a9be384eeb.jpeg | https://turbo.kg/images/014/819/275/88a7464cd6d7399e53c28ef2a4c51a9a.jpeg | https://turbo.kg/images/014/819/276/d451f045c9ee928c90d6bca301b86120.jpeg
https://turbo.kg/cars/miQD4skL,"BMW X7 I (G07) Рестайлинг 40i 3.0, 2023",7166000,2023.0,98000.0,https://turbo.kg/images/014/819/074/85a6a1bc8d11e7d11249871f6dc1135e-thumb.jpg,10.0,2026-05-06T09:45:04+06:00,5UX**************,2023,,3.0 л / бензин,,автомат,,внедорожник 5 дв.,,в наличии,с доплатой покупателя,,полный,98000 км,,"свежепригнан, налог уплачен, техосмотр пройден, вложений не требует",,Бишкек,слева,идеальное,растаможен,,Кыргызстан,черный,7166000.0,https://turbo.kg/images/014/819/074/85a6a1bc8d11e7d11249871f6dc1135e.jpeg | https://turbo.kg/images/014/819/075/9d99e18b47b6cc21380c55baa14e8254.jpeg | https://turbo.kg/images/014/819/076/db5ad41fb3e9e2674086971d05ddbb53.jpeg | https://turbo.kg/images/014/819/077/60045d68acd82aa2f3806a9dc1de9689.jpeg | https://turbo.kg/images/014/819/078/338b0f0839ca2b0c021562b74e120ad9.jpeg | https://turbo.kg/images/014/819/079/dbb73b246d991a8ede30d7adfc315010.jpeg | https://turbo.kg/images/014/819/080/a1a646c4afe9b4db1adaf1b97c361388.jpeg | https://turbo.kg/images/014/819/081/5aa74c3044902ef862bc38d3de2a37e4.jpeg | https://turbo.kg/images/014/819/082/52ce2441a97cc3fcc2dc60b73ecd94ce.jpeg | https://turbo.kg/images/014/819/083/9914a176162b13e827f6443f608feecc.jpeg
https://turbo.kg/cars/BBkoaKBS,"Kia Sportage IV Рестайлинг 2.0, 2019",1346000,2019.0,118000.0,https://turbo.kg/images/014/819/062/1d4d5ebf2dcffff6cea0516f21d3b450-thumb.jpg,12.0,2026-05-06T09:35:03+06:00,KNA**************,2019,,2.0 л / дизель,,автомат,,внедорожник 5 дв.,,в наличии,рассмотрю варианты,,передний,118000 км,,,,Бишкек,слева,хорошее,растаможен,,Кыргызстан,белый,1346000.0,https://turbo.kg/images/014/819/062/1d4d5ebf2dcffff6cea0516f21d3b450.jpeg | https://turbo.kg/images/014/819/063/00d41ec8da20570b548e4613f90ac9f2.jpeg | https://turbo.kg/images/014/819/064/9686fdaff1ac0a99e9b7279c9d49df0f.jpeg | https://turbo.kg/images/014/819/065/26651a5923fd74f53e7d2d7fe9f2bcec.jpeg | https://turbo.kg/images/014/819/066/b12136c632dfb227c5653f88c49f3a0f.jpeg | https://turbo.kg/images/014/819/067/8f549803879c86ea187ceeb9035d8443.jpeg | https://turbo.kg/images/014/819/068/ea6411159aa0b011558668e925c7c5c7.jpeg | https://turbo.kg/images/014/819/069/eb333fbf7222216f85cd42e5bf299e5c.jpeg | https://turbo.kg/images/014/819/070/08335a239ff969c7ad4069dcdfa94ff8.jpeg | https://turbo.kg/images/014/819/071/f6517480783edcd99ea19fa61e82e4ac.jpeg | https://turbo.kg/images/014/819/072/373e777ec7c713430bf4bc7cbaff1661.jpeg | https://turbo.kg/images/014/819/073/b794e58a165c4bc6b930033258bb5a37.jpeg
https://turbo.kg/cars/tJRU3oVZ,"Toyota 4Runner V Рестайлинг 4.0, 2021",4107000,2021.0,93000.0,https://turbo.kg/images/014/818/950/48116858df9c4daca182cf14e21f3f22-thumb.jpg,11.0,2026-05-05T21:55:06+06:00,,2021,,4.0 л / бензин,,автомат,,внедорожник 5 дв.,,в наличии,обмен не предлагать,,полный,93000 км,,"свежепригнан, налог уплачен, техосмотр пройден, вложений не требует",,Бишкек,слева,идеальное,растаможен,,Кыргызстан,черный,4107000.0,https://turbo.kg/images/014/818/950/48116858df9c4daca182cf14e21f3f22.jpeg | https://turbo.kg/images/014/818/951/87cde727667ee7eac595bb91ba807b79.jpeg | https://turbo.kg/images/014/818/952/2d55d2e32166d02c421b8f9ee12375a7.jpeg | https://turbo.kg/images/014/818/953/334b614e6358659a0bd0476226e62776.jpeg | https://turbo.kg/images/014/818/954/7133f1fad554c67194faf8263dc04930.jpeg | https://turbo.kg/images/014/818/955/ef7f5d4762b86d5db8b5194e07efa1ca.jpeg | https://turbo.kg/images/014/818/956/8dd9cca0b07e6a67550e095537d48ab0.jpeg | https://turbo.kg/images/014/818/957/517bc0bb318a9df7a1fbd8b79e12d7d5.jpeg | https://turbo.kg/images/014/818/958/54210c89f7ddb40ca80dd69eac5d1931.jpeg | https://turbo.kg/images/014/818/959/7e0df4b7fd53ebb81993112ea34448fb.jpeg | https://turbo.kg/images/014/818/960/215e8e117f62fa42bc37574963b0a4a7.jpeg
https://turbo.kg/cars/EHZLtnat,"BMW X6 I (E71) 35i 3.0, 2009",1328000,2009.0,215000.0,https://turbo.kg/images/014/818/925/62ba8589e26df52638c00f3b0b2095c3-thumb.jpg,9.0,2026-05-05T21:35:04+06:00,,2009,,3.0 л / бензин,,автомат,,внедорожник 5 дв.,,в наличии,рассмотрю варианты,,полный,215000 км,,"вложений не требует, техосмотр пройден, налог уплачен",,Бишкек,слева,хорошее,растаможен,,Кыргызстан,серый,1328000.0,https://turbo.kg/images/014/818/925/62ba8589e26df52638c00f3b0b2095c3.jpeg | https://turbo.kg/images/014/818/926/707eb8a54db1cd14913e01a3947e429e.jpeg | https://turbo.kg/images/014/818/927/c3b7d9435d1c47b9dafeb20651f84337.jpeg | https://turbo.kg/images/014/818/928/66ab937205ecf3b512fe9813526fc0be.jpeg | https://turbo.kg/images/014/818/929/73b570bb7ef0be240dc1f7e04a362538.jpeg | https://turbo.kg/images/014/818/930/0c0eb037573a04275628b2d1e4d6af0f.jpeg | https://turbo.kg/images/014/818/931/50777a6f17a9a695bc3cb7dcf4cac001.jpeg | https://turbo.kg/images/014/818/932/2513f058deccc1d21bb692d43f8f2f22.jpeg | https://turbo.kg/images/014/818/933/b6b46b028fce12bbd85860ccbbaf1a7c.jpeg
https://turbo.kg/cars/1I7OPygd,"Toyota Camry VII (XV50) 2.5, 2013",1049000,2013.0,231745.0,https://turbo.kg/images/014/818/918/6cfb92218ecfb511a44f38ef13712b95-thumb.jpg,7.0,2026-05-05T21:30:05+06:00,,2013,,2.5 л / бензин,,автомат,,седан,,в наличии,,,передний,231745 км,,,,Бишкек,слева,хорошее,растаможен,,Кыргызстан,серый,1049000.0,https://turbo.kg/images/014/818/918/6cfb92218ecfb511a44f38ef13712b95.jpeg | https://turbo.kg/images/014/818/919/7ae28de95d293ac02c3c9ecf1653ff51.jpeg | https://turbo.kg/images/014/818/920/3c199c635d63e9c907365ff792d62ca6.jpeg | https://turbo.kg/images/014/818/921/1d9b9b5fcaffbfc24d47ea9d7e07d1e8.jpeg | https://turbo.kg/images/014/818/922/7cbc1f128afbd19a7621f084a5099c7d.jpeg | https://turbo.kg/images/014/818/923/8947011c36cc9c8947c1087977dbce83.jpeg | https://turbo.kg/images/014/818/924/1b045d87b84acac38523dc600206b87c.jpeg
https://turbo.kg/cars/hugaQQSF,"MINI Countryman II Рестайлинг 2.0, 2020",2491000,2020.0,53000.0,https://turbo.kg/images/014/818/906/88dbb2d63204994a37e1550bd715f9a5-thumb.jpg,12.0,2026-05-05T21:25:04+06:00,,2020,,2.0 л / бензин,,автомат,,внедорожник 5 дв.,,в наличии,обмен не предлагать,,полный,53000 км,,,,Бишкек,слева,хорошее,растаможен,,Кыргызстан,зеленый,2491000.0,https://turbo.kg/images/014/818/906/88dbb2d63204994a37e1550bd715f9a5.jpeg | https://turbo.kg/images/014/818/907/c67e798c0a1cb1c580f8329819f097a6.jpeg | https://turbo.kg/images/014/818/908/98158f74094c830b230e5baffe34c072.jpeg | https://turbo.kg/images/014/818/909/30404135c273039f2d81895ad24b06b1.jpeg | https://turbo.kg/images/014/818/910/ac3c06d7e26882280617426467a87df6.jpeg | https://turbo.kg/images/014/818/911/cb3687a54a798bb31b6164e87b7e6b8f.jpeg | https://turbo.kg/images/014/818/912/c6b549075ee00b72d87b9fdcf60610f3.jpeg | https://turbo.kg/images/014/818/913/8f1a3324aa3774ad769a9a0b18111901.jpeg | https://turbo.kg/images/014/818/914/e0df1972a81a0c1e992a983606062a55.jpeg | https://turbo.kg/images/014/818/915/c7828160861b5f2ce4cb41484e033bfd.jpeg | https://turbo.kg/images/014/818/916/a962a35df712c7884d0963a9ba992689.jpeg | https://turbo.kg/images/014/818/917/f3ff059b7c48f4297d101384eb852464.jpeg
https://turbo.kg/cars/OiKefS9B,"BMW X7 I (G07) Рестайлинг 40i 3.0, 2023",8957000,2023.0,9000.0,https://turbo.kg/images/014/818/898/2c71ca10b9cc48abfd7d0fbe8a070ba2-thumb.jpg,8.0,2026-05-05T21:20:06+06:00,,2023,,3.0 л / бензин,,автомат,,внедорожник 5 дв.,,в наличии,обмен не предлагать,,полный,9000 км,,"свежепригнан, налог уплачен, техосмотр пройден, вложений не требует",,Бишкек,слева,идеальное,растаможен,,Кыргызстан,белый,8957000.0,https://turbo.kg/images/014/818/898/2c71ca10b9cc48abfd7d0fbe8a070ba2.jpeg | https://turbo.kg/images/014/818/899/22dfd6ef325fa13ae3b4813f24433bba.jpeg | https://turbo.kg/images/014/818/900/6b4be4d5fc792009e09a44a4f948ab7d.jpeg | https://turbo.kg/images/014/818/901/11d2b4d337cc76299a062478e17f3ebc.jpeg | https://turbo.kg/images/014/818/902/feaa4bc8edc1af4002973da3d57bea8f.jpeg | https://turbo.kg/images/014/818/903/1e9af2c40bb17a85b04887e5aed5393f.jpeg | https://turbo.kg/images/014/818/904/dc927eae14ca02a4eb9ce456df00c4a3.jpeg | https://turbo.kg/images/014/818/905/212a727922c6be18c7cd12610f4177ee.jpeg
https://turbo.kg/cars/MYol7GMV,"Mercedes-Benz E-Класс AMG V (W213) Рестайлинг 53 AMG 3.0, 2022",5418000,2022.0,79000.0,https://turbo.kg/images/014/818/887/269f2905d391ddb718423c92a6e7f9a9-thumb.jpg,11.0,2026-05-05T21:15:09+06:00,,2022,,3.0 л / бензин,,автомат,,седан,,в наличии,,,полный,79000 км,,,,Бишкек,слева,хорошее,растаможен,,Кыргызстан,белый,5418000.0,https://turbo.kg/images/014/818/887/269f2905d391ddb718423c92a6e7f9a9.jpeg | https://turbo.kg/images/014/818/888/b9dca5d2be3fb2842904a12735b42deb.jpeg | https://turbo.kg/images/014/818/889/d95b8a117633915eab2653b0e19262ff.jpeg | https://turbo.kg/images/014/818/890/0ae2a6b0b6a6d0713025d3ad72e5ac7c.jpeg | https://turbo.kg/images/014/818/891/6d212db8689669b31687b4434ffb6de6.jpeg | https://turbo.kg/images/014/818/892/71f43e7819f7d83961e1b9524e0f6342.jpeg | https://turbo.kg/images/014/818/893/664fe55f3f8ec765bf45e097b74ce628.jpeg | https://turbo.kg/images/014/818/894/23c572d56e992d82d23a11e4f2517b02.jpeg | https://turbo.kg/images/014/818/895/10e2f1f24be77d1217e9b274146b87b6.jpeg | https://turbo.kg/images/014/818/896/02065e58e92566086e69e2db3bd05225.jpeg | https://turbo.kg/images/014/818/897/fad6fc8478421fc5e71415694c8e1698.jpeg
https://turbo.kg/cars/KBdojruj,"BMW X3 III (G01) 20d xDrive 2.0, 2018",2963000,2018.0,85000.0,https://turbo.kg/images/014/818/863/f0841264fa7a03c039426923ff2a86c7-thumb.jpg,7.0,2026-05-05T20:40:06+06:00,,2018,,2.0 л / дизель,,автомат,,внедорожник 5 дв.,,в наличии,,,полный,85000 км,,,,Бишкек,слева,идеальное,растаможен,,Кыргызстан,белый,2963000.0,https://turbo.kg/images/014/818/863/f0841264fa7a03c039426923ff2a86c7.jpeg | https://turbo.kg/images/014/818/864/a0c106e842a51a7cee904935892f7e8b.jpeg | https://turbo.kg/images/014/818/865/66ce513b05c1c7f00e9eb09fc465844f.jpeg | https://turbo.kg/images/014/818/866/8af7c39b5d834d6ee5805fc9465a29e3.jpeg | https://turbo.kg/images/014/818/867/36186cc907750f3bbe4839676db54892.jpeg | https://turbo.kg/images/014/818/868/468ee9811331cde07c543b5f90be186f.jpeg | https://turbo.kg/images/014/818/869/c6f5326c0f6821360754c76eec598286.jpeg
https://turbo.kg/cars/cGuS6tD1,"Hyundai Kona I 1.6, 2018",1031000,2018.0,186000.0,https://turbo.kg/images/014/818/853/58d14323748cca616725e5f68f318d9e-thumb.jpg,10.0,2026-05-05T20:40:04+06:00,,2018,,1.6 л / дизель,,робот,,внедорожник 5 дв.,,в наличии,,,передний,186000 км,,вложений не требует,,Бишкек,слева,идеальное,растаможен,,Кыргызстан,черный,1031000.0,https://turbo.kg/images/014/818/853/58d14323748cca616725e5f68f318d9e.jpeg | https://turbo.kg/images/014/818/854/dedc8b1e7e8c09a1106e053be4e3b69a.jpeg | https://turbo.kg/images/014/818/855/98239d0365e62115f64ad82d15304234.jpeg | https://turbo.kg/images/014/818/856/5a08c317488e712e719ed3df1026a253.jpeg | https://turbo.kg/images/014/818/857/82dce3605bce72989447a899c07a4924.jpeg | https://turbo.kg/images/014/818/858/a61e90f3717f848a8af5d83cc195faf8.jpeg | https://turbo.kg/images/014/818/859/56727905eb4a25c77e1f4bbad31e1304.jpeg | https://turbo.kg/images/014/818/860/278b12c2d39f0990999d5cbf83ed9766.jpeg | https://turbo.kg/images/014/818/861/48b2439b3cec721edf7e3d2b7f2b1097.jpeg | https://turbo.kg/images/014/818/862/9e600972ce284ae15f89bc8285ae98c9.jpeg
https://turbo.kg/cars/Ux7eN9r2,"Toyota Highlander III (U50) Рестайлинг 3.5, 2019",2342000,2019.0,76000.0,https://turbo.kg/images/014/818/830/230e6214d7a053e74cc768dd856d52ef-thumb.jpg,11.0,2026-05-05T20:00:07+06:00,,2019,09KG099ABH,3.5 л / бензин,,автомат,,внедорожник 5 дв.,,в наличии,,,полный,76000 км,,,,Бишкек,слева,идеальное,растаможен,,Кыргызстан,коричневый,2342000.0,https://turbo.kg/images/014/818/830/230e6214d7a053e74cc768dd856d52ef.jpeg | https://turbo.kg/images/014/818/831/9a0ae31f183d0c55efb8378f045e2306.jpeg | https://turbo.kg/images/014/818/832/d0d2172203bc527c98776c6b39d4282c.jpeg | https://turbo.kg/images/014/818/833/4973458709e9700b53fbe5eb5e18b444.jpeg | https://turbo.kg/images/014/818/834/5ea7a1f8115a915000c0f8c969ca89b2.jpeg | https://turbo.kg/images/014/818/835/5aeb944e1e36fc58cb9c1ce282c1269a.jpeg | https://turbo.kg/images/014/818/836/ee885590ef14f3e319fd0759537f9754.jpeg | https://turbo.kg/images/014/818/837/e84cd6debd1f5d9c39b2092dda6d5fda.jpeg | https://turbo.kg/images/014/818/838/870f0b5fc3d62ec0ecff8ce264f061c6.jpeg | https://turbo.kg/images/014/818/839/acbbbb4d03c68b71a7aa5e4853b13bee.jpeg | https://turbo.kg/images/014/818/840/a006638aeae83ded6e1efd72c02eb0fc.jpeg
https://turbo.kg/cars/LFaDO3pT,"Toyota Land Cruiser 200 Series Рестайлинг 2 4.6, 2015",4588000,2015.0,160000.0,https://turbo.kg/images/014/818/821/b2ffd8224ebb1b3d75a90cb32c16d7a1-thumb.jpg,9.0,2026-05-05T20:00:05+06:00,,2015,,4.6 л / бензин,,автомат,,внедорожник 5 дв.,,в наличии,,,полный,160000 км,,,,Бишкек,слева,хорошее,растаможен,,Кыргызстан,черный,4588000.0,https://turbo.kg/images/014/818/821/b2ffd8224ebb1b3d75a90cb32c16d7a1.jpeg | https://turbo.kg/images/014/818/822/c1bc8f1c2790423ff8a4935a248de43d.jpeg | https://turbo.kg/images/014/818/823/7494ec6467f371cb3b7e969411cbe9b5.jpeg | https://turbo.kg/images/014/818/824/15132a9a96b484df95f9cc7bce1b5982.jpeg | https://turbo.kg/images/014/818/825/e4d48cabaed027c52b27504f22625113.jpeg | https://turbo.kg/images/014/818/826/20fe2c7d4f6131c9075a5f7d7f1d0e11.jpeg | https://turbo.kg/images/014/818/827/03586a1ca8a0896a7ebfd0c6d3584c0b.jpeg | https://turbo.kg/images/014/818/828/618676f9854d4daf33fc4d81ca49af59.jpeg | https://turbo.kg/images/014/818/829/a628982b617f5949b90f278fab4b429b.jpeg
https://turbo.kg/cars/rMtXMvm2,"SsangYong Rexton IV Рестайлинг 2.2, 2020",1643000,2020.0,150000.0,https://turbo.kg/images/014/818/783/06bfa551834500d21683fd366f7ccae2-thumb.jpg,12.0,2026-05-05T19:50:04+06:00,,2020,,2.2 л / дизель,,автомат,,внедорожник 5 дв.,,в наличии,рассмотрю варианты,,полный,150000 км,,,,Бишкек,слева,хорошее,растаможен,,Кыргызстан,черный,1643000.0,https://turbo.kg/images/014/818/783/06bfa551834500d21683fd366f7ccae2.jpeg | https://turbo.kg/images/014/818/784/27fd6c14706fbfc4af8a88b0fed16fbb.jpeg | https://turbo.kg/images/014/818/785/0528a40718612f88d373cbe0cfe14b4e.jpeg | https://turbo.kg/images/014/818/786/bf3eeefdff8131f1f8b103e1692f1871.jpeg | https://turbo.kg/images/014/818/787/fff7708f807bda3779c460fce45b4180.jpeg | https://turbo.kg/images/014/818/788/c3b3ba07ca5bcf6b144994576f4ef0da.jpeg | https://turbo.kg/images/014/818/789/f9990ab4ee4b4cb35954e059900c6815.jpeg | https://turbo.kg/images/014/818/790/0e4d4618a1d3744b4f2573893c0489d0.jpeg | https://turbo.kg/images/014/818/791/2318905cfb4645ec2da10a7819c9bd78.jpeg | https://turbo.kg/images/014/818/792/666f24c52fa9d1aa9b35e02d494cfd93.jpeg | https://turbo.kg/images/014/818/793/2015c8d7b70c29ad1866d136ea8bf1b7.jpeg | https://turbo.kg/images/014/818/794/ea4c971e506868f6ba544a951ca78264.jpeg
https://turbo.kg/cars/TEAkvZdR,"Hyundai Avante VII 1.6, 2020",1066000,2020.0,63891.0,https://turbo.kg/images/014/818/771/7daf8cb0ec9f555992e2669852655b4c-thumb.jpg,12.0,2026-05-05T19:45:07+06:00,,2020,,1.6 л / бензин,,вариатор,,седан,,в наличии,,,передний,63891 км,,,,"Ош, Ошская область",слева,идеальное,растаможен,,Кыргызстан,белый,1066000.0,https://turbo.kg/images/014/818/771/7daf8cb0ec9f555992e2669852655b4c.jpeg | https://turbo.kg/images/014/818/772/53469caa6078578658fb5470f3436919.jpeg | https://turbo.kg/images/014/818/773/73277d20556e3586a2d3f3f8bcdea0aa.jpeg | https://turbo.kg/images/014/818/774/0503080abb8c81619f611a2487ce9c27.jpeg | https://turbo.kg/images/014/818/775/f3fdc8d3ef9bd55784f2dced940198eb.jpeg | https://turbo.kg/images/014/818/776/efee7e8a29becb1adcd2c4276a97e107.jpeg | https://turbo.kg/images/014/818/777/1f0278ac536bd43601aefb143f01a8d4.jpeg | https://turbo.kg/images/014/818/778/f3d1c7c238d27f2cdf409ed761374c9b.jpeg | https://turbo.kg/images/014/818/779/41ee26967b31f67c62b0fee2d31ac483.jpeg | https://turbo.kg/images/014/818/780/92fcc1670ead01eaec95b976f76b1c3c.jpeg | https://turbo.kg/images/014/818/781/cc4191abfd012c3f12bdbb9e63180bb6.jpeg | https://turbo.kg/images/014/818/782/665c04ecad6207c3d6e505f4f3ddac03.jpeg
https://turbo.kg/cars/6Kykk3mR,"Land Rover Discovery Sport I 2.0, 2018",1267000,2018.0,170000.0,https://turbo.kg/images/014/818/761/7f4c3a765a15d2bcb9251f25bff8b600-thumb.jpg,10.0,2026-05-05T19:45:06+06:00,,2018,02KG562AHJ,2.0 л / дизель,,автомат,,внедорожник 5 дв.,,в наличии,рассмотрю варианты,,полный,170000 км,,,,Бишкек,слева,идеальное,растаможен,,Кыргызстан,хамелеон,1267000.0,https://turbo.kg/images/014/818/761/7f4c3a765a15d2bcb9251f25bff8b600.jpeg | https://turbo.kg/images/014/818/762/3dd64d59bd512430cac166015fc646e5.jpeg | https://turbo.kg/images/014/818/763/ca7c2b6e1a5326977d57f8de839db6ba.jpeg | https://turbo.kg/images/014/818/764/bddabf242f21647a83c000ca7278d0c9.jpeg | https://turbo.kg/images/014/818/765/416590b6b3f62244e1ee1bb78c1ccb06.jpeg | https://turbo.kg/images/014/818/766/60fe4e3ade9846df86c1f37002e841b6.jpeg | https://turbo.kg/images/014/818/767/62d942e7c2e3feff0b1d0bb7a656daf8.jpeg | https://turbo.kg/images/014/818/768/feebb4304184f1c0bc355dd936a8f237.jpeg | https://turbo.kg/images/014/818/769/ae37c8d86bb84481ff4a1d5b30807a7f.jpeg | https://turbo.kg/images/014/818/770/077acdcb6b29457682d50312aa9d6b2f.jpeg
https://turbo.kg/cars/gvRHjZB3,"Toyota Camry VIII (XV70) Japan Market 2.5, 2018",1966000,2018.0,152000.0,https://turbo.kg/images/014/818/757/4fe3419c4b032d96e4ed4390281fe5ea-thumb.jpg,4.0,2026-05-05T19:45:04+06:00,,2018,,2.5 л / гибрид,,вариатор,,седан,,в наличии,,,передний,152000 км,,,,Бишкек,слева,хорошее,растаможен,,Кыргызстан,серебристый,1966000.0,https://turbo.kg/images/014/818/757/4fe3419c4b032d96e4ed4390281fe5ea.jpeg | https://turbo.kg/images/014/818/758/417f37510488cda4bcef0e0c041f84d6.jpeg | https://turbo.kg/images/014/818/759/2204071734abc07d39fb596b44f22aa6.jpeg | https://turbo.kg/images/014/818/760/b94c3b21ad1861335f68739834c6d2e6.jpeg
https://turbo.kg/cars/DiAOPqdz,"Kia K5 II Седан 2.0, 2020",1066000,2020.0,188000.0,https://turbo.kg/images/014/818/737/6ab51af60b319293ce7f5bb857f06d2e-thumb.jpg,10.0,2026-05-05T19:40:04+06:00,,2020,,2.0 л / газ,,автомат,,седан,,в наличии,,,передний,188000 км,,,,"Ош, Ошская область",слева,идеальное,растаможен,,Кыргызстан,белый,1066000.0,https://turbo.kg/images/014/818/737/6ab51af60b319293ce7f5bb857f06d2e.jpeg | https://turbo.kg/images/014/818/738/88d405ee6de6df54797a8551cd1273df.jpeg | https://turbo.kg/images/014/818/739/d9624e26d1d2995058fe6e5817382e27.jpeg | https://turbo.kg/images/014/818/740/a55dfbffee86e2ccb82de92ca173277c.jpeg | https://turbo.kg/images/014/818/741/10c576d6941274d8559bb7b7672bb05a.jpeg | https://turbo.kg/images/014/818/742/25718ba8cb5f9d4ad6e071946a0fe5c5.jpeg | https://turbo.kg/images/014/818/743/a53e24287a6fecc607c9c7dd22deaddb.jpeg | https://turbo.kg/images/014/818/744/ee549757c80b49cdaa78d9bd3c6d64de.jpeg | https://turbo.kg/images/014/818/745/9d3ec1bc8b685fc596d9bbc2d7b46c55.jpeg | https://turbo.kg/images/014/818/746/0cbedd81d8d7f6131ad7cd7ad4e6e136.jpeg
https://turbo.kg/cars/7e5umlwn,"Honda Pilot I 3.5, 2004",1092000,2004.0,165000.0,https://turbo.kg/images/014/818/726/4cba874bd18b6abba73ed0e309acedaa-thumb.jpg,5.0,2026-05-05T18:55:04+06:00,,2004,,3.5 л / бензин,,автомат,,внедорожник 5 дв.,,в наличии,,,полный,165000 км,,,,Бишкек,слева,хорошее,растаможен,,Кыргызстан,серебристый,1092000.0,https://turbo.kg/images/014/818/726/4cba874bd18b6abba73ed0e309acedaa.jpeg | https://turbo.kg/images/014/818/727/78349d00035fefaa756445ca63482830.jpeg | https://turbo.kg/images/014/818/728/1c0485dec54251755176242a1a4db31c.jpeg | https://turbo.kg/images/014/818/729/990f867beeb6b56eb4b2513e8dab6f1b.jpeg | https://turbo.kg/images/014/818/730/e7d9ff9398d936fc98cd13f8365f583e.jpeg
https://turbo.kg/cars/UZx3jmpb,"BMW 5 серии VIII (G60/G61/G68) 520i 2.0, 2023",5069000,2023.0,25000.0,https://turbo.kg/images/014/818/714/51076f729cee330b95b5f846c4b703b3-thumb.jpg,12.0,2026-05-05T18:50:06+06:00,,2023,01KG777ZRR,2.0 л / бензин,,автомат,,седан,,в наличии,рассмотрю варианты,,задний,25000 км,,,есть,Бишкек,слева,идеальное,растаможен,,Кыргызстан,белый,5069000.0,https://turbo.kg/images/014/818/714/51076f729cee330b95b5f846c4b703b3.jpeg | https://turbo.kg/images/014/818/715/c1c35b8ae3421257b2004dc4fb7f4305.jpeg | https://turbo.kg/images/014/818/716/ff3109b58448c91b7aa9bfcacf6bd00a.jpeg | https://turbo.kg/images/014/818/717/6d6c11a67f99aaa9e78b1137bec9766f.jpeg | https://turbo.kg/images/014/818/718/595b66567da18d8b7a07d46508df35a2.jpeg | https://turbo.kg/images/014/818/719/772b65bc132c96800c7902f672691ea2.jpeg | https://turbo.kg/images/014/818/720/7f4edcd989a777d8e0ad7988e9072fc0.jpeg | https://turbo.kg/images/014/818/721/e24de38bb0043c507f48ac10c8392902.jpeg | https://turbo.kg/images/014/818/722/e0906192324c893454a5416853280bf1.jpeg | https://turbo.kg/images/014/818/723/5117acafd500e6430663bb64d95491a6.jpeg | https://turbo.kg/images/014/818/724/f505f0688fca581f4d0c92764385260b.jpeg | https://turbo.kg/images/014/818/725/1b78977f1aa1b92f4e56e6f63ef1c3c2.jpeg
https://turbo.kg/cars/Xq1p1fD5,"Toyota Camry VII (XV50) Рестайлинг 2.5, 2014",1031000,2014.0,238182.0,https://turbo.kg/images/014/818/705/9445231a22a0041caf1ce85392d5683d-thumb.jpg,9.0,2026-05-05T18:50:05+06:00,4T1**************,2014,,2.5 л / бензин,,автомат,,седан,,в наличии,обмен не предлагать,,передний,238182 км,,вложений не требует,,Бишкек,слева,хорошее,растаможен,,Кыргызстан,черный,1031000.0,https://turbo.kg/images/014/818/705/9445231a22a0041caf1ce85392d5683d.jpeg | https://turbo.kg/images/014/818/706/438e7c03add6aa68352ddb75f2ac6081.jpeg | https://turbo.kg/images/014/818/707/dea4b74b8f570d90acc9718daf02493c.jpeg | https://turbo.kg/images/014/818/708/3deed4ed4f5173ddd762418b6a02d353.jpeg | https://turbo.kg/images/014/818/709/0b8eed77b68540eb9dd9fc4aaba0608c.jpeg | https://turbo.kg/images/014/818/710/6c312e0c6c55adc5f7ed265a0e2d1ef5.jpeg | https://turbo.kg/images/014/818/711/787ba7188617d6933552b2180cbad7c3.jpeg | https://turbo.kg/images/014/818/712/bdcbfba965dee635bc46c12c639eb26d.jpeg | https://turbo.kg/images/014/818/713/45c4bbc42be5f24e102299363b49cada.jpeg
https://turbo.kg/cars/ntSkwzPL,"Mercedes-Benz E-Класс IV (W212, S212, C207) 200 1.8, 2010",874000,2010.0,320000.0,https://turbo.kg/images/014/818/701/48bbfb94ec3e43ec4278762cea57ac1a-thumb.jpg,4.0,2026-05-05T18:40:05+06:00,,2010,,1.8 л / бензин,,автомат,,седан,,в наличии,,,задний,320000 км,,,,"Ош, Ошская область",слева,хорошее,растаможен,,Кыргызстан,белый,874000.0,https://turbo.kg/images/014/818/701/48bbfb94ec3e43ec4278762cea57ac1a.jpeg | https://turbo.kg/images/014/818/702/27b12201020798d226bebdd39d61e660.jpeg | https://turbo.kg/images/014/818/703/daa65d5f0f5a310ae7e7c230c98eaa23.jpeg | https://turbo.kg/images/014/818/704/3ad048d8925abf2374b5c56ce96361fe.jpeg
https://turbo.kg/cars/w5Oz8ZM3,"Lexus GX I 470 4.7, 2004",1442000,2004.0,258000.0,https://turbo.kg/images/014/818/689/c8c8cc44010ac806b0ab68a6b4a350c1-thumb.jpg,12.0,2026-05-05T18:35:05+06:00,,2004,06KG959AAB,4.7 л / бензин,,автомат,,внедорожник 5 дв.,,в наличии,рассмотрю варианты,,полный,258000 км,,"налог уплачен, техосмотр пройден, вложений не требует",,Бишкек,слева,хорошее,растаможен,,Кыргызстан,синий,1442000.0,https://turbo.kg/images/014/818/689/c8c8cc44010ac806b0ab68a6b4a350c1.jpeg | https://turbo.kg/images/014/818/690/83eae9086dac2cce7f4b7a704394d7ee.jpeg | https://turbo.kg/images/014/818/691/aea74faafcace0f248e27be2d7afb316.jpeg | https://turbo.kg/images/014/818/692/eec8de5a527288be31b9cd9878c7ba64.jpeg | https://turbo.kg/images/014/818/693/fd876dba6f2f3027a44b8f621bfc77ca.jpeg | https://turbo.kg/images/014/818/694/70afd6baf18c04fd872589b26144d54d.jpeg | https://turbo.kg/images/014/818/695/e9f75120680e40ccf2481ff4a9a2d465.jpeg | https://turbo.kg/images/014/818/696/908843cf79b09eabb392087e77fd1e72.jpeg | https://turbo.kg/images/014/818/697/ad642d213c6c744dee229f328d5b83b8.jpeg | https://turbo.kg/images/014/818/698/1a49a6af5a75ee47f8ccd9241875ea09.jpeg | https://turbo.kg/images/014/818/699/518647fd004ff7946679ff9375ef66b4.jpeg | https://turbo.kg/images/014/818/700/358ae0ff8864a4e98644a043bc3d8a96.jpeg
https://turbo.kg/cars/GuWwKDx6,"Toyota Prius III Рестайлинг (XW30) 1.8, 2013",1049000,2013.0,180000.0,https://turbo.kg/images/014/818/677/07d5551d6800cb4d3710ed795e21b77c-thumb.jpg,12.0,2026-05-05T17:55:04+06:00,,2013,,1.8 л / гибрид,,автомат,,хэтчбек 5 дв.,,в наличии,обмен не предлагать,,передний,180000 км,,,,Бишкек,слева,хорошее,растаможен,,Кыргызстан,белый,1049000.0,https://turbo.kg/images/014/818/677/07d5551d6800cb4d3710ed795e21b77c.jpeg | https://turbo.kg/images/014/818/678/0307ca582b5c678bc6608988d2ded5ea.jpeg | https://turbo.kg/images/014/818/679/ff2861615985954c48cb7412e6ceaccf.jpeg | https://turbo.kg/images/014/818/680/7fdddbb353f26a6183c396a3f0b31ccf.jpeg | https://turbo.kg/images/014/818/681/3f81bac91cea98f4ce85dcc0685f8fe4.jpeg | https://turbo.kg/images/014/818/682/c11b227fe00f8eaf7cfd0ee365acd6b3.jpeg | https://turbo.kg/images/014/818/683/2b0ea1aac1d8f9009bb8634c400787cf.jpeg | https://turbo.kg/images/014/818/684/ee1b6fc882258615c00e0c3012c5e2fb.jpeg | https://turbo.kg/images/014/818/685/ddc01e8d785bcceab5f012d3b6e99934.jpeg | https://turbo.kg/images/014/818/686/fea4324890f5ef5ecadd727519bec7b5.jpeg | https://turbo.kg/images/014/818/687/00f7ce12617501ccf1f72c31fb657e05.jpeg | https://turbo.kg/images/014/818/688/a203a240c6c009e664eb972f6ccd0362.jpeg
https://turbo.kg/cars/DWsPU1jp,"Mitsubishi Pajero iO 1.8, 2000",450000,2000.0,230000.0,https://turbo.kg/images/014/818/671/881bb37f023b0443aaa278536c65928a-thumb.jpg,6.0,2026-05-05T17:50:05+06:00,,2000,01KG861APT,1.8 л / бензин,,автомат,,внедорожник 5 дв.,,в наличии,обмен не предлагать,,полный,230000 км,,,,Бишкек,справа,хорошее,растаможен,,Кыргызстан,белый,450000.0,https://turbo.kg/images/014/818/671/881bb37f023b0443aaa278536c65928a.jpeg | https://turbo.kg/images/014/818/672/d83577bf3d79711f071ed191280dfa15.jpeg | https://turbo.kg/images/014/818/673/a01f4a52eb2a9f8e3a1f13d894a47b27.jpeg | https://turbo.kg/images/014/818/674/75121d643a71a945fe1c31826d0e46cd.jpeg | https://turbo.kg/images/014/818/675/bf02a7727f45a214baa3d135ddce65a0.jpeg | https://turbo.kg/images/014/818/676/e7b2910ba26adf1fd115b311fcc5f67a.jpeg
https://turbo.kg/cars/VDRQ2G9C,"Kia Sportage IV 2.0, 2017",1092000,2017.0,231000.0,https://turbo.kg/images/014/818/662/cc0c603a72d8c833f820d498d4e4bf8d-thumb.jpg,9.0,2026-05-05T17:45:05+06:00,,2017,02KG585ACE,2.0 л / дизель,,автомат,,внедорожник 5 дв.,,в наличии,обмен не предлагать,,передний,231000 км,,"налог уплачен, техосмотр пройден, вложений не требует",,"Ош, Ошская область",слева,хорошее,растаможен,,Кыргызстан,белый,1092000.0,https://turbo.kg/images/014/818/662/cc0c603a72d8c833f820d498d4e4bf8d.jpeg | https://turbo.kg/images/014/818/663/5109f016fa3fc3f32f4acbb26428864f.jpeg | https://turbo.kg/images/014/818/664/98da2d26aae4181d386aae589a2a1934.jpeg | https://turbo.kg/images/014/818/665/666d19d941ae0cc28d5900a27945e85d.jpeg | https://turbo.kg/images/014/818/666/b643dd66ce395a2db62d4197beb6ee00.jpeg | https://turbo.kg/images/014/818/667/ba8e526eaf13f2ea56715e085b52e643.jpeg | https://turbo.kg/images/014/818/668/772acad5ffd0c0d3d4d6a8feff9fc024.jpeg | https://turbo.kg/images/014/818/669/df81bd27d173945286f80105de602d06.jpeg | https://turbo.kg/images/014/818/670/6f6aaaea76902b3295b9abb8e4f5abf0.jpeg
https://turbo.kg/cars/SxURSUJD,"Changan UNI-K 2.0, 2025",2071000,2025.0,7.0,https://turbo.kg/images/014/818/598/ee32c683f2887af4db68b63cef7d800c-thumb.jpg,9.0,2026-05-05T15:30:04+06:00,ls4**************,2025,нет номера,2.0 л / бензин,,автомат,,внедорожник 5 дв.,,в наличии,обмен не предлагать,,передний,7 км,,свежепригнан,,Бишкек,слева,идеальное,растаможен,,Кыргызстан,бирюзовый,2071000.0,https://turbo.kg/images/014/818/598/ee32c683f2887af4db68b63cef7d800c.jpeg | https://turbo.kg/images/014/818/599/57b0f4fedbe9e85e494cdf59ec07ddf8.jpeg | https://turbo.kg/images/014/818/600/e6e85dcfa8a5298d3fd83ea639687b3a.jpeg | https://turbo.kg/images/014/818/601/81875e5e09ba702526c1937578e1fda3.jpeg | https://turbo.kg/images/014/818/602/a3fafe32a8476b8d532c1be7bc8ab9d2.jpeg | https://turbo.kg/images/014/818/603/66134716691b2acc704231f2c2c63b63.jpeg | https://turbo.kg/images/014/818/604/0b73d1813d061b1a76f7fdf2e62107bc.jpeg | https://turbo.kg/images/014/818/605/453284c7ac11104416d29bcca6d1a94a.jpeg | https://turbo.kg/images/014/818/606/e9b129a8ee0fab1472c66a4ac3c7e0f3.jpeg
https://turbo.kg/cars/pkiBAkD9,"Chevrolet Spark IV 1.0, 2018",594000,2018.0,126000.0,https://turbo.kg/images/014/818/595/dbbdf173fc89c3a8527331eee075a97d-thumb.jpg,3.0,2026-05-05T14:55:04+06:00,,2018,,1.0 л / бензин,,вариатор,,хэтчбек 5 дв.,,в наличии,обмен не предлагать,,передний,126000 км,,,,Бишкек,слева,хорошее,растаможен,,Кыргызстан,белый,594000.0,https://turbo.kg/images/014/818/595/dbbdf173fc89c3a8527331eee075a97d.jpeg | https://turbo.kg/images/014/818/596/cd8e87c9072b75c120d7173eea3cb2bf.jpeg | https://turbo.kg/images/014/818/597/263eaf78d72d5e244f5a0a7851265c4f.jpeg
https://turbo.kg/cars/kinXmKpA,"Weltmeister EX5 I Electro AT (160 кВт), 2020",717000,2020.0,38000.0,https://turbo.kg/images/014/818/584/bb5aace830572d06d0360c7371ecf514-thumb.jpg,10.0,2026-05-05T14:25:05+06:00,Ll2**************,2020,02KG324AFN,218 л.с. / 160 кВт / электро,,автомат,,внедорожник 5 дв.,,в наличии,обмен не предлагать,,передний,38000 км,,"налог уплачен, вложений не требует",,"Ош, Ошская область",слева,идеальное,растаможен,,Кыргызстан,белый,717000.0,https://turbo.kg/images/014/818/584/bb5aace830572d06d0360c7371ecf514.jpeg | https://turbo.kg/images/014/818/585/275e862a3d1e71a4b6b0902a5d7e575f.jpeg | https://turbo.kg/images/014/818/586/31b3c4928022c2a8009c5a490a537004.jpeg | https://turbo.kg/images/014/818/587/4f7e712306bd2ebd3dd611df00af6e1d.jpeg | https://turbo.kg/images/014/818/588/bd3c65c2a83618d5aba95b23ac95241a.jpeg | https://turbo.kg/images/014/818/589/5321cb09a02c8848c4fa2c63d4524640.jpeg | https://turbo.kg/images/014/818/590/6ff8bb911c80a5a123bfc80e60113805.jpeg | https://turbo.kg/images/014/818/591/ba5d0e9d13555323b8fad21a905ea9fb.jpeg | https://turbo.kg/images/014/818/592/f1fa6e2a834975e837b6346ee23a76ad.jpeg | https://turbo.kg/images/014/818/593/a1de5b8080b4e8b45e1bd0cd495de1fb.jpeg
https://turbo.kg/cars/qlBcosMm,"Kia Rio IV 1.6, 2018",874000,2018.0,175000.0,https://turbo.kg/images/014/818/575/247e642a226680a112fe5530822e1eb8-thumb.jpg,9.0,2026-05-05T14:20:04+06:00,,2018,,1.6 л / бензин,,автомат,,седан,,в наличии,с доплатой покупателя,,передний,175000 км,,,есть,Бишкек,слева,идеальное,растаможен,,Кыргызстан,серый,874000.0,https://turbo.kg/images/014/818/575/247e642a226680a112fe5530822e1eb8.jpeg | https://turbo.kg/images/014/818/576/ae8130b8ab4424d314bd6c8cdfadfb6a.jpeg | https://turbo.kg/images/014/818/577/6f13ac9ea254ffe0bd499faf9cd7c7cb.jpeg | https://turbo.kg/images/014/818/578/f11464a27e6e6232f537f6f7b37ae96f.jpeg | https://turbo.kg/images/014/818/579/4e92b396903a3129a70929db4bc05884.jpeg | https://turbo.kg/images/014/818/580/2fd478d12a1196b074010f7f9066f547.jpeg | https://turbo.kg/images/014/818/581/49ef8b8b4805c14e941f0e51220b4eb6.jpeg | https://turbo.kg/images/014/818/582/1ac8944de996e76b595a549d72805827.jpeg | https://turbo.kg/images/014/818/583/8ab71ade00880907965267e84e414cc2.jpeg
https://turbo.kg/cars/SUqnpUmk,,680000,,,https://turbo.kg/images/014/818/517/354a5dd9bc377e9e229504a05791b562-thumb.jpg,10.0,2026-05-05T12:05:37+06:00,,2016,,,"Bluetooth, Центральный замок, Круиз контроль, Подогрев сидений, Регулировка зеркал, Монитор, MP3, Бортовой компьютер, Усилитель руля, Датчик дождя, Подушка безопасности (SRS), Корректор фар, Ксенон, Парктроник, Камера заднего вида",,АКПП,,98,,,1600cm3,,,266222,,,,,,,Гибрид,,,680000.0,https://turbo.kg/images/014/818/517/354a5dd9bc377e9e229504a05791b562.jpeg | https://turbo.kg/images/014/818/518/950a807f6d2a81629f29606dd24d1a76.jpeg | https://turbo.kg/images/014/818/519/12157f3ce9853c8112d646bb7d898447.jpeg | https://turbo.kg/images/014/818/520/81c9d156b78477b23574986eee6bdc2a.jpeg | https://turbo.kg/images/014/818/521/7c9e26efabefdcb6d169b8f181314c80.jpeg | https://turbo.kg/images/014/818/522/260c35c18166a5e8a1fb6d4896dcdf05.jpeg | https://turbo.kg/images/014/818/523/7f415955a7652d4cc47d41e6d44fb875.jpeg | https://turbo.kg/images/014/818/524/4e5087d8f8e2154fff995a2b2bf78c55.jpeg | https://turbo.kg/images/014/818/525/e77c9b3ccb1e57e609b1916dc8a4678b.jpeg | https://turbo.kg/images/014/818/526/37324be648ca49fcd645cb0ee54ca922.jpeg
https://turbo.kg/cars/DUGVWehV,,1180000,,,https://turbo.kg/images/014/818/507/d1a38ea196c08cf2d696eae8cced76b7-thumb.jpg,10.0,2026-05-05T11:55:37+06:00,,2017,,,"Центральный замок, Круиз контроль, Подогрев сидений, Электрорегулировка сидений, Регулировка зеркал, Монитор, MP3, Бортовой компьютер, Усилитель руля, Подушка безопасности (SRS), Литые диски, Корректор фар, Ксенон, Кожаный салон, Парктроник, Камера заднего вида",,АКПП,,110,,,1700cm3,,,266222,,,,,,,Газ-Бензин,,,1180000.0,https://turbo.kg/images/014/818/507/d1a38ea196c08cf2d696eae8cced76b7.jpeg | https://turbo.kg/images/014/818/508/0fc1b952c239c5b93194dc792715f61a.jpeg | https://turbo.kg/images/014/818/509/199cd463ab585eca1750014db7f529c7.jpeg | https://turbo.kg/images/014/818/510/33a19a7213fea4c26020ac504fbc0f96.jpeg | https://turbo.kg/images/014/818/511/c2143f5685e93ec8a6b30976780d96a2.jpeg | https://turbo.kg/images/014/818/512/f1fbba63848ccfe3dffc4ba661b42e87.jpeg | https://turbo.kg/images/014/818/513/f2b9e359467b9e7401c3355b88511f2f.jpeg | https://turbo.kg/images/014/818/514/3666841ec65e2b52a4dec42f2de0d8eb.jpeg | https://turbo.kg/images/014/818/515/9da0f58790775501926a912ac40a8801.jpeg | https://turbo.kg/images/014/818/516/cc1e73c5badd3ef037d70140fd7f14f2.jpeg
https://turbo.kg/cars/1nFWv4GX,AC ACE 2015 года за 2 000 сом,2000,2015.0,12.0,https://turbo.kg/images/014/818/466/f084d38842649889de3d3055704a742f-thumb.jpg,1.0,2026-05-05T01:50:10+06:00,,,,"9.9 л, дизель",,,механика,кабриолет,,,,,,12 км,,,,,справа,,,,,Blue,,https://turbo.kg/images/014/818/466/f084d38842649889de3d3055704a742f.jpeg
https://turbo.kg/cars/sJf1BHnk,"Honda Jazz I 1.5, 2005",565000,2005.0,249686.0,https://turbo.kg/images/014/818/365/2187783a50b6a8fef7534dc20595a45e-thumb.jpg,10.0,2026-05-04T20:45:04+06:00,,2005,,1.5 л / бензин,,вариатор,,хэтчбек 5 дв.,,в наличии,,,передний,249686 км,,,,"Манас (Джалал-Абад), Джалал-Абадская область",слева,хорошее,растаможен,,Кыргызстан,хамелеон,565000.0,https://turbo.kg/images/014/818/365/2187783a50b6a8fef7534dc20595a45e.jpeg | https://turbo.kg/images/014/818/366/5296ced2d69016e29ebb456443ebe2b3.jpeg | https://turbo.kg/images/014/818/367/9cb520de6742753128043a471a20f43d.jpeg | https://turbo.kg/images/014/818/368/c93f22a00118ceb9a714880ab8d26a24.jpeg | https://turbo.kg/images/014/818/369/b126973918df1704d2bcb0d78f1a8486.jpeg | https://turbo.kg/images/014/818/370/a0df85520f5928ef0d507e62981a5513.jpeg | https://turbo.kg/images/014/818/371/27cd0120a42c463a46f469f6ec9453c2.jpeg | https://turbo.kg/images/014/818/372/b852688bb557bfcb23ede31918f7c514.jpeg | https://turbo.kg/images/014/818/373/13f2fbde610c877974d2949e4affba2d.jpeg | https://turbo.kg/images/014/818/374/b374e627f0ac4e0402ad6d0a95f65517.jpeg
https://turbo.kg/cars/BlIu2iVH,"Toyota Camry VII (XV50) Рестайлинг 2.5, 2015",1092000,2015.0,190000.0,https://turbo.kg/images/014/818/351/91a99129191d39f1ade5cdaab22bc744-thumb.jpg,10.0,2026-05-04T20:40:04+06:00,,2015,,2.5 л / бензин,,автомат,,седан,,в наличии,,,передний,190000 км,,,,"Ош, Ошская область",слева,идеальное,растаможен,,Кыргызстан,синий,1092000.0,https://turbo.kg/images/014/818/351/91a99129191d39f1ade5cdaab22bc744.jpeg | https://turbo.kg/images/014/818/352/c9511095eb53f7a6be3c85d795e891cf.jpeg | https://turbo.kg/images/014/818/353/24624ec3cf6feed57115a40e06825c3b.jpeg | https://turbo.kg/images/014/818/354/5aae5a9817126882881705c572e9c5c5.jpeg | https://turbo.kg/images/014/818/355/43f547a636197c054531a97ae70e6b73.jpeg | https://turbo.kg/images/014/818/356/2b5e82b365e8988c4bec6e64cfcf583e.jpeg | https://turbo.kg/images/014/818/357/20ba73fadf6a0d89cf1a6ec564b31343.jpeg | https://turbo.kg/images/014/818/358/c1cf5cd0a8db6c14f2260c575bb6a4d4.jpeg | https://turbo.kg/images/014/818/359/0cd448b37219357e3ae37f05e7d134bc.jpeg | https://turbo.kg/images/014/818/360/095f44a8b1655b6c77fc9da93218f3a9.jpeg
https://turbo.kg/cars/xInvhGHk,"Volvo XC90 II 2.0, 2018",2360000,2018.0,230000.0,https://turbo.kg/images/014/818/338/5aa42d22e3d5c774ce58f49c21ecd43c-thumb.jpg,12.0,2026-05-04T20:00:05+06:00,,2018,,2.0 л / бензин,,автомат,,внедорожник 5 дв.,,в наличии,рассмотрю варианты,,полный,230000 км,,вложений не требует,,Бишкек,слева,хорошее,растаможен,,Кыргызстан,белый,2360000.0,https://turbo.kg/images/014/818/338/5aa42d22e3d5c774ce58f49c21ecd43c.jpeg | https://turbo.kg/images/014/818/339/fea2856268acb3100fd4d4b670591761.jpeg | https://turbo.kg/images/014/818/340/22a7c08ade3805c32d078c6514f7f1f2.jpeg | https://turbo.kg/images/014/818/341/757d68655c30e7c067003f569e2ff037.jpeg | https://turbo.kg/images/014/818/342/110accdfeaa90df7d3e7b9bdd7ccea07.jpeg | https://turbo.kg/images/014/818/343/7d25fa444d1c7f3ec6b984be01d654ac.jpeg | https://turbo.kg/images/014/818/344/f5099745aa10f0ba97bd50c3ddedab79.jpeg | https://turbo.kg/images/014/818/345/71eb6d4feebdb9731ed841d30aa3399b.jpeg | https://turbo.kg/images/014/818/346/0768d416c99d06964c34820ba860e356.jpeg | https://turbo.kg/images/014/818/347/a2a6446bf55c03ac8791814f671bd2c3.jpeg | https://turbo.kg/images/014/818/348/14e58f06d49ebd4e30b226b528efd2b8.jpeg | https://turbo.kg/images/014/818/349/10fd7665ea0fbb9dd9b46510c2307eae.jpeg
https://turbo.kg/cars/IaSWO7Yd,"Hyundai Tucson III Рестайлинг 1.6, 2019",1005000,2019.0,155000.0,https://turbo.kg/images/014/818/311/5549e6dcc18f11485cf5f7ee104348d3-thumb.jpg,6.0,2026-05-04T18:50:06+06:00,,2019,06KG482ANU,1.6 л / дизель,,робот,,внедорожник 5 дв.,,в наличии,рассмотрю варианты,,передний,155000 км,,,,"Ош, Ошская область",слева,хорошее,растаможен,,Кыргызстан,белый,1005000.0,https://turbo.kg/images/014/818/311/5549e6dcc18f11485cf5f7ee104348d3.jpeg | https://turbo.kg/images/014/818/312/0999d5578b07491704c41eed8d20942f.jpeg | https://turbo.kg/images/014/818/313/57f4fb45cd2c7a59896d42b3122fa4c7.jpeg | https://turbo.kg/images/014/818/314/d76763bc5cf3e2c978267205a0a5ca39.jpeg | https://turbo.kg/images/014/818/315/585857c44f64fcfc12eedaf97f7fb985.jpeg | https://turbo.kg/images/014/818/316/5bc42a9c309b7341c3e89b1c7d08aabc.jpeg
https://turbo.kg/cars/VeGzYSQw,"Toyota Levin XI (E170) 1.8, 2019",664000,2019.0,50000.0,https://turbo.kg/images/014/818/309/3fc8f9d41c3132ed149c18384006c209-thumb.jpg,2.0,2026-05-04T18:50:05+06:00,,2019,,1.8 л / гибрид,,вариатор,,седан,,в наличии,обмен не предлагать,,передний,50000 км,,,,Бишкек,слева,хорошее,растаможен,,Кыргызстан,серебристый,664000.0,https://turbo.kg/images/014/818/309/3fc8f9d41c3132ed149c18384006c209.jpeg | https://turbo.kg/images/014/818/310/2a9e4caae9dcd3a1e1a5a285cb0fbc8f.jpeg
https://turbo.kg/cars/lFo16eW8,Audi 200 2017 года за ~43 900 сом,43900,2017.0,,https://turbo.kg/images/014/818/308/210aca61c4dbdba6426c5a70fd5fc72a-thumb.jpg,1.0,2026-05-04T18:15:10+06:00,,,,"9.9 л, бензин",,,механика,седан,,,,,,,,,,,справа,,,,,,43900.0,https://turbo.kg/images/014/818/308/210aca61c4dbdba6426c5a70fd5fc72a.jpeg
https://turbo.kg/cars/1OCqckuw,"Honda Stepwgn II Рестайлинг Spada 2.4, 2005",700000,2005.0,170000.0,https://turbo.kg/images/014/818/264/ffe16315e2dc0818edd03d1cbce55383-thumb.jpg,8.0,2026-05-04T17:35:05+06:00,,2005,04KG105APG,2.4 л / бензин,,автомат,,минивэн,,в наличии,рассмотрю варианты,,передний,170000 км,,"техосмотр пройден, вложений не требует",,"Кара-Куль, Джалал-Абадская область",справа,идеальное,растаможен,,Кыргызстан,черный,700000.0,https://turbo.kg/images/014/818/264/ffe16315e2dc0818edd03d1cbce55383.jpeg | https://turbo.kg/images/014/818/265/83e63e9fd1eb46ce2578cdc55bdaae0c.jpeg | https://turbo.kg/images/014/818/266/d68f567135f51182c06b25fd992bab4c.jpeg | https://turbo.kg/images/014/818/267/c6a10a47fbed533adbe6abe81a2bd68d.jpeg | https://turbo.kg/images/014/818/268/fbb41908a36050cb4f43366050a7ef6f.jpeg | https://turbo.kg/images/014/818/269/6521ec5685c95a631417f92dab89c683.jpeg | https://turbo.kg/images/014/818/270/9812da4f41db198461b86490201568d4.jpeg | https://turbo.kg/images/014/818/271/6c939ac968ec38dbc7cee1438913aa5a.jpeg
https://turbo.kg/cars/qFcjz0d8,"Kia Carnival III 2.2, 2020",1486000,2020.0,150000.0,https://turbo.kg/images/014/818/257/0e4ccd03944b4a06f6b113d99043189b-thumb.jpg,7.0,2026-05-04T17:35:04+06:00,,2020,,2.2 л / дизель,,автомат,,минивэн,,в наличии,рассмотрю варианты,,передний,150000 км,,"свежепригнан, налог уплачен, техосмотр пройден, вложений не требует",есть,Бишкек,слева,идеальное,растаможен,,Кыргызстан,белый,1486000.0,https://turbo.kg/images/014/818/257/0e4ccd03944b4a06f6b113d99043189b.jpeg | https://turbo.kg/images/014/818/258/9772622abc9081f264a884fb52ea2a1f.jpeg | https://turbo.kg/images/014/818/259/639b5f0e05f1ba3b76320734767f398d.jpeg | https://turbo.kg/images/014/818/260/7f3fa2376c2659dc2c1b04f96a842a2c.jpeg | https://turbo.kg/images/014/818/261/30ba3c863e2f44496126eba157447fcf.jpeg | https://turbo.kg/images/014/818/262/4eb051b39e46882dbd40e3230b4324a0.jpeg | https://turbo.kg/images/014/818/263/de9ee243de331a8e130a618258a684b6.jpeg
https://turbo.kg/cars/d7ziGq6H,"Kia K5 II Седан 2.0, 2019",1136000,2019.0,85000.0,https://turbo.kg/images/014/818/245/c16927a8da2b8a4a84ba77a3a23a6a50-thumb.jpg,12.0,2026-05-04T17:25:04+06:00,,2019,,2.0 л / бензин,,автомат,,седан,,в наличии,обмен не предлагать,,передний,85000 км,,вложений не требует,,"Ош, Ошская область",слева,хорошее,растаможен,,Кыргызстан,синий,1136000.0,https://turbo.kg/images/014/818/245/c16927a8da2b8a4a84ba77a3a23a6a50.jpeg | https://turbo.kg/images/014/818/246/3d5e659a719f07768d02d57a90d261d2.jpeg | https://turbo.kg/images/014/818/247/fe5db57b598cca8f5d746ae5f7a0f98c.jpeg | https://turbo.kg/images/014/818/248/2c28f2b458e604fa6152a52412f503f4.jpeg | https://turbo.kg/images/014/818/249/1a6ee7d0bcfda4b7e4fa1e195881f720.jpeg | https://turbo.kg/images/014/818/250/898238730403fe12b156be5dcffbcfe4.jpeg | https://turbo.kg/images/014/818/251/157358311fad5486920ed75929820de7.jpeg | https://turbo.kg/images/014/818/252/200d065d1ff87492b3fa47e0f615e532.jpeg | https://turbo.kg/images/014/818/253/6dfa7e7eb09828480aac1c4c2f507501.jpeg | https://turbo.kg/images/014/818/254/5be33f1a5a013ddc6f866b36342390d1.jpeg | https://turbo.kg/images/014/818/255/845c2f12eba6b0a64f116b4af5fabbef.jpeg | https://turbo.kg/images/014/818/256/6584209a15d20d401d1b09cd7cbe7e95.jpeg
https://turbo.kg/cars/cNll97Fq,"Honda Avancier I Рестайлинг 2.3, 2003",450000,2003.0,274000.0,https://turbo.kg/images/014/818/236/4ad2df8b3cf5d11137123cc8262ff87e-thumb.jpg,9.0,2026-05-04T16:55:05+06:00,,2003,B6702AE,2.3 л / бензин,,автомат,,универсал,,в наличии,,,передний,274000 км,,,,Бишкек,справа,хорошее,растаможен,,Кыргызстан,бежевый,450000.0,https://turbo.kg/images/014/818/236/4ad2df8b3cf5d11137123cc8262ff87e.jpeg | https://turbo.kg/images/014/818/237/c3d7b3013ecb2c842c17ee41d8e23bb0.jpeg | https://turbo.kg/images/014/818/238/0ac4d6757f89cd6cf7717aadfd718ef2.jpeg | https://turbo.kg/images/014/818/239/5470e022eb4577a7bbd7368f93dc6445.jpeg | https://turbo.kg/images/014/818/240/66e186ee31d2a39926db63a1c830b2f5.jpeg | https://turbo.kg/images/014/818/241/0e0562c860a848817bc4c6bf3a0bbead.jpeg | https://turbo.kg/images/014/818/242/99bab4392320a80ce5b78dd98216859b.jpeg | https://turbo.kg/images/014/818/243/d612c50eb83d92cf12225e617fd9e275.jpeg | https://turbo.kg/images/014/818/244/e6348e09b558de8c86a8fef54faac1f4.jpeg
https://turbo.kg/cars/hNjJvsMM,"Toyota Estima II Рестайлинг 3.0, 2005",1145000,2005.0,170000.0,https://turbo.kg/images/014/818/226/3ccdb06a57aa20edfd2b79f3ddc551bb-thumb.jpg,12.0,2026-05-04T16:35:05+06:00,,2005,B4219AC,3.0 л / бензин,,автомат,,минивэн,,в наличии,рассмотрю варианты,,передний,170000 км,,"налог уплачен, техосмотр пройден, вложений не требует",есть,Бишкек,справа,идеальное,растаможен,,Кыргызстан,белый,1145000.0,https://turbo.kg/images/014/818/226/3ccdb06a57aa20edfd2b79f3ddc551bb.jpeg | https://turbo.kg/images/014/819/903/49eca3d32a1631560951303fde5194a2.jpeg | https://turbo.kg/images/014/819/904/5dc14e50e22624df58c8487422dab63c.jpeg | https://turbo.kg/images/014/819/905/2b012ca07e31c478d426f4814cc18c12.jpeg | https://turbo.kg/images/014/819/906/b6191f5ba69155c5fbbec28d24dfb846.jpeg | https://turbo.kg/images/014/819/907/5ff561fab9497122ca5743ad014777aa.jpeg | https://turbo.kg/images/014/819/908/6fe97a0a80234d3e84fa43ae4abbfbd8.jpeg | https://turbo.kg/images/014/819/909/02ecc644fa8b8102ae7cdebf6cc20f1a.jpeg | https://turbo.kg/images/014/819/910/32f260287aa8402cdff824270dbc66da.jpeg | https://turbo.kg/images/014/819/911/82b91bd8c3873bca9a5abb6910be047c.jpeg | https://turbo.kg/images/014/819/912/46d8509b685ef443ee652cb6313b7a20.jpeg | https://turbo.kg/images/014/819/913/9c7765d66542f40953f88f65101a475d.jpeg
https://turbo.kg/cars/Q4wOIDFF,"Hyundai Sonata VII (LF) Рестайлинг 2.0, 2018",1031000,2018.0,255000.0,https://turbo.kg/images/014/818/220/d7cadacfb9a3052d534405d071dbe106-thumb.jpg,4.0,2026-05-04T16:30:04+06:00,,2018,,2.0 л / газ,,автомат,,седан,,в наличии,,,передний,255000 км,,вложений не требует,,"Ош, Ошская область",слева,идеальное,растаможен,,Кыргызстан,белый,1031000.0,https://turbo.kg/images/014/818/220/d7cadacfb9a3052d534405d071dbe106.jpeg | https://turbo.kg/images/014/818/221/ab2bdcfd3f6f5ad684aeaf7bdc0bce46.jpeg | https://turbo.kg/images/014/818/222/82b9c70098a123c2195b582f3f538efe.jpeg | https://turbo.kg/images/014/818/223/493cf5cd3ece920e5d96a6e0c98d0156.jpeg
https://turbo.kg/cars/sqxHfnXF,"BMW X5 IV (G05/G18) 30d 3.0, 2019",3670000,2019.0,179000.0,https://turbo.kg/images/014/818/203/28a5d87c501c35c7423b8b18f395a18c-thumb.jpg,12.0,2026-05-04T15:45:04+06:00,,2019,,3.0 л / дизель,,автомат,,внедорожник 5 дв.,,в наличии,рассмотрю варианты,,полный,179000 км,,свежепригнан,,Бишкек,слева,хорошее,растаможен,,Кыргызстан,белый,3670000.0,https://turbo.kg/images/014/818/203/28a5d87c501c35c7423b8b18f395a18c.jpeg | https://turbo.kg/images/014/818/204/cee6e2b21d42cfaf99957dd57868f1dc.jpeg | https://turbo.kg/images/014/818/205/a0d167994423ffd07e3a314612396879.jpeg | https://turbo.kg/images/014/818/206/a446795f662a0ed96a84ce63f5f7452f.jpeg | https://turbo.kg/images/014/818/207/79477b7b1e229d1c9349465a584d3336.jpeg | https://turbo.kg/images/014/818/208/4804c5c94cc5450bd3103f843e609c84.jpeg | https://turbo.kg/images/014/818/209/b07d870e7faef832ff1e71da103060cc.jpeg | https://turbo.kg/images/014/818/210/9e6b99ea44cab8c862c4620e40287ef1.jpeg | https://turbo.kg/images/014/818/211/a0e8256d54df00280e13f9f6624e07a2.jpeg | https://turbo.kg/images/014/818/212/abfbfb2b244714b64189e0d88fc90d15.jpeg | https://turbo.kg/images/014/818/213/9cd9917f643fc9b1b8920a9c2ac62140.jpeg | https://turbo.kg/images/014/818/214/e4616334d0b9536df9ac676b552b31f0.jpeg
https://turbo.kg/cars/IlPjAlO7,"Lexus RX IV 450h 3.5, 2017",2578000,2017.0,182000.0,https://turbo.kg/images/014/818/156/f742e86108dc9d42709bcbbd33ef2415-thumb.jpg,7.0,2026-05-04T15:15:07+06:00,,2017,,3.5 л / гибрид,,вариатор,,внедорожник 5 дв.,,в наличии,рассмотрю варианты,,полный,182000 км,,,,Бишкек,слева,хорошее,растаможен,,Кыргызстан,серебристый,2578000.0,https://turbo.kg/images/014/818/156/f742e86108dc9d42709bcbbd33ef2415.jpeg | https://turbo.kg/images/014/818/157/673ce9663e437a49b926f31502d83b67.jpeg | https://turbo.kg/images/014/818/158/cb781d62cf8362fc7a61c5db71541358.jpeg | https://turbo.kg/images/014/818/159/8d79500a12a29f86f15d698a36ed28fd.jpeg | https://turbo.kg/images/014/818/160/7619a6a2cad64c84c796b672ad2c2274.jpeg | https://turbo.kg/images/014/818/161/d93f65b66feacc9635eb890e3ef878f8.jpeg | https://turbo.kg/images/014/818/162/ad69ab91549444a5e1542e6924347e82.jpeg
https://turbo.kg/cars/CV2uhoDf,"Hyundai Sonata VIII (DN8) 2.0, 2019",1223000,2019.0,149000.0,https://turbo.kg/images/014/818/144/863142485e7d9a903c91d3d1e0558b09-thumb.jpg,11.0,2026-05-04T15:00:04+06:00,,2019,01KG855AZI,2.0 л / бензин,,автомат,,седан,,в наличии,обмен не предлагать,,передний,149000 км,,,,Бишкек,слева,хорошее,растаможен,,Кыргызстан,белый,1223000.0,https://turbo.kg/images/014/818/144/863142485e7d9a903c91d3d1e0558b09.jpeg | https://turbo.kg/images/014/818/145/4cc6d9e399bb402ebeab1030657141b9.jpeg | https://turbo.kg/images/014/818/146/76b9e43dd199726cc85786bebcaa4cdc.jpeg | https://turbo.kg/images/014/818/147/92cea62a349e795ba3143f97da7cb198.jpeg | https://turbo.kg/images/014/818/148/819bee7fb599d6f6f2262224b60ec821.jpeg | https://turbo.kg/images/014/818/149/9491e9df2e68cf4344318dfe5736d5d2.jpeg | https://turbo.kg/images/014/818/150/12de7e070b96fb9e3b1c1fd74cdd71f9.jpeg | https://turbo.kg/images/014/818/152/9658978af8121635227c920a6280a057.jpeg | https://turbo.kg/images/014/818/153/d38932c0af5db1ecd2612e42b1cae517.jpeg | https://turbo.kg/images/014/818/154/7df8709e38f9355ea1611466f67d1537.jpeg | https://turbo.kg/images/014/818/155/0bb211b21baf408d8bacb244c46d39d4.jpeg
https://turbo.kg/cars/VLuA8Mrw,"Changan UNI-Z 1.5, 2025",1262000,2025.0,16000.0,https://turbo.kg/images/014/818/132/ac01dcf7421d0fc579c65c29532a5231-thumb.jpg,12.0,2026-05-04T14:50:04+06:00,,2025,04KG444BBB,1.5 л / бензин,,робот,,внедорожник 5 дв.,,в наличии,обмен не предлагать,,передний,16000 км,,"налог уплачен, техосмотр пройден, вложений не требует",,"Манас (Джалал-Абад), Джалал-Абадская область",слева,идеальное,растаможен,,Кыргызстан,серый,1262000.0,https://turbo.kg/images/014/818/132/ac01dcf7421d0fc579c65c29532a5231.jpeg | https://turbo.kg/images/014/818/133/245590b0cee16e257f837adeffd19ecc.jpeg | https://turbo.kg/images/014/818/134/e2cf58a2607999919275d9bce07defbb.jpeg | https://turbo.kg/images/014/818/135/af4e00552d809ef9e952e207a558f135.jpeg | https://turbo.kg/images/014/818/136/d52460c6c0024a682eea0384c24f286e.jpeg | https://turbo.kg/images/014/818/137/9eb954b107be0185e8ceba26f0a46b15.jpeg | https://turbo.kg/images/014/818/138/04c139914766258fa7c8a8afc7bc5c36.jpeg | https://turbo.kg/images/014/818/139/a93a41f117de193a12128e77148b1d63.jpeg | https://turbo.kg/images/014/818/140/9df60746d98f7895433c8f9344385b75.jpeg | https://turbo.kg/images/014/818/141/8f53701a1c4eb406505e950b02402824.jpeg | https://turbo.kg/images/014/818/142/5363d8ffc358c18977c5d12443cbc52e.jpeg | https://turbo.kg/images/014/818/143/420dacf215246ea5bc97a4fe21e9337d.jpeg
https://turbo.kg/cars/AZymz8XP,"Toyota Camry VII (XV50) Рестайлинг 2.5, 2016",2001000,2016.0,122000.0,https://turbo.kg/images/014/818/123/b5e9ae955b1f003223682f054ada8629-thumb.jpg,9.0,2026-05-04T14:00:04+06:00,,2016,,2.5 л / бензин,,автомат,,седан,,в наличии,обмен не предлагать,,передний,122000 км,,вложений не требует,,"Ош, Ошская область",слева,идеальное,растаможен,,Кыргызстан,белый,2001000.0,https://turbo.kg/images/014/818/123/b5e9ae955b1f003223682f054ada8629.jpeg | https://turbo.kg/images/014/818/124/df417b7e290f22a1c54b7872797eae76.jpeg | https://turbo.kg/images/014/818/125/b054dd7f4513179916270cb0a533d96d.jpeg | https://turbo.kg/images/014/818/126/7c3d6c3231f0a9eeb5b430a3eec45411.jpeg | https://turbo.kg/images/014/818/127/12385c0496e2dc665c8e2daf59068467.jpeg | https://turbo.kg/images/014/818/128/360dc8d7a94a03e8484de565ce862182.jpeg | https://turbo.kg/images/014/818/129/117e0f985c3b55acc090a1813820bf56.jpeg | https://turbo.kg/images/014/818/130/30ad1e0a830d0fae8b2b40d8747fb8b0.jpeg | https://turbo.kg/images/014/818/131/e6ef0ba9d3b0160111d498a0233af314.jpeg
https://turbo.kg/cars/jmgQhPg4,"Toyota Wildlander 2.0, 2026",3102000,2026.0,13.0,https://turbo.kg/images/014/818/118/416d5d011938f95fbfb05f33e5d1874f-thumb.jpg,5.0,2026-05-04T13:55:04+06:00,,2026,,2.0 л / бензин,,вариатор,,внедорожник 5 дв.,,в наличии,обмен не предлагать,,полный,13 км,,,,Бишкек,слева,новое,растаможен,,Не стоит на учёте,белый,3102000.0,https://turbo.kg/images/014/818/118/416d5d011938f95fbfb05f33e5d1874f.jpeg | https://turbo.kg/images/014/818/119/93ff1a24e9e2877597a823d33bcc5e64.jpeg | https://turbo.kg/images/014/818/120/566b3f6e2e99a36473e65aec1b3d4b17.jpeg | https://turbo.kg/images/014/818/121/4c44a5a2de5df3d3942dc007c6001911.jpeg | https://turbo.kg/images/014/818/122/f6f6f4f611eedfbe4912d3c024a4c49e.jpeg
https://turbo.kg/cars/U91NiEIs,"Kia Sorento III Prime Рестайлинг 2.2, 2019",1573000,2019.0,145000.0,https://turbo.kg/images/014/817/802/a5839c5d47c840fd60b1c83624ed821e-thumb.jpg,9.0,2026-05-03T20:00:07+06:00,,2019,,2.2 л / дизель,,автомат,,внедорожник 5 дв.,,в наличии,рассмотрю варианты,,передний,145000 км,,"свежепригнан, налог уплачен, техосмотр пройден, вложений не требует",,Бишкек,слева,хорошее,растаможен,,Кыргызстан,черный,1573000.0,https://turbo.kg/images/014/817/802/a5839c5d47c840fd60b1c83624ed821e.jpeg | https://turbo.kg/images/014/817/803/16a13ba32a24108b09a78095cfc83016.jpeg | https://turbo.kg/images/014/817/804/5cb74b34a7dfe7c15b781d38adce1da5.jpeg | https://turbo.kg/images/014/817/805/05a29c92fd59867efe2f2650232b06f3.jpeg | https://turbo.kg/images/014/817/806/88cd70119dea261eadf50bae8375bf7a.jpeg | https://turbo.kg/images/014/817/807/600ee0ce64e1cd997e2b19db31f3cd1f.jpeg | https://turbo.kg/images/014/817/808/b1ef91f8b0c6aa06f7acfc8a355da790.jpeg | https://turbo.kg/images/014/817/809/acab5030205a1abf202605a023db2a6a.jpeg | https://turbo.kg/images/014/817/810/241565d29fafe1569e00662d07b14880.jpeg
https://turbo.kg/cars/bs6rYb5J,"Lexus RX IV 350 3.5, 2017",2971000,2017.0,188000.0,https://turbo.kg/images/014/817/794/d6511382e69728d6201b0def7d7d6d69-thumb.jpg,8.0,2026-05-03T20:00:06+06:00,,2017,,3.5 л / бензин,,автомат,,внедорожник 5 дв.,,в наличии,обмен не предлагать,,полный,188000 км,,вложений не требует,,Бишкек,слева,хорошее,растаможен,,Кыргызстан,белый,2971000.0,https://turbo.kg/images/014/817/794/d6511382e69728d6201b0def7d7d6d69.jpeg | https://turbo.kg/images/014/817/795/7fccd8596220ea75c449fb81367c27b3.jpeg | https://turbo.kg/images/014/817/796/91cc15c3b7470d94d1e027489e9d6a8b.jpeg | https://turbo.kg/images/014/817/797/b7ca107daa2231f5f4b833a80a80cf39.jpeg | https://turbo.kg/images/014/817/798/ad35e5327af0e6b0a6b09f1eb561d98e.jpeg | https://turbo.kg/images/014/817/799/a35747562fcf6aed42b84d20ca2b601a.jpeg | https://turbo.kg/images/014/817/800/13e0477fc0e649715d3c3c2abe3c7df5.jpeg | https://turbo.kg/images/014/817/801/dba42afe95a4092caf298c4bbd499145.jpeg
https://turbo.kg/cars/DYbIP0Dz,"Genesis G80 II 2.5, 2021",2491000,2021.0,63000.0,https://turbo.kg/images/014/817/783/e9a4e11346e09a58ff3c211806b1cf74-thumb.jpg,12.0,2026-05-03T19:35:05+06:00,,2021,,2.5 л / бензин,,автомат,,седан,,в наличии,,,задний,63000 км,,,,Бишкек,слева,идеальное,растаможен,,Кыргызстан,синий,2491000.0,https://turbo.kg/images/014/817/783/e9a4e11346e09a58ff3c211806b1cf74.jpeg | https://turbo.kg/images/014/817/784/92420ee5eb0b9cead2b8374f89d99b65.jpeg | https://turbo.kg/images/014/817/785/3dca7061b4bd8435999f9f2be0bb41d4.jpeg | https://turbo.kg/images/014/817/786/f0017339c7b618e566989c38e338d07e.jpeg | https://turbo.kg/images/014/817/787/379cadbe40d574be96151a30626660d8.jpeg | https://turbo.kg/images/014/817/788/fb3195d451764455126eee90ced54c4e.jpeg | https://turbo.kg/images/014/817/789/4c00649b8c1f8ce055c301eff82d8ae5.jpeg | https://turbo.kg/images/014/817/790/5df0fa2a71a4ec4d4f10fc7799c65b39.jpeg | https://turbo.kg/images/014/817/791/9eeec54ba003f8705a9b9443fa9d3bce.jpeg | https://turbo.kg/images/014/817/792/1a2792dd57ba7314a3650cebd0c39bdd.jpeg | https://turbo.kg/images/014/817/793/25a7293c0ce3b8377fd4bfc2e18f412d.jpeg | https://turbo.kg/images/014/818/350/bbf145d57a803dfc1bf18436570b38ee.jpeg
https://turbo.kg/cars/ahEQiTUh,"Lexus LX II Рестайлинг 470 4.7, 2003",1355000,2003.0,418429.0,https://turbo.kg/images/014/817/770/eb5749a47426d10b3d0809f6f2fced70-thumb.jpg,3.0,2026-05-03T19:05:05+06:00,,2003,,4.7 л / бензин,,автомат,,внедорожник 5 дв.,,в наличии,,,полный,418429 км,,,,Бишкек,слева,хорошее,растаможен,,Кыргызстан,черный,1355000.0,https://turbo.kg/images/014/817/770/eb5749a47426d10b3d0809f6f2fced70.jpeg | https://turbo.kg/images/014/817/771/3a19bbcd566c53e252cbbe6ca59f0180.jpeg | https://turbo.kg/images/014/817/772/c0b076ce656425d952d7a83f2776a363.jpeg
https://turbo.kg/cars/1tF28Jp5,"BMW X4 II (G02) 20d 2.0, 2020",2491000,2020.0,165000.0,https://turbo.kg/images/014/817/764/ccaef799c918df358eb4a824a4f5ab19-thumb.jpg,6.0,2026-05-03T19:00:05+06:00,,2020,,2.0 л / дизель,,автомат,,внедорожник 5 дв.,,в наличии,рассмотрю варианты,,полный,165000 км,,вложений не требует,,Бишкек,слева,хорошее,растаможен,,Кыргызстан,черный,2491000.0,https://turbo.kg/images/014/817/764/ccaef799c918df358eb4a824a4f5ab19.jpeg | https://turbo.kg/images/014/817/765/ad8305309acdf08f09b925a247e83b9c.jpeg | https://turbo.kg/images/014/817/766/a1e2164083734645f45b2705b8a6ec39.jpeg | https://turbo.kg/images/014/817/767/ffbf723ff987488620d7d4b0f8980bf1.jpeg | https://turbo.kg/images/014/817/768/637d47720c158b2cd80691989d7cc999.jpeg | https://turbo.kg/images/014/817/769/1ab1e3a0a3ceeee449431cde2a562266.jpeg
https://turbo.kg/cars/X9yrS0iu,"Toyota Highlander I (U20) Рестайлинг 3.3, 2005",1206000,2005.0,179000.0,https://turbo.kg/images/014/817/754/adfd4b8e2c497de7b512ebbd90640450-thumb.jpg,10.0,2026-05-03T17:55:06+06:00,,2005,01KG101MLK,3.3 л / бензин,,автомат,,внедорожник 5 дв.,,в наличии,рассмотрю варианты,,полный,179000 км,,вложений не требует,,Бишкек,слева,идеальное,растаможен,,Кыргызстан,серебристый,1206000.0,https://turbo.kg/images/014/817/754/adfd4b8e2c497de7b512ebbd90640450.jpeg | https://turbo.kg/images/014/817/755/8950c33b127f5710a73a791d3371d398.jpeg | https://turbo.kg/images/014/817/756/6a0dfbd8d78a9625921bb186e17542d7.jpeg | https://turbo.kg/images/014/817/757/632a7e0940623a2efbc9b0ff6bb79ffb.jpeg | https://turbo.kg/images/014/817/758/4176d911bdd7251fcba13c5ba5e13c35.jpeg | https://turbo.kg/images/014/817/759/264f9cf8c9f20f9c0fd34260c72ab0a8.jpeg | https://turbo.kg/images/014/817/760/0477d358ed96a8c7118fc81b97e36089.jpeg | https://turbo.kg/images/014/817/761/022cf6d1dbc77ee67251c333496378f1.jpeg | https://turbo.kg/images/014/817/762/31da6e866cab8925f0f86939e5492ba7.jpeg | https://turbo.kg/images/014/817/763/7c59d699b06779343b3d8c2d7ed97046.jpeg
https://turbo.kg/cars/A1YMSoSL,"Kia K5 III Седан 2.0, 2020",1441000,2020.0,160000.0,https://turbo.kg/images/014/817/742/4d72223553a257be08ae8347337913b6-thumb.jpg,12.0,2026-05-03T17:35:06+06:00,,2020,,2.0 л / гибрид,,автомат,,седан,,в наличии,,,передний,160000 км,,свежепригнан,есть,Бишкек,слева,идеальное,растаможен,,Кыргызстан,белый,1441000.0,https://turbo.kg/images/014/817/742/4d72223553a257be08ae8347337913b6.jpeg | https://turbo.kg/images/014/817/743/136b90e89a001e85ed8d8ba7030a764a.jpeg | https://turbo.kg/images/014/817/744/65313829f08c263e9d4d7f03fec61798.jpeg | https://turbo.kg/images/014/817/745/89a806c4bda84db57616c3a508df3aef.jpeg | https://turbo.kg/images/014/817/746/896132fa549e7f34e60abb77ec519db8.jpeg | https://turbo.kg/images/014/817/747/99184174b846cafcd64d20d593e5e177.jpeg | https://turbo.kg/images/014/817/748/1c244c3c154b01c26b25afcba0f87603.jpeg | https://turbo.kg/images/014/817/749/bc9ce552845d9644b1dc10b4cb8f4f2b.jpeg | https://turbo.kg/images/014/817/750/0d2c312161fa1855716a2dab82d450bf.jpeg | https://turbo.kg/images/014/817/751/b1c61317f58a00cdb40eb39177e86f5e.jpeg | https://turbo.kg/images/014/817/752/454bd5a3c5eccafaf9da19de2e4246dc.jpeg | https://turbo.kg/images/014/817/753/0bd1d904a4a2d97f35eb5ac8e5e49b5b.jpeg
https://turbo.kg/cars/PHoHt5oJ,"BMW X7 I (G07) Рестайлинг 40i 3.0, 2026",10312000,2026.0,50.0,https://turbo.kg/images/014/817/721/b955ef646a028c141a6449542e68f728-thumb.jpg,21.0,2026-05-03T17:30:08+06:00,,2026,,3.0 л / бензин,,автомат,,внедорожник 5 дв.,,в наличии,,,полный,50 км,,,,Бишкек,слева,новое,не растаможен,,Не стоит на учёте,белый,10312000.0,https://turbo.kg/images/014/817/721/b955ef646a028c141a6449542e68f728.jpeg | https://turbo.kg/images/014/817/722/9556f17263c1e6bce67d20c845495ec5.jpeg | https://turbo.kg/images/014/817/723/4dbcdac407da17776dfb0e973a62de1b.jpeg | https://turbo.kg/images/014/817/724/7e502db24a799929175164cc2b1618e6.jpeg | https://turbo.kg/images/014/817/725/b6d6e9ef678c0d134d2b2af8546dd86a.jpeg | https://turbo.kg/images/014/817/726/142dbdc3de429b1e7dd58fe7a518cef9.jpeg | https://turbo.kg/images/014/817/727/4998ebb3ac85e88d2e1bceedb4a23edc.jpeg | https://turbo.kg/images/014/817/728/facaf01995219de4c9aec87d02db6f02.jpeg | https://turbo.kg/images/014/817/729/49bb68a586e9674a0bc2ac7bca3dd5f8.jpeg | https://turbo.kg/images/014/817/730/8cbe4b038303b3d9e82bb11f47c6446b.jpeg | https://turbo.kg/images/014/817/731/1d5bf0e9adb93a5dd30b7fd608085bda.jpeg | https://turbo.kg/images/014/817/732/1830c64174ef325d1744e5600eb81a72.jpeg | https://turbo.kg/images/014/817/733/46bf98a018c995f2ed905a69b6536e2e.jpeg | https://turbo.kg/images/014/817/734/344a139270f0edbb26378bfc2c4ac2df.jpeg | https://turbo.kg/images/014/817/735/d868eecf48a8d531027c691d20beb2d9.jpeg | https://turbo.kg/images/014/817/736/bda7047e3cfdbf1d52cdeda18a8c3df4.jpeg | https://turbo.kg/images/014/817/737/65080877e116ab3f03fbfce738939d2d.jpeg | https://turbo.kg/images/014/817/738/c1f476e1d439f5454f68076c69bbe07a.jpeg | https://turbo.kg/images/014/817/739/a675eb868c1930c769fedf40953ac6f7.jpeg | https://turbo.kg/images/014/817/740/88aed7bdf4605617338051efcfab1af8.jpeg | https://turbo.kg/images/014/817/741/0fbc308beda400ea35301558355674ae.jpeg
https://turbo.kg/cars/Ui047Qm1,"Toyota 4Runner V Рестайлинг 4.0, 2020",2622000,2020.0,247452.0,https://turbo.kg/images/014/817/716/34b88c2a1a8214ca0cb15ce3a6f97141-thumb.jpg,5.0,2026-05-03T17:30:06+06:00,,2020,03KG119AGJ,4.0 л / бензин,,автомат,,внедорожник 5 дв.,,в наличии,рассмотрю варианты,,полный,247452 км,,свежепригнан,,Бишкек,слева,хорошее,растаможен,,Кыргызстан,синий,2622000.0,https://turbo.kg/images/014/817/716/34b88c2a1a8214ca0cb15ce3a6f97141.jpeg | https://turbo.kg/images/014/817/717/2ad544c655f789d32fb21796439ebfef.jpeg | https://turbo.kg/images/014/817/718/f3d9c7a51aa3e8a60578acf2bae82333.jpeg | https://turbo.kg/images/014/817/719/8ce8d6d799ffd65323cb0e73bee71359.jpeg | https://turbo.kg/images/014/817/720/e989a29088128c2bc28c35b32f4dfd67.jpeg
https://turbo.kg/cars/G42vSLvh,"BMW X7 I (G07) Рестайлинг 40i 3.0, 2023",8914000,2023.0,39000.0,https://turbo.kg/images/014/817/704/27b3aada6c931842bdaaf153785da6ed-thumb.jpg,12.0,2026-05-03T17:25:06+06:00,,2023,,3.0 л / бензин,,автомат,,внедорожник 5 дв.,,в наличии,обмен не предлагать,,полный,39000 км,,"свежепригнан, налог уплачен, техосмотр пройден, вложений не требует",,Бишкек,слева,идеальное,растаможен,,Кыргызстан,белый,8914000.0,https://turbo.kg/images/014/817/704/27b3aada6c931842bdaaf153785da6ed.jpeg | https://turbo.kg/images/014/817/705/cdda38b7d3cad39cd84584561ed5420c.jpeg | https://turbo.kg/images/014/817/706/95a19708d0ddbc50846a9fcdd6286c4a.jpeg | https://turbo.kg/images/014/817/707/1aef15a741eb5ca4f6fffe043f58d2e0.jpeg | https://turbo.kg/images/014/817/708/5d3b4103db77bdeb07e6edcad28c7501.jpeg | https://turbo.kg/images/014/817/709/f399d4d4df142b94c6ed5a10a124f915.jpeg | https://turbo.kg/images/014/817/710/705d4a091a2821ffa308f668eb91dd76.jpeg | https://turbo.kg/images/014/817/711/ab3bf63155c2783d64bf32f2f019b03c.jpeg | https://turbo.kg/images/014/817/712/150b61dbcc606079ec7d96254bae360f.jpeg | https://turbo.kg/images/014/817/713/cbc3366ae79953d53298dec1fd6cfe49.jpeg | https://turbo.kg/images/014/817/714/a0e6b51e34501294a88b56bbe2542035.jpeg | https://turbo.kg/images/014/817/715/9c0e6dc85e745dab9d0bbb7cb763dd78.jpeg
https://turbo.kg/cars/qGnWAWzl,"Hyundai Avante VII 1.6, 2021",1031000,2021.0,99000.0,https://turbo.kg/images/014/817/698/38db82c5f334dc0f416c50d4fe6756f0-thumb.jpg,6.0,2026-05-03T17:25:05+06:00,,2021,,1.6 л / бензин,,вариатор,,седан,,в наличии,обмен не предлагать,,передний,99000 км,,вложений не требует,,"Ош, Ошская область",слева,идеальное,растаможен,,Кыргызстан,серый,1031000.0,https://turbo.kg/images/014/817/698/38db82c5f334dc0f416c50d4fe6756f0.jpeg | https://turbo.kg/images/014/817/699/3e1f4c1c252e284376cac2048c1bf5b9.jpeg | https://turbo.kg/images/014/817/700/fd5da04f634729d0b54d7eaef3d71f4c.jpeg | https://turbo.kg/images/014/817/701/3164509e04e536290fc0ebd2baeda79b.jpeg | https://turbo.kg/images/014/817/702/38c848153fbb338872864deb3d69e8ca.jpeg | https://turbo.kg/images/014/817/703/b09bccda27eaba3cad7712f3ddc59cfe.jpeg
https://turbo.kg/cars/SrPWhSlf,"MINI Hatch III (F55/F56) Рестайлинг Cooper S 2.0, 2019",1634000,2019.0,75000.0,https://turbo.kg/images/014/819/395/391327eb8eae080595aedcdfb368cecc-thumb.jpg,8.0,2026-05-03T16:05:06+06:00,,2019,,2.0 л / бензин,,робот,,хэтчбек 5 дв.,,в наличии,обмен не предлагать,,передний,75000 км,,,,Бишкек,слева,идеальное,растаможен,,Кыргызстан,оранжевый,1634000.0,https://turbo.kg/images/014/819/395/391327eb8eae080595aedcdfb368cecc.jpeg | https://turbo.kg/images/014/819/396/ddb2347edc767b2b5dc5ed0b55ae1c78.jpeg | https://turbo.kg/images/014/819/397/6871dc0b9acac54c517c2b1126d42324.jpeg | https://turbo.kg/images/014/819/398/8922637f02a6c78b341cd0fc06d95577.jpeg | https://turbo.kg/images/014/819/399/8d208cf20581e95ba788b4ec8293c53d.jpeg | https://turbo.kg/images/014/819/400/520f1d21577539bd31f246887b6a5be0.jpeg | https://turbo.kg/images/014/819/401/5975b00810501372325acb09588f2e4d.jpeg | https://turbo.kg/images/014/819/402/8494d0e02854b406b36db0c50b3703a5.jpeg
https://turbo.kg/cars/v7HZq7Ug,"Lexus NX I Рестайлинг 300h 2.5, 2017",2185000,2017.0,110000.0,https://turbo.kg/images/014/817/649/012d88529bbc8ff6f38b6641b99f0b71-thumb.jpg,9.0,2026-05-03T15:50:06+06:00,,2017,01112AOU,2.5 л / гибрид,,вариатор,,внедорожник 5 дв.,,в наличии,обмен не предлагать,,полный,110000 км,,вложений не требует,,Бишкек,слева,хорошее,растаможен,,Кыргызстан,белый,2185000.0,https://turbo.kg/images/014/817/649/012d88529bbc8ff6f38b6641b99f0b71.jpeg | https://turbo.kg/images/014/817/650/08b2457c6d6dae0e1eb1ab2a6e29923d.jpeg | https://turbo.kg/images/014/817/651/997615732b68fae3918b071294205e5e.jpeg | https://turbo.kg/images/014/817/652/83bc6fd4975fdb9383eab4fd2842643d.jpeg | https://turbo.kg/images/014/817/653/2efc9cf6e6c4fa1876a3954a0ce9a49a.jpeg | https://turbo.kg/images/014/817/654/a9ae23b8b1c18aa98fbd6d0ab67b5334.jpeg | https://turbo.kg/images/014/817/655/fc23d83da0bbb8a5efa58095e8528729.jpeg | https://turbo.kg/images/014/817/656/8989b6b14a5b1fe7469978f1705533a4.jpeg | https://turbo.kg/images/014/817/657/6961e10345762efc9daa4da8cba550e2.jpeg
https://turbo.kg/cars/YdqwPVB4,"Subaru Outback V 2.5, 2016",1127000,2016.0,116113.0,https://turbo.kg/images/014/818/215/ef81f8d8776f29391c3024c948e02a8a-thumb.jpg,5.0,2026-05-03T15:50:05+06:00,,2016,,2.5 л / бензин,,вариатор,,универсал,,в наличии,,,полный,116113 км,,вложений не требует,,Бишкек,слева,хорошее,растаможен,,Кыргызстан,черный,1127000.0,https://turbo.kg/images/014/818/215/ef81f8d8776f29391c3024c948e02a8a.jpeg | https://turbo.kg/images/014/818/216/8a705897278a7c25303f305c5f7cf13a.jpeg | https://turbo.kg/images/014/818/217/e5051f9105a52919f08b0bf920b0a6a4.jpeg | https://turbo.kg/images/014/818/218/3ad00f622debf0c6947d34291f1bf2c9.jpeg | https://turbo.kg/images/014/818/219/24b63a753e515230030ce9a671f9b3e3.jpeg
https://turbo.kg/cars/JGxzdqpC,"Lexus RX IV Рестайлинг 350 3.5, 2022",3502000,2022.0,55000.0,https://turbo.kg/images/014/817/632/b74f18dacde77385089d8f62fa0611f2-thumb.jpg,5.0,2026-05-03T15:40:06+06:00,,2022,,3.5 л / бензин,,автомат,,внедорожник 5 дв.,,в наличии,с доплатой покупателя,,полный,55000 км,,,,Бишкек,слева,идеальное,растаможен,,Кыргызстан,белый,3502000.0,https://turbo.kg/images/014/817/632/b74f18dacde77385089d8f62fa0611f2.jpeg | https://turbo.kg/images/014/817/633/a1a77563108bffe3cc2b4ab7a6bde74e.jpeg | https://turbo.kg/images/014/817/634/8173f9116a17b50c06eb7b136e546de2.jpeg | https://turbo.kg/images/014/817/635/b491fca3c719eacbd5a6345a8a5f5b28.jpeg | https://turbo.kg/images/014/817/636/89e8e5a1b7ee6c049327d69cad847844.jpeg
https://turbo.kg/cars/vFd0Gk5a,"BMW 5 серии VII (G30/G31) 520d xDrive 2.0, 2019",1914000,2019.0,154000.0,https://turbo.kg/images/014/817/618/2eeb1dbc8eee778c7f2a3074f8a8c6be-thumb.jpg,7.0,2026-05-03T15:35:05+06:00,,2019,,2.0 л / дизель,,автомат,,седан,,в наличии,,,полный,154000 км,,"свежепригнан, налог уплачен, техосмотр пройден, вложений не требует",,Бишкек,слева,идеальное,растаможен,,Кыргызстан,серый,1914000.0,https://turbo.kg/images/014/817/618/2eeb1dbc8eee778c7f2a3074f8a8c6be.jpeg | https://turbo.kg/images/014/817/619/8cbc2aa402b0d3ae5ee98f1b2b8c8ff0.jpeg | https://turbo.kg/images/014/817/620/98c1e32d81ca35dadef484ff3e537a23.jpeg | https://turbo.kg/images/014/817/621/3249b6669f8af9983e1f774378775744.jpeg | https://turbo.kg/images/014/817/622/817e43f6b2d3aa761c7a926f60f04c89.jpeg | https://turbo.kg/images/014/817/623/89270c34776e4743d22c271d8ba8fabb.jpeg | https://turbo.kg/images/014/817/624/242d7218bd42bbdb49a006a5d78cc71d.jpeg
https://turbo.kg/cars/Ume7AQfp,"Chevrolet Spark IV 1.0, 2017",600000,2017.0,129000.0,https://turbo.kg/images/014/817/608/d4810d404a5fb24f193f856f49e5ea85-thumb.jpg,10.0,2026-05-03T15:05:05+06:00,KLY**************,2017,,1.0 л / бензин,,вариатор,,хэтчбек 5 дв.,,в наличии,обмен не предлагать,,передний,129000 км,,"налог уплачен, техосмотр пройден, вложений не требует",,Бишкек,слева,хорошее,растаможен,,Кыргызстан,серый,600000.0,https://turbo.kg/images/014/817/608/d4810d404a5fb24f193f856f49e5ea85.jpeg | https://turbo.kg/images/014/817/609/32b1cf94f424e21c814569664cdc840d.jpeg | https://turbo.kg/images/014/817/610/44c6f5c7609df0b1ebe30d22ff350c33.jpeg | https://turbo.kg/images/014/817/611/b8f4bf8b2d1f1e0a284b81c3a009bc42.jpeg | https://turbo.kg/images/014/817/612/a93a106525044c87999a7eb582e7f286.jpeg | https://turbo.kg/images/014/817/613/51df43d2dbb04671315d94c26997a7d7.jpeg | https://turbo.kg/images/014/817/614/491953c68651d2868a2d03beb120cc36.jpeg | https://turbo.kg/images/014/817/615/63e4031a085410e05aeb83809b4d6b79.jpeg | https://turbo.kg/images/014/817/616/27a406c1bea27de923b6412b2ab8a838.jpeg | https://turbo.kg/images/014/817/617/c972177f10b32d8a737db66de35d0a61.jpeg
https://turbo.kg/cars/rBn5he95,"Subaru Legacy VI Рестайлинг 2.5, 2019",979000,2019.0,138403.0,https://turbo.kg/images/014/817/599/aa6c75a4122562682dac31d16f946e94-thumb.jpg,9.0,2026-05-03T14:55:05+06:00,4S3**************,2019,04KG423AJV,2.5 л / бензин,,вариатор,,седан,,в наличии,с доплатой покупателя,,полный,138403 км,,,,"с. Ноокен, Джалал-Абадская область",слева,хорошее,растаможен,,Кыргызстан,черный,979000.0,https://turbo.kg/images/014/817/599/aa6c75a4122562682dac31d16f946e94.jpeg | https://turbo.kg/images/014/817/600/c9a74b50df65e8cf96352d6f2fe428a4.jpeg | https://turbo.kg/images/014/817/601/6e3ac7d1fd0e8fde1e91af9bb5ee80a4.jpeg | https://turbo.kg/images/014/817/602/55846458719c39035feb74c23bf33c40.jpeg | https://turbo.kg/images/014/817/603/ed616e31abd5233087c0ee0ed2f4ea27.jpeg | https://turbo.kg/images/014/817/604/2d9c3d3d13b3a07de272fa70735742e1.jpeg | https://turbo.kg/images/014/817/605/73582d072fe50d3a7cf04d6531beb37f.jpeg | https://turbo.kg/images/014/817/606/5e9093c14945a9e1ca87322628fecc1e.jpeg | https://turbo.kg/images/014/817/607/92cc03d9e5467089431a7cbc3d9268c8.jpeg
https://turbo.kg/cars/6VC4oEYA,"BMW 5 серии V (E60/E61) Рестайлинг 530xi 3.0, 2008",1573000,2008.0,360000.0,https://turbo.kg/images/014/817/590/3a92bca679124dd7b221a29df5647742-thumb.jpg,9.0,2026-05-03T14:50:06+06:00,,2008,04KG759ADG,3.0 л / бензин,,автомат,,седан,,в наличии,обмен не предлагать,,полный,360000 км,,,,Бишкек,слева,хорошее,растаможен,,Кыргызстан,белый,1573000.0,https://turbo.kg/images/014/817/590/3a92bca679124dd7b221a29df5647742.jpeg | https://turbo.kg/images/014/817/591/ac0f7d837d7bb0088a077296d1454830.jpeg | https://turbo.kg/images/014/817/592/8a6ed8434376c1d7aa7b4d06565b6a73.jpeg | https://turbo.kg/images/014/817/593/e17b19a57790816b2866593b0393d634.jpeg | https://turbo.kg/images/014/817/594/f0b727d3225bd593a3c049492e2ca9ff.jpeg | https://turbo.kg/images/014/817/595/84a46925b8165f21b746cefeec21525b.jpeg | https://turbo.kg/images/014/817/596/794114d1a0418b9a291fd27bdb531fa0.jpeg | https://turbo.kg/images/014/817/597/7b4f457d03f55376221e69ef5c2d18c0.jpeg | https://turbo.kg/images/014/817/598/b56d073958c8b14034a4a248cae7488f.jpeg
https://turbo.kg/cars/X8tPG31m,"Weltmeister EX5 I Electro AT (160 кВт), 2020",752000,2020.0,100000.0,https://turbo.kg/images/014/817/573/bc68bd16d6201618a6911c32ceb2e800-thumb.jpg,5.0,2026-05-03T14:25:06+06:00,,2020,,218 л.с. / 160 кВт / электро,,автомат,,внедорожник 5 дв.,,в наличии,обмен не предлагать,,передний,100000 км,,,,с. Кожомкул,слева,хорошее,растаможен,,Не стоит на учёте,коричневый,752000.0,https://turbo.kg/images/014/817/573/bc68bd16d6201618a6911c32ceb2e800.jpeg | https://turbo.kg/images/014/817/574/5993c0a4136e4a5aba55a366d4520c3e.jpeg | https://turbo.kg/images/014/817/575/9256c2c7226198326dac4ef641520526.jpeg | https://turbo.kg/images/014/817/576/c560c0abce6cfc5fc7f9b9202c88c6f6.jpeg | https://turbo.kg/images/014/817/577/6d9c73cab04bf8d1dd5149103fc41b72.jpeg
https://turbo.kg/cars/PVgADE45,"Mercedes-Benz S-Класс III (W140) 5.0, 1992",280000,1992.0,270000.0,https://turbo.kg/images/014/817/564/f8d413e9f7ac5f7b77e3a5224fbe9856-thumb.jpg,9.0,2026-05-03T14:25:05+06:00,,1992,,5.0 л / бензин,,автомат,,седан,,в наличии,рассмотрю варианты,,задний,270000 км,,,,"Базар-Коргон, Джалал-Абадская область",слева,хорошее,растаможен,,Кыргызстан,черный,280000.0,https://turbo.kg/images/014/817/564/f8d413e9f7ac5f7b77e3a5224fbe9856.jpeg | https://turbo.kg/images/014/817/565/cb2f10ca2aaa69877d34eadf85f3899b.jpeg | https://turbo.kg/images/014/817/566/03fe742413829e97c5559f5ac4ec6010.jpeg | https://turbo.kg/images/014/817/567/41367a4b2ebd416fc0d95203fdf29245.jpeg | https://turbo.kg/images/014/817/568/18d4a7b7c72bc60b6e0278752cfb118f.jpeg | https://turbo.kg/images/014/817/569/ecf3c9217dfdb313951a5636a44c1fdc.jpeg | https://turbo.kg/images/014/817/570/73964dd4f5e7ab351b3a2658f85a53c5.jpeg | https://turbo.kg/images/014/817/571/bf62bc2bce84c16ca1618145cce0f7ed.jpeg | https://turbo.kg/images/014/817/572/723ce000c2c72928110ed07013f6cb4f.jpeg
https://turbo.kg/cars/xKXYRJCw,"Zeekr 001 I 100 kWh Electro AT (200 кВт), 2021",1751000,2021.0,186000.0,https://turbo.kg/images/014/817/552/46a63dabd92a750df55cfec20cc45043-thumb.jpg,6.0,2026-05-03T13:55:05+06:00,,2021,08KG026AWU,272 л.с. / 200 кВт / электро,,автомат,,лифтбек,,в наличии,обмен не предлагать,,задний,186000 км,,"свежепригнан, налог уплачен, техосмотр пройден, вложений не требует",,с. Кожомкул,слева,хорошее,растаможен,,Кыргызстан,бирюзовый,1751000.0,https://turbo.kg/images/014/817/552/46a63dabd92a750df55cfec20cc45043.jpeg | https://turbo.kg/images/014/817/553/38824294267e6f84f8da22950372abe6.jpeg | https://turbo.kg/images/014/817/554/71eb06a9d7756cfacf68fbfbcc6fd43a.jpeg | https://turbo.kg/images/014/817/555/abbbeaf59931fa53704fcc5d48b6cb08.jpeg | https://turbo.kg/images/014/817/556/a4d12bb3661a3ac3e92e039f1dd92e05.jpeg | https://turbo.kg/images/014/817/557/82036e9a5e0963f95e33497b05665f53.jpeg
https://turbo.kg/cars/rjjFNXar,"BMW X5 IV (G05/G18) Рестайлинг 40i 3.0, 2025",10506000,2025.0,14.0,https://turbo.kg/images/014/817/545/ddf04b92decd0c425e47918dd0ee5971-thumb.jpg,7.0,2026-05-03T13:50:05+06:00,,2025,,3.0 л / бензин,,автомат,,внедорожник 5 дв.,,в наличии,обмен не предлагать,,полный,14 км,,свежепригнан,,Бишкек,слева,хорошее,растаможен,,Не стоит на учёте,черный,10506000.0,https://turbo.kg/images/014/817/545/ddf04b92decd0c425e47918dd0ee5971.jpeg | https://turbo.kg/images/014/817/546/5b873fcc272deb59c57b0ac34ff6e159.jpeg | https://turbo.kg/images/014/817/547/201cb4ece576d5779716c3613ab3f944.jpeg | https://turbo.kg/images/014/817/548/df871aba19d69c156156700df32e5ec8.jpeg | https://turbo.kg/images/014/817/549/14b13258596af75856e25c02fb8d183a.jpeg | https://turbo.kg/images/014/817/550/0849714a4955868bdb08a3fdf9690f61.jpeg | https://turbo.kg/images/014/817/551/0134535feda2ba258d5b1402a56bdfc2.jpeg
https://turbo.kg/cars/AXhaW1Aq,"Kia Sorento IV 2.2, 2021",3041000,2021.0,66000.0,https://turbo.kg/images/014/817/531/ff83d570c8946694ebcd34dd78e929c4-thumb.jpg,8.0,2026-05-03T13:05:06+06:00,,2021,,2.2 л / дизель,,робот,,внедорожник 5 дв.,,в наличии,рассмотрю варианты,,полный,66000 км,,,,Бишкек,слева,идеальное,растаможен,,Кыргызстан,синий,3041000.0,https://turbo.kg/images/014/817/531/ff83d570c8946694ebcd34dd78e929c4.jpeg | https://turbo.kg/images/014/817/532/3b7eab3b926c9c90e0cf91eb490398d3.jpeg | https://turbo.kg/images/014/817/533/448413963f199ee997e9613be1cd419c.jpeg | https://turbo.kg/images/014/817/534/d40bd3490f4f1246b8ccb3f75618e765.jpeg | https://turbo.kg/images/014/817/535/c0fbe3a74081dc76852045e68f4c6fd1.jpeg | https://turbo.kg/images/014/817/536/136e470f1ea00eed5e4f249e5a60fddf.jpeg | https://turbo.kg/images/014/817/537/5cc4f2f7c23c7e25bd287e57791c3453.jpeg | https://turbo.kg/images/014/817/538/7881e88c86dc08f858d733ef5a58afda.jpeg
https://turbo.kg/cars/UI7L77SO,"Hyundai Casper 1.0, 2021",699000,2021.0,32000.0,https://turbo.kg/images/014/817/519/fd61448af411db625100b42c4f81b584-thumb.jpg,12.0,2026-05-03T13:05:05+06:00,,2021,06KG054AKU,1.0 л / бензин,,автомат,,внедорожник 5 дв.,,в наличии,рассмотрю варианты,,передний,32000 км,,вложений не требует,,"Ош, Ошская область",слева,хорошее,растаможен,,Кыргызстан,зеленый,699000.0,https://turbo.kg/images/014/817/519/fd61448af411db625100b42c4f81b584.jpeg | https://turbo.kg/images/014/817/520/5e51020c912a6173b729d3df5c68f94b.jpeg | https://turbo.kg/images/014/817/521/8ddaf5b1017885f9bf88c4c0bf6c5b2f.jpeg | https://turbo.kg/images/014/817/522/b3371851fd93199080ad0757394b7ef0.jpeg | https://turbo.kg/images/014/817/523/4324f63601ad906ef15102adda87a448.jpeg | https://turbo.kg/images/014/817/524/b53ccf9531eeb96abc9181baa5231ae7.jpeg | https://turbo.kg/images/014/817/525/c7034df133cdcdb19730ccbbd6557cea.jpeg | https://turbo.kg/images/014/817/526/46fd48acc90c4af79ef69cf3de9c2226.jpeg | https://turbo.kg/images/014/817/527/2a0c1552bc37392ad384b95caabb59b9.jpeg | https://turbo.kg/images/014/817/528/7272abc32dd1a437e2ef354fbeca3a25.jpeg | https://turbo.kg/images/014/817/529/ec93d4c036ed4a179833f667f700b226.jpeg | https://turbo.kg/images/014/817/530/c99f95ec96de64f68748e305f4362951.jpeg
https://turbo.kg/cars/CDHdq622,"Toyota Venza I 2.7, 2012",1049000,2012.0,213423.0,https://turbo.kg/images/014/817/507/b5ab0b891eebd918a75da2f9de641440-thumb.jpg,12.0,2026-05-03T12:35:05+06:00,,2012,,2.7 л / бензин,,автомат,,внедорожник 5 дв.,,в наличии,,,полный,213423 км,,"налог уплачен, техосмотр пройден, вложений не требует",,Бишкек,слева,хорошее,растаможен,,Кыргызстан,бронза,1049000.0,https://turbo.kg/images/014/817/507/b5ab0b891eebd918a75da2f9de641440.jpeg | https://turbo.kg/images/014/817/508/afafdf6a272d70526d8cc9d36014c6e7.jpeg | https://turbo.kg/images/014/817/509/48de32347f7206b9907bd996f91848ad.jpeg | https://turbo.kg/images/014/817/510/38b89e0bf58cfac1fc9e0ea2953360c0.jpeg | https://turbo.kg/images/014/817/511/ac7ee568f7132ca26f9e888dc4c48ab3.jpeg | https://turbo.kg/images/014/817/512/186c42405ee4b715f3320151ba8b7303.jpeg | https://turbo.kg/images/014/817/513/82ada030d8f82d710e6ed360098cdfe1.jpeg | https://turbo.kg/images/014/817/514/adc95a5f315c8e9f8cde7d2a46ac1f50.jpeg | https://turbo.kg/images/014/817/515/18a0663c0afab85841f300c9414f0660.jpeg | https://turbo.kg/images/014/817/516/3da0e11408e23972e79d7c9aecd51950.jpeg | https://turbo.kg/images/014/817/517/e706746f6b379d619919647b19877bd2.jpeg | https://turbo.kg/images/014/817/518/11f946671085a4b94e15a4552b404592.jpeg
https://turbo.kg/cars/0fC0YoUb,"Lexus RX IV 450h 3.5, 2017",2578000,2017.0,170000.0,https://turbo.kg/images/014/817/964/d3da4e29afd1fc147cf3c2a2d4b0a424-thumb.jpg,5.0,2026-05-03T07:00:06+06:00,,2017,,3.5 л / гибрид,,вариатор,,внедорожник 5 дв.,,в наличии,,,полный,170000 км,,,,Бишкек,слева,хорошее,растаможен,,Кыргызстан,серый,2578000.0,https://turbo.kg/images/014/817/964/d3da4e29afd1fc147cf3c2a2d4b0a424.jpeg | https://turbo.kg/images/014/817/965/41c39a49f4fe6f4bca12bcc013879470.jpeg | https://turbo.kg/images/014/817/966/511e3e7d2a74f71f951eb3739bc451b6.jpeg | https://turbo.kg/images/014/817/967/c68c4a59761a4916f62475a4fd154ba8.jpeg | https://turbo.kg/images/014/817/968/0460fcc282e8b1aad3ae23a92c584fac.jpeg
https://turbo.kg/cars/eJZ9d21j,"Hyundai Palisade I 2.2, 2021",2316000,2021.0,131000.0,https://turbo.kg/images/014/817/424/184134ee6c608953bab9e42c9016b49e-thumb.jpg,11.0,2026-05-03T06:40:05+06:00,,2021,,2.2 л / дизель,,автомат,,внедорожник 5 дв.,,в наличии,обмен не предлагать,,полный,131000 км,,свежепригнан,,Сокулук,слева,идеальное,растаможен,,Кыргызстан,синий,2316000.0,https://turbo.kg/images/014/817/424/184134ee6c608953bab9e42c9016b49e.jpeg | https://turbo.kg/images/014/817/425/c41967ea618a30f07af2712d754042c3.jpeg | https://turbo.kg/images/014/817/426/9b7403512269097c57ac11d6e13adc3f.jpeg | https://turbo.kg/images/014/817/427/8412715aaa406242e1334ceb4924aa08.jpeg | https://turbo.kg/images/014/817/428/7d32ddec8d32e46ddd252fa15f8abebd.jpeg | https://turbo.kg/images/014/817/429/01702a528fa2ab25c94aca72bd992551.jpeg | https://turbo.kg/images/014/817/430/2739dab2a415df0fee69ee8ff652373c.jpeg | https://turbo.kg/images/014/817/431/e70d0fb41b970282539355bf4c2279ce.jpeg | https://turbo.kg/images/014/817/432/5c1df0ed7f7bd56304e36600e8ec85ac.jpeg | https://turbo.kg/images/014/817/433/4816c685e1fe32ea25f196ef6deefff0.jpeg | https://turbo.kg/images/014/817/434/df1dc018ce3053891bf5f779a76c73b5.jpeg
https://turbo.kg/cars/zyu0zLjC,"Mercedes-Benz E-Класс II (W210, S210) Рестайлинг 430 4.3, 2000",1005000,2000.0,114000.0,https://turbo.kg/images/014/817/223/5a93a84640337d100cce924efe0735ae-thumb.jpg,3.0,2026-05-02T17:50:06+06:00,,2000,,4.3 л / бензин,,автомат,,седан,,в наличии,рассмотрю варианты,,задний,114000 км,,"техосмотр пройден, вложений не требует",,Бишкек,слева,хорошее,растаможен,,Кыргызстан,серый,1005000.0,https://turbo.kg/images/014/817/223/5a93a84640337d100cce924efe0735ae.jpeg | https://turbo.kg/images/014/817/224/1bf3fa2837d951f04d50be58b944a149.jpeg | https://turbo.kg/images/014/817/225/15ef22feb0dfaa26df0b27f09a0a8f7f.jpeg
https://turbo.kg/cars/9P6Yqs84,"BYD Yuan Plus Standard Range Electro AT (150 кВт), 2024",1206000,2024.0,19500.0,https://turbo.kg/images/014/817/201/2aa9e78a7a3ba6ce5a85cc2861a595c5-thumb.jpg,12.0,2026-05-02T17:40:06+06:00,,2024,,204 л.с. / 150 кВт / электро,,автомат,,внедорожник 5 дв.,,в наличии,обмен не предлагать,,передний,19500 км,,,,Бишкек,слева,хорошее,растаможен,,Кыргызстан,серый,1206000.0,https://turbo.kg/images/014/817/201/2aa9e78a7a3ba6ce5a85cc2861a595c5.jpeg | https://turbo.kg/images/014/817/202/fe2b3f9a3800e607b435801be886b814.jpeg | https://turbo.kg/images/014/817/203/a7fb81129c5c0abffb62a9367a18e233.jpeg | https://turbo.kg/images/014/817/204/7302350b4008f7b1c2050baa08d6dba8.jpeg | https://turbo.kg/images/014/817/205/79f237107e1203800da8b47dc45974ec.jpeg | https://turbo.kg/images/014/817/206/fab0ce170c48944956f2d8c15830b634.jpeg | https://turbo.kg/images/014/817/207/012ae0987e4f628457b688ca3439f531.jpeg | https://turbo.kg/images/014/817/208/57d9031c3c1e6c4499a205344599920c.jpeg | https://turbo.kg/images/014/817/209/c0736f077653ee459bd8793964de91b6.jpeg | https://turbo.kg/images/014/817/210/a62d8316293e70379baa068675b265af.jpeg | https://turbo.kg/images/014/817/211/d8290f23a4f7fa2250310f89fc000dfe.jpeg | https://turbo.kg/images/014/817/212/ab2611dfc4d43c9bdaf5e5593520d59b.jpeg
https://turbo.kg/cars/vbjOmwXA,"Lexus LX IV 700h 3.5, 2025",14682000,2025.0,3000.0,https://turbo.kg/images/014/817/173/ac3be04ec53ed8d9572955f297b66cad-thumb.jpg,20.0,2026-05-02T17:05:05+06:00,,2025,,3.4 л / гибрид,,автомат,,внедорожник 5 дв.,,в наличии,,,полный,3000 км,,"свежепригнан, налог уплачен, техосмотр пройден, вложений не требует",,Бишкек,слева,хорошее,растаможен,,Кыргызстан,белый,14682000.0,https://turbo.kg/images/014/817/173/ac3be04ec53ed8d9572955f297b66cad.jpeg | https://turbo.kg/images/014/817/174/3b862c0cace4ab66a79a78c861bae0f8.jpeg | https://turbo.kg/images/014/817/175/40dba1ceac0a1f4f95f286ba94e956d8.jpeg | https://turbo.kg/images/014/817/176/18edc1830a432774ecbbc702a14ac6cb.jpeg | https://turbo.kg/images/014/817/177/395085c9dd2dd6e263b8cbf0f07b292e.jpeg | https://turbo.kg/images/014/817/178/5ba682d4c4a0fec83053394004a5f1c4.jpeg | https://turbo.kg/images/014/817/179/50ce37586ec4fcb6666969c6904d794a.jpeg | https://turbo.kg/images/014/817/180/d1ab062225a68a6d8758e8f630b8d014.jpeg | https://turbo.kg/images/014/817/181/8a80a64e2c0dbff7f80584d7ba916885.jpeg | https://turbo.kg/images/014/817/182/c1916a8f55a508dc89f5b4cdcb241bb8.jpeg | https://turbo.kg/images/014/817/183/19c5b574eeff5585277b98a5999a6d80.jpeg | https://turbo.kg/images/014/817/184/846999bc4dec94ea4cef6be1af3ee845.jpeg | https://turbo.kg/images/014/817/185/6f6b521a4890458e91ce9601bfb816dd.jpeg | https://turbo.kg/images/014/817/186/2c27726874a52547d8635b5bbda6b62d.jpeg | https://turbo.kg/images/014/817/187/eadd788e74e83cfadd3b9b1c2a635fe4.jpeg | https://turbo.kg/images/014/817/188/312a31e622715fd4af4f08208d6c3fd9.jpeg | https://turbo.kg/images/014/817/189/7f8569b02b123d075675bf644c5aa684.jpeg | https://turbo.kg/images/014/817/190/7e4bfec65142b4d28a1cdc6aaaba19f2.jpeg | https://turbo.kg/images/014/817/191/58ff8af8f9fd556b16079baac159cab5.jpeg | https://turbo.kg/images/014/817/192/38eed5f8daf8f15726cbea90d0d009ae.jpeg
https://turbo.kg/cars/P5HO1cSg,"Toyota Camry VIII (XV70) 2.5, 2020",2141000,2020.0,96000.0,https://turbo.kg/images/014/817/154/d5807d99820be18ae44b73021ef12f98-thumb.jpg,12.0,2026-05-02T16:20:06+06:00,,2020,,2.5 л / бензин,,автомат,,седан,,в наличии,обмен не предлагать,,передний,96000 км,,,,Бишкек,слева,идеальное,растаможен,,Кыргызстан,белый,2141000.0,https://turbo.kg/images/014/817/154/d5807d99820be18ae44b73021ef12f98.jpeg | https://turbo.kg/images/014/817/155/20c2d3f5d10d4f95cacfaeaa35aeb125.jpeg | https://turbo.kg/images/014/817/156/3e0a727e6cafcbb24a98e49d06ed567e.jpeg | https://turbo.kg/images/014/817/157/90fadea7ad04a27bec2160f2577b5d94.jpeg | https://turbo.kg/images/014/817/158/4eb66582b032fa07205c86f943f74b43.jpeg | https://turbo.kg/images/014/817/159/35c5e35c05c4a0ab6bc5ed33c3d6cb98.jpeg | https://turbo.kg/images/014/817/160/ba71440f976bb2f393349a16928f85ee.jpeg | https://turbo.kg/images/014/817/161/e64f1bc9d2a1073f0d5cb7a335fa6310.jpeg | https://turbo.kg/images/014/817/162/431e85ff5768ae1ad59fb1264069bf37.jpeg | https://turbo.kg/images/014/817/163/b3b9fb79949465beba16d1b2bac756a2.jpeg | https://turbo.kg/images/014/817/164/6f0beb0ac78cf4380b6d6c3350e12ac8.jpeg | https://turbo.kg/images/014/817/165/549e1afe232a00c8ad28ba77de7b2e5b.jpeg
https://turbo.kg/cars/HGk20O9h,"Kia K5 III Седан 2.0, 2020",1215000,2020.0,79000.0,https://turbo.kg/images/014/817/144/51f82a5b023c1434d3761d14981862dc-thumb.jpg,10.0,2026-05-02T15:55:06+06:00,KNA**************,2020,,2.0 л / бензин,,автомат,,седан,,в наличии,обмен не предлагать,,передний,79000 км,,"свежепригнан, налог уплачен, техосмотр пройден, вложений не требует",,Бишкек,слева,идеальное,растаможен,,Кыргызстан,черный,1215000.0,https://turbo.kg/images/014/817/144/51f82a5b023c1434d3761d14981862dc.jpeg | https://turbo.kg/images/014/817/145/ee7e59849421255097ac2c0dda476e56.jpeg | https://turbo.kg/images/014/817/146/023a981147cd053ae61c6b1ed2447bd3.jpeg | https://turbo.kg/images/014/817/147/a3ab3d77dc069b40834a15395407a051.jpeg | https://turbo.kg/images/014/817/148/877de39686baf99f43873429a5dfeeaf.jpeg | https://turbo.kg/images/014/817/149/a9eb356c354c9a157f44137dba06acae.jpeg | https://turbo.kg/images/014/817/150/c811c3d63544a144adba02d46de8d45b.jpeg | https://turbo.kg/images/014/817/151/74dc4a142b2f609a65b7c21a573cbf63.jpeg | https://turbo.kg/images/014/817/152/e5639acf9257a74dfd56019012b1e995.jpeg | https://turbo.kg/images/014/817/153/d7d0f5c175f9ac639e2bad0407f4a7a7.jpeg
https://turbo.kg/cars/1KIhJnTO,"Land Rover Range Rover IV Рестайлинг 3.0, 2019",3976000,2019.0,171000.0,https://turbo.kg/images/014/817/099/7747d1de1d2c23d28e852d5051f8e55a-thumb.jpg,12.0,2026-05-02T15:05:05+06:00,,2019,,3.0 л / бензин,,автомат,,внедорожник 5 дв.,,в наличии,рассмотрю варианты,,полный,171000 км,,"свежепригнан, налог уплачен, техосмотр пройден, вложений не требует",,Бишкек,слева,идеальное,растаможен,,Кыргызстан,белый,3976000.0,https://turbo.kg/images/014/817/099/7747d1de1d2c23d28e852d5051f8e55a.jpeg | https://turbo.kg/images/014/817/100/cc8fbca4ed00ad8fefe46ceb225ca839.jpeg | https://turbo.kg/images/014/817/101/8ea4f533761d9e8c20c0d3a75c2a2e2d.jpeg | https://turbo.kg/images/014/817/102/1a5b977a43f2862cdaf56a08b83bd175.jpeg | https://turbo.kg/images/014/817/103/07410d410de99f23a44c769eddbf9fce.jpeg | https://turbo.kg/images/014/817/104/cbdced8e813704d1d29bb71eec860bd4.jpeg | https://turbo.kg/images/014/817/105/366b5081198a09625b0e3382a6308732.jpeg | https://turbo.kg/images/014/817/106/fd5ad3d42e8d3ebc1587061a5da35c6e.jpeg | https://turbo.kg/images/014/817/107/baebbb043a6d3d46c84ee705139104cb.jpeg | https://turbo.kg/images/014/817/108/d6091740708f6813e9e0189b48ebb3e8.jpeg | https://turbo.kg/images/014/817/109/18cc0908f42aa8af6833647771711686.jpeg | https://turbo.kg/images/014/817/110/f7f62dda9203f08eb058f2cb15eb9d42.jpeg
https://turbo.kg/cars/iv7xhGWY,"Toyota RAV4 V (XA50) 2.5, 2022",2054000,2022.0,106.0,https://turbo.kg/images/014/817/090/348657e4cb0c64df0639d31336650a7d-thumb.jpg,9.0,2026-05-02T14:50:05+06:00,,2022,,2.5 л / гибрид,,вариатор,,внедорожник 5 дв.,,в наличии,,,полный,106 км,,"налог уплачен, техосмотр пройден, вложений не требует",есть,Бишкек,слева,хорошее,растаможен,,Кыргызстан,серебристый,2054000.0,https://turbo.kg/images/014/817/090/348657e4cb0c64df0639d31336650a7d.jpeg | https://turbo.kg/images/014/817/091/1dbbb887bac39e635dc319ddb06175f2.jpeg | https://turbo.kg/images/014/817/092/0b20f4414123d9ffcf62f63a519bc578.jpeg | https://turbo.kg/images/014/817/093/35325191870edb8a87b67bf77ccab81c.jpeg | https://turbo.kg/images/014/817/094/f3641dde693127d69a58a6adf847abd8.jpeg | https://turbo.kg/images/014/817/095/8d26a86e01f577fdab00a3a3f1504c82.jpeg | https://turbo.kg/images/014/817/096/c8e7335c00d66c2db825bf05d12179fb.jpeg | https://turbo.kg/images/014/817/097/0f1191a6490d67fde4e6d43a0fd4d138.jpeg | https://turbo.kg/images/014/817/098/5508883b31f6efe8d377cc10238dcacf.jpeg
https://turbo.kg/cars/cp28naZL,"Kia K5 III Седан LPi 2.0, 2020",1119000,2020.0,186000.0,https://turbo.kg/images/014/817/083/2d7a48039b35b94d1a5a1790b2f065ba-thumb.jpg,7.0,2026-05-02T14:45:05+06:00,,2020,,2.0 л / газ,,автомат,,седан,,в наличии,обмен не предлагать,,передний,186000 км,,"вложений не требует, техосмотр пройден",,"Ош, Ошская область",слева,хорошее,растаможен,,Кыргызстан,белый,1119000.0,https://turbo.kg/images/014/817/083/2d7a48039b35b94d1a5a1790b2f065ba.jpeg | https://turbo.kg/images/014/817/084/87112819afce9b17e25a259e443851a5.jpeg | https://turbo.kg/images/014/817/085/27c93d9c8f3b2ed2d29fa9d7ef81912c.jpeg | https://turbo.kg/images/014/817/086/8c0404f6c1638da84e0c546f53386193.jpeg | https://turbo.kg/images/014/817/087/4761154555cecc8fbdac23d08293439d.jpeg | https://turbo.kg/images/014/817/088/fedfc3384812dd4dd72b933cf060e051.jpeg | https://turbo.kg/images/014/817/089/a9821f5dddf8590f3f49f20f541bc412.jpeg
https://turbo.kg/cars/sDAgQH0Q,"Honda Crosstour I 3.5, 2010",1127000,2010.0,141130.0,https://turbo.kg/images/014/817/063/80fe76e0ad52d6c06f03d4c9e8749039-thumb.jpg,12.0,2026-05-02T14:10:05+06:00,5J6**************,2010,08KG837ALZ,3.5 л / бензин,,автомат,,внедорожник 5 дв.,,в наличии,,,полный,141130 км,,,,Бишкек,слева,идеальное,растаможен,,Кыргызстан,белый,1127000.0,https://turbo.kg/images/014/817/063/80fe76e0ad52d6c06f03d4c9e8749039.jpeg | https://turbo.kg/images/014/817/064/f79841f14d443efe3b0935221f7ca9a2.jpeg | https://turbo.kg/images/014/817/065/228f5caa42dd31d3f1fea5c1d783d2be.jpeg | https://turbo.kg/images/014/817/066/7534c4a4efcfe24668f7fad6cb612735.jpeg | https://turbo.kg/images/014/817/067/b368e1c7f5a19783b7a5fb73e9dba96e.jpeg | https://turbo.kg/images/014/817/068/5af7a8bc30ca309ee60cb9a429f5a094.jpeg | https://turbo.kg/images/014/817/069/621603487e6f6f9c16b4fdb610c9ecb7.jpeg | https://turbo.kg/images/014/817/070/c5e6ed89a25ffc4e96bbe4174829a278.jpeg | https://turbo.kg/images/014/817/071/16a44da8a78a2983d3a334e085a2035a.jpeg | https://turbo.kg/images/014/817/072/fbc826f6a806984d187f76113231409f.jpeg | https://turbo.kg/images/014/817/073/8663df7e6fc246e09e7f82a176e9a7e1.jpeg | https://turbo.kg/images/014/817/074/39f3a3ea4494f6dc3315f95e6e3dd71f.jpeg
https://turbo.kg/cars/QJSg9l8k,"Hyundai Sonata VIII (DN8) LPi 2.0, 2022",1127000,2022.0,197000.0,https://turbo.kg/images/014/817/048/5a27eb80ae8594037a8cb33e338861e5-thumb.jpg,9.0,2026-05-02T13:35:05+06:00,,2022,,2.0 л / газ,,автомат,,седан,,в наличии,,,передний,197000 км,,,есть,Бишкек,слева,хорошее,растаможен,,Кыргызстан,черный,1127000.0,https://turbo.kg/images/014/817/048/5a27eb80ae8594037a8cb33e338861e5.jpeg | https://turbo.kg/images/014/817/049/d0df600ff54a461ec8204e91fd77a485.jpeg | https://turbo.kg/images/014/817/050/ae56a494d92adca73607eeb58b2c638e.jpeg | https://turbo.kg/images/014/817/051/535e3c6d3ee7a5abf8826b38144ebfb6.jpeg | https://turbo.kg/images/014/817/052/e0aa692a8df112f68d3dab44d6c763e9.jpeg | https://turbo.kg/images/014/817/053/e8f27eff6fb4f82711f36ba7dd32475b.jpeg | https://turbo.kg/images/014/817/054/1a076388926004e131e4a2beb9c6612b.jpeg | https://turbo.kg/images/014/817/055/e61de4472a527452653d08b630c888b5.jpeg | https://turbo.kg/images/014/817/056/0b09c16c6cc11c23621eeeb691a77d4e.jpeg
https://turbo.kg/cars/seHQTETR,"BMW X5 IV (G05/G18) Рестайлинг 40i 3.0, 2023",7428000,2023.0,33000.0,https://turbo.kg/images/014/817/040/1a030d383dfd01da2099522a9855969d-thumb.jpg,8.0,2026-05-02T13:05:05+06:00,,2023,,3.0 л / бензин,,автомат,,внедорожник 5 дв.,,в наличии,обмен не предлагать,,полный,33000 км,,,,Бишкек,слева,новое,растаможен,,Кыргызстан,серый,7428000.0,https://turbo.kg/images/014/817/040/1a030d383dfd01da2099522a9855969d.jpeg | https://turbo.kg/images/014/817/041/86b6d14b7e6d4ae28e73f46aac6d4693.jpeg | https://turbo.kg/images/014/817/042/d0a408efb9d9562dee88bf36fd5fe6a5.jpeg | https://turbo.kg/images/014/817/043/0688e8d44a47be706aee0d96f46f746f.jpeg | https://turbo.kg/images/014/817/044/832e2ec1691c51a456fecd8f8ae007f9.jpeg | https://turbo.kg/images/014/817/045/0c9f2da999f51695c784d43806b2b999.jpeg | https://turbo.kg/images/014/817/046/72ad51c1ae78e88c14bdb64176ec08ae.jpeg | https://turbo.kg/images/014/817/047/57017d6c0113e91c85a7b859a9d6992b.jpeg
https://turbo.kg/cars/gdOpn9fY,"Lexus ES VII 300h 2.5, 2019",2202000,2019.0,165000.0,https://turbo.kg/images/014/817/030/9e081b2bdc66af88ee78f2fde4750058-thumb.jpg,10.0,2026-05-02T12:45:06+06:00,,2019,,2.5 л / гибрид,,вариатор,,седан,,в наличии,рассмотрю варианты,,передний,165000 км,,вложений не требует,,Бишкек,слева,идеальное,растаможен,,Кыргызстан,бежевый,2202000.0,https://turbo.kg/images/014/817/030/9e081b2bdc66af88ee78f2fde4750058.jpeg | https://turbo.kg/images/014/817/031/df4676aaea1ac2a3402d1a072c7e504b.jpeg | https://turbo.kg/images/014/817/032/9b03a7cb265e49de46f82c868c32f2b0.jpeg | https://turbo.kg/images/014/817/033/b2b4a3d1a4e3fdf91f8982c5be85c242.jpeg | https://turbo.kg/images/014/817/034/b2cd83958c571d9a8d6c7719e0ac8dd4.jpeg | https://turbo.kg/images/014/817/035/ea8131ea26bfdb1c66e3baff5ee01782.jpeg | https://turbo.kg/images/014/817/036/1f36afc1f8fc7624d7ebcc1ba11101c5.jpeg | https://turbo.kg/images/014/817/037/e5811253abae274b8e54e1a3cb9e04e9.jpeg | https://turbo.kg/images/014/817/038/895eac86871e415ca6e66a6bfbc799ed.jpeg | https://turbo.kg/images/014/817/039/e6f47adca7cdf454b64d85a3787b1969.jpeg
https://turbo.kg/cars/igBjBGfr,"Toyota Land Cruiser 200 Series Рестайлинг 1 4.6, 2013",3190000,2013.0,238000.0,https://turbo.kg/images/014/817/024/a98cdcb5a7fab50a809efba2cec14202-thumb.jpg,6.0,2026-05-02T12:45:05+06:00,,2013,,4.6 л / бензин,,автомат,,внедорожник 5 дв.,,в наличии,с доплатой покупателя,,полный,238000 км,,вложений не требует,,Бишкек,слева,хорошее,растаможен,,Кыргызстан,белый,3190000.0,https://turbo.kg/images/014/817/024/a98cdcb5a7fab50a809efba2cec14202.jpeg | https://turbo.kg/images/014/817/025/ed1a750475e8794bfc868f83f496b854.jpeg | https://turbo.kg/images/014/817/026/ce822fd528b188669b62571e8fd2fb4e.jpeg | https://turbo.kg/images/014/817/027/c0d8f88f3926268fac967725a713e734.jpeg | https://turbo.kg/images/014/817/028/f62e3e3256f63102714e1ae0674d02dd.jpeg | https://turbo.kg/images/014/817/029/0c33ed00591116182ca124d177e8d016.jpeg
https://turbo.kg/cars/4oxF9alo,"Hyundai Palisade I 2.2, 2022",1923000,2022.0,197255.0,https://turbo.kg/images/014/819/289/29ab90d7e50a59f491aa78e2e83435f3-thumb.jpg,12.0,2026-05-02T12:35:06+06:00,,2022,,2.2 л / дизель,,автомат,,внедорожник 5 дв.,,в наличии,обмен не предлагать,,передний,197255 км,,"свежепригнан, вложений не требует",,Бишкек,слева,идеальное,растаможен,,Кыргызстан,синий,1923000.0,https://turbo.kg/images/014/819/289/29ab90d7e50a59f491aa78e2e83435f3.jpeg | https://turbo.kg/images/014/819/290/31c77734ac60b6bce20e0f5feed44aef.jpeg | https://turbo.kg/images/014/819/291/17aeb18dfb79316f079be77a4ecdb505.jpeg | https://turbo.kg/images/014/819/292/d6b8a06d1257d8c7a9972c34bdec7efe.jpeg | https://turbo.kg/images/014/819/293/fcb16845e7112abe360d0f038e00e85a.jpeg | https://turbo.kg/images/014/819/294/415c8902f3b046f2d9d8e1b487071c0f.jpeg | https://turbo.kg/images/014/819/295/dd38906ff7efadadf706f51ab1600aed.jpeg | https://turbo.kg/images/014/819/296/c8ea85d7a93deaf27d1d4797f8fd8536.jpeg | https://turbo.kg/images/014/819/297/fa15e9fba06448c1338b097793a64e4a.jpeg | https://turbo.kg/images/014/819/298/f2102c16662608bc7f3739da2923555d.jpeg | https://turbo.kg/images/014/819/299/4c738a9e71d1c0d34e9171a43b12d17b.jpeg | https://turbo.kg/images/014/819/300/1697144f67da172daa909b24a6d2c9a8.jpeg
https://turbo.kg/cars/gHZXyMv4,"Kia K7 YG (II) Рестайлинг 3.0, 2019",1355000,2019.0,154000.0,https://turbo.kg/images/014/816/994/2861a648517cd6bda57ea1262949d630-thumb.jpg,9.0,2026-05-02T12:30:05+06:00,,2019,,3.0 л / газ,,автомат,,седан,,в наличии,рассмотрю варианты,,передний,154000 км,,"свежепригнан, техосмотр пройден, вложений не требует",,Бишкек,слева,идеальное,растаможен,,Кыргызстан,черный,1355000.0,https://turbo.kg/images/014/816/994/2861a648517cd6bda57ea1262949d630.jpeg | https://turbo.kg/images/014/816/995/f3169de51b718b8ab87ea340fb55f82d.jpeg | https://turbo.kg/images/014/816/996/e9e130b57bc998bb9ec9381ccd3c5353.jpeg | https://turbo.kg/images/014/816/997/f7369401b881fb57f6032a59109e3b0f.jpeg | https://turbo.kg/images/014/816/998/ae812ca33f6b1c84624e12926a7a1ed0.jpeg | https://turbo.kg/images/014/816/999/79d4e0dd6254d0578c18811697d651cc.jpeg | https://turbo.kg/images/014/817/000/e39020ea6bc4b44fe7491880ffbd753f.jpeg | https://turbo.kg/images/014/817/001/1777d8ec844960386d1a1d0336abced5.jpeg | https://turbo.kg/images/014/817/002/456ac863b6db251574aa10c9ab15f3db.jpeg
https://turbo.kg/cars/ImOAT1aF,"Toyota Land Cruiser 200 Series Рестайлинг 2 4.6, 2016",5943000,2016.0,135000.0,https://turbo.kg/images/014/816/900/992961dac84b3abe74d7b5b33767fc73-thumb.jpg,12.0,2026-05-02T05:15:05+06:00,,2016,,4.6 л / бензин,,автомат,,внедорожник 5 дв.,,в наличии,рассмотрю варианты,,полный,135000 км,,"налог уплачен, техосмотр пройден, вложений не требует",,Бишкек,слева,идеальное,растаможен,,Кыргызстан,белый,5943000.0,https://turbo.kg/images/014/816/900/992961dac84b3abe74d7b5b33767fc73.jpeg | https://turbo.kg/images/014/816/901/31d72ef7cf0781b131184b9f088e2a94.jpeg | https://turbo.kg/images/014/816/902/c94912a70f09ac8e3d3dc3e9512a298e.jpeg | https://turbo.kg/images/014/816/903/38cac6619a679f6bb544f6439388f144.jpeg | https://turbo.kg/images/014/816/904/9de87ba5392cf4fd44506f3610ba23cf.jpeg | https://turbo.kg/images/014/816/905/b093e92308d0fabbf26fa91f60a210ae.jpeg | https://turbo.kg/images/014/816/906/fe2f4850511f030ddfd82444c251d3e3.jpeg | https://turbo.kg/images/014/816/907/92c4796e2d1acf933685628b09d49602.jpeg | https://turbo.kg/images/014/816/908/1173b18b168cbca3f5f65d05a4efc89e.jpeg | https://turbo.kg/images/014/816/909/0e0c0972a1592e474de85e6569d93314.jpeg | https://turbo.kg/images/014/816/910/fa05583337fd27dda1df0e281d580db6.jpeg | https://turbo.kg/images/014/816/911/bb5434049e434ead7099f4104321c4cf.jpeg
https://turbo.kg/cars/nB1cGpaQ,"Land Rover Range Rover Sport I Рестайлинг 3.0, 2010",1355000,2010.0,230000.0,https://turbo.kg/images/014/816/538/967715609ac207e9fedaa79fd79869de-thumb.jpg,8.0,2026-05-01T18:05:05+06:00,SAL**************,2010,,3.0 л / дизель,,автомат,,внедорожник 5 дв.,,в наличии,обмен не предлагать,,полный,230000 км,,"налог уплачен, техосмотр пройден, вложений не требует",,Бишкек,слева,хорошее,растаможен,,Кыргызстан,белый,1355000.0,https://turbo.kg/images/014/816/538/967715609ac207e9fedaa79fd79869de.jpeg | https://turbo.kg/images/014/816/539/2c9c5e9d232fe7f710614404a205e049.jpeg | https://turbo.kg/images/014/816/540/f114188cf575827a01ac7ddc655bff8e.jpeg | https://turbo.kg/images/014/816/541/460161762c07ec0a38d4a2751e9a3180.jpeg | https://turbo.kg/images/014/816/542/6e458ad7b9d507d623fe6096d5e56f93.jpeg | https://turbo.kg/images/014/816/543/6f2107ec46d9a4bba62c85c3afa8a4ed.jpeg | https://turbo.kg/images/014/816/544/8656f3ccbab719204c9a124c826d83bf.jpeg | https://turbo.kg/images/014/816/545/622db3db9f6d936d9c9fa67626d3e81a.jpeg
https://turbo.kg/cars/Z0OE1bOc,"Hyundai Avante VI Рестайлинг 1.6, 2018",1022000,2018.0,145000.0,https://turbo.kg/images/014/816/530/9e6cefe78385007c16e8e076dd11a4d6-thumb.jpg,8.0,2026-05-01T17:50:05+06:00,,2018,02KG555TMT,1.6 л / бензин,,вариатор,,седан,,в наличии,с доплатой покупателя,,передний,145000 км,,,,"Ош, Ошская область",слева,идеальное,растаможен,,Кыргызстан,белый,1022000.0,https://turbo.kg/images/014/816/530/9e6cefe78385007c16e8e076dd11a4d6.jpeg | https://turbo.kg/images/014/816/531/309de57d42d929cdea3eba5cec16647e.jpeg | https://turbo.kg/images/014/816/532/2b6d688d9f2d97bb7c09cbedc923895b.jpeg | https://turbo.kg/images/014/816/533/98c323e97b1493c03a0700489f155f7b.jpeg | https://turbo.kg/images/014/816/534/ffb51dda058a778c54c972e5d42c62f2.jpeg | https://turbo.kg/images/014/816/535/5e29962b422e72d45e291bb60961ff5a.jpeg | https://turbo.kg/images/014/816/536/e4f9f05e39bb1e4a79e41ac8def3dc28.jpeg | https://turbo.kg/images/014/816/537/ce87d65721ef584ca71b211f9fe745df.jpeg
https://turbo.kg/cars/12tHYVI6,"Lexus RX III Рестайлинг 350 3.5, 2013",1582000,2013.0,215008.0,https://turbo.kg/images/014/816/520/a4a6d497acb95ddfc8cb099ae1f57bad-thumb.jpg,10.0,2026-05-01T17:45:05+06:00,,2013,,3.5 л / бензин,,автомат,,внедорожник 5 дв.,,в наличии,,,полный,215008 км,,налог уплачен,,Бишкек,слева,хорошее,растаможен,,Кыргызстан,серый,1582000.0,https://turbo.kg/images/014/816/520/a4a6d497acb95ddfc8cb099ae1f57bad.jpeg | https://turbo.kg/images/014/816/521/2aa0fe2bdda87f9e2bd9dc7f581da7d5.jpeg | https://turbo.kg/images/014/816/522/9f63259990311fe9b77a642b9273d651.jpeg | https://turbo.kg/images/014/816/523/9a8cdfeba47825c7c18929f25585b973.jpeg | https://turbo.kg/images/014/816/524/521436756b66fb9944387fb9ffdec49e.jpeg | https://turbo.kg/images/014/816/525/7adc985663ec6c2b7eb64962a2cb64f8.jpeg | https://turbo.kg/images/014/816/526/4d336be6566e3f4ca15e79f9d1a5d1ec.jpeg | https://turbo.kg/images/014/816/527/c1c8a04d9c2fd942d4ff29eb98da743d.jpeg | https://turbo.kg/images/014/816/528/0f918ef6675812c6ee42b938bc1a8f0a.jpeg | https://turbo.kg/images/014/816/529/a080feaba53a7f8c44cc0b3c0f465739.jpeg
https://turbo.kg/cars/4DETzTuA,"BMW X5 III (F15) 35i 3.0, 2017",1486000,2017.0,215000.0,https://turbo.kg/images/014/816/513/1ecc6ba4f24215427f74c21ac5a0efb0-thumb.jpg,7.0,2026-05-01T17:40:05+06:00,5UX**************,2017,,3.0 л / бензин,,автомат,,внедорожник 5 дв.,,в наличии,обмен не предлагать,,полный,215000 км,,"налог уплачен, техосмотр пройден",есть,Бишкек,слева,хорошее,растаможен,,Кыргызстан,черный,1486000.0,https://turbo.kg/images/014/816/513/1ecc6ba4f24215427f74c21ac5a0efb0.jpeg | https://turbo.kg/images/014/816/514/3b1e0535eb1070eaa182ec276afff188.jpeg | https://turbo.kg/images/014/816/515/a900a2e4db7972a0c62dae78ab8ef05d.jpeg | https://turbo.kg/images/014/816/516/95789cb14dca15f742f5a34bd069d0cb.jpeg | https://turbo.kg/images/014/816/517/3cffff40af934c1d451785ccd8c70661.jpeg | https://turbo.kg/images/014/816/518/a4d47facf85e706bcc0fc68032f87b3f.jpeg | https://turbo.kg/images/014/816/519/299481eba3ab0d53834e8bf3393448c4.jpeg
https://turbo.kg/cars/7SCOWott,"Toyota Corolla IX (E120, E130) 1.6, 2004",550000,2004.0,310000.0,https://turbo.kg/images/014/816/497/0c4c0d8c81d19e7e9bc02844c02988e9-thumb.jpg,4.0,2026-05-01T16:50:05+06:00,,2004,,1.6 л / бензин,,автомат,,седан,,в наличии,,,передний,310000 км,,,,Кант,слева,хорошее,растаможен,,Кыргызстан,серебристый,550000.0,https://turbo.kg/images/014/816/497/0c4c0d8c81d19e7e9bc02844c02988e9.jpeg | https://turbo.kg/images/014/816/498/3d1e167a18de0a4eec883b4222ac250d.jpeg | https://turbo.kg/images/014/816/499/66ec69f17c2125b91dd1e020b4a55b35.jpeg | https://turbo.kg/images/014/816/500/28da10240a0d16c8a6ac02aff5bfaf72.jpeg
https://turbo.kg/cars/CDRwpkQe,"Mercedes-Benz V-Класс III (W447) Рестайлинг 250 длинный 2.0, 2025",7210000,2025.0,10.0,https://turbo.kg/images/014/816/479/99270a186fcf11d552bd794a43f5444a-thumb.jpg,6.0,2026-05-01T16:25:05+06:00,,2025,,2.0 л / бензин,,автомат,,минивэн,,в наличии,,,задний,10 км,,,,Бишкек,слева,новое,растаможен,,Не стоит на учёте,черный,7210000.0,https://turbo.kg/images/014/816/479/99270a186fcf11d552bd794a43f5444a.jpeg | https://turbo.kg/images/014/816/480/a66387f291d8d8b1f372ab7692e79f6d.jpeg | https://turbo.kg/images/014/816/481/4b17a5ec03c02bc45b2cffeb3e76ca85.jpeg | https://turbo.kg/images/014/816/482/dec39f384cb6e651e5bebc7ee2a0e409.jpeg | https://turbo.kg/images/014/816/483/3c28880b05b86f942d24244bb9f473c3.jpeg | https://turbo.kg/images/014/816/484/8f776aaf8835d330c6722dddde24c5cd.jpeg
https://turbo.kg/cars/ka1uCPFj,"Mercedes-Benz G-Класс AMG II (W463) 63 AMG 4.0, 2020",13109000,2020.0,80000.0,https://turbo.kg/images/014/816/468/581b5479614a9d6a6b75924552e185b9-thumb.jpg,11.0,2026-05-01T16:10:05+06:00,,2020,,4.0 л / бензин,,автомат,,внедорожник 5 дв.,,в наличии,с доплатой покупателя,,полный,80000 км,,вложений не требует,,Бишкек,слева,идеальное,растаможен,,Кыргызстан,белый,13109000.0,https://turbo.kg/images/014/816/468/581b5479614a9d6a6b75924552e185b9.jpeg | https://turbo.kg/images/014/816/469/eb72a8661fec1f7e0c56187ecac847d9.jpeg | https://turbo.kg/images/014/816/470/718c7ea35a991935cb7a0dd45dc9cbfc.jpeg | https://turbo.kg/images/014/816/471/e652cd90c45651a96b1caca46c629364.jpeg | https://turbo.kg/images/014/816/472/e1c42a5894a897f5ff7790611bdc2691.jpeg | https://turbo.kg/images/014/816/473/a96bab3ee177023d51cb770dbba9bcbf.jpeg | https://turbo.kg/images/014/816/474/c0059f1458ddcf93175774fa1b3ac30a.jpeg | https://turbo.kg/images/014/816/475/5c9c8254cfab2692b076ba432169b132.jpeg | https://turbo.kg/images/014/816/476/09f78a0a449c6d35ea0255f445b42f79.jpeg | https://turbo.kg/images/014/816/477/1ec7f5be2531f4a65dc6922a25372832.jpeg | https://turbo.kg/images/014/816/478/a2dc5a29f88f7260cb99beb0fdb78e25.jpeg
https://turbo.kg/cars/4jUqZqHk,"Toyota Ipsum II (M20) 2.4, 2002",650000,2002.0,200000.0,https://turbo.kg/images/014/816/425/d9a853478a6cd17d7c69138d524f7ee9-thumb.jpg,12.0,2026-05-01T15:40:07+06:00,,2002,,2.4 л / бензин,,автомат,,компактвэн,,в наличии,,,передний,200000 км,,,,Бишкек,справа,хорошее,растаможен,,Кыргызстан,белый,650000.0,https://turbo.kg/images/014/816/425/d9a853478a6cd17d7c69138d524f7ee9.jpeg | https://turbo.kg/images/014/816/426/a6e4ea75625fa6e2ef9c1c7cc8740274.jpeg | https://turbo.kg/images/014/816/427/88d889d9d9523b2f70608d96184d3cf3.jpeg | https://turbo.kg/images/014/816/428/a6c3de055648d67a1f1c83662161c691.jpeg | https://turbo.kg/images/014/816/429/caf30215d5a5db4564c893f9d6b2e977.jpeg | https://turbo.kg/images/014/816/430/eee9d9ce250408957ed9cf5c63f5b6dd.jpeg | https://turbo.kg/images/014/816/431/79539548d8b7e86d392ac3e83e68a61c.jpeg | https://turbo.kg/images/014/816/432/10bb57110467f49aed19cbaa345f2dc3.jpeg | https://turbo.kg/images/014/816/433/d919efebea264844e7b2a0fef81620d8.jpeg | https://turbo.kg/images/014/816/434/6706a162d68cd1a4d8e0f65272c4dbdb.jpeg | https://turbo.kg/images/014/816/435/4f7f43122d4c57fe8fe22d80244fbbf8.jpeg | https://turbo.kg/images/014/816/436/94ea6b20982d7919b05218500c3d461e.jpeg
https://turbo.kg/cars/tzt2Hyld,"Chevrolet Malibu IX 1.5, 2017",777000,2017.0,188888.0,https://turbo.kg/images/014/816/417/e2a273a83468cabb1292ea7f8600044e-thumb.jpg,8.0,2026-05-01T15:40:06+06:00,,2017,,1.5 л / бензин,,автомат,,седан,,в наличии,рассмотрю варианты,,передний,188888 км,,,,Бишкек,слева,хорошее,растаможен,,Кыргызстан,бордовый,777000.0,https://turbo.kg/images/014/816/417/e2a273a83468cabb1292ea7f8600044e.jpeg | https://turbo.kg/images/014/816/418/dfffd209c824f7c7e8e4430005a02914.jpeg | https://turbo.kg/images/014/816/419/c1c85192598720874fe8e186a57725f8.jpeg | https://turbo.kg/images/014/816/420/ff2bd0d1e86c23ab809d2445ede7fb8b.jpeg | https://turbo.kg/images/014/816/421/04bb91e297f100c4378b712235f66f41.jpeg | https://turbo.kg/images/014/816/422/e0c0f0252f7f5fea933f58945272f557.jpeg | https://turbo.kg/images/014/816/423/98c238636013c1d89bb978309c66d8e7.jpeg | https://turbo.kg/images/014/816/424/89f9223bc4b7488246336d5e145c9f6a.jpeg
https://turbo.kg/cars/XTC8riaa,"Lexus LX IV 700h 3.5, 2025",14113000,2025.0,5800.0,https://turbo.kg/images/014/816/397/466b6f4bfd3a53c748a86683f4bbbb9e-thumb.jpg,16.0,2026-05-01T15:35:05+06:00,,2025,,3.4 л / гибрид,,автомат,,внедорожник 5 дв.,,на заказ,обмен не предлагать,,полный,5800 км,,,,Южная Корея,слева,идеальное,не растаможен,,Не стоит на учёте,серебристый,14113000.0,https://turbo.kg/images/014/816/397/466b6f4bfd3a53c748a86683f4bbbb9e.jpeg | https://turbo.kg/images/014/816/398/4bf0252d3dd58538d0b00d4674b783ca.jpeg | https://turbo.kg/images/014/816/399/0a03121756150f4528da5c7edc798c77.jpeg | https://turbo.kg/images/014/816/400/782429e7baa082d50705e3a01bc6dc96.jpeg | https://turbo.kg/images/014/816/401/1904e0898ab3e5edb381e5bb5088b77a.jpeg | https://turbo.kg/images/014/816/402/60daf9db503277ff2e0c29b8e4facfff.jpeg | https://turbo.kg/images/014/816/403/a1a3b2a7ee0459a19cd1bf4b7265c1cd.jpeg | https://turbo.kg/images/014/816/404/cc57b5bcb0dbe9c4746aff20f99c43d6.jpeg | https://turbo.kg/images/014/816/405/f6f815a5c2fe5f3d8b9f87026e8b3edb.jpeg | https://turbo.kg/images/014/816/406/f040a801b539d87e077f6848d9322b84.jpeg | https://turbo.kg/images/014/816/407/f020535b04ff6e239f655f30c69e8aa9.jpeg | https://turbo.kg/images/014/816/408/a43b575ec26b8288b06630f990603198.jpeg | https://turbo.kg/images/014/816/409/b49d6fb27973ad2eeca2c15b35d788f3.jpeg | https://turbo.kg/images/014/816/410/24c9063b94402ea6a953894b7bbc9569.jpeg | https://turbo.kg/images/014/816/411/3f52ffda7dd844e751e3c786e68cceca.jpeg | https://turbo.kg/images/014/816/412/48cafb383c0f2bf2666e9784e6a1c441.jpeg
https://turbo.kg/cars/3aGnNs8f,"BMW X5 IV (G05/G18) M50i 4.4, 2022",4326000,2022.0,145000.0,https://turbo.kg/images/014/816/375/0094e6c986d66a4ea36585a5dc14de25-thumb.jpg,11.0,2026-05-01T15:05:05+06:00,,2022,,4.4 л / бензин,,автомат,,внедорожник 5 дв.,,в наличии,,,полный,145000 км,,,,Бишкек,слева,идеальное,растаможен,,Кыргызстан,зеленый,4326000.0,https://turbo.kg/images/014/816/375/0094e6c986d66a4ea36585a5dc14de25.jpeg | https://turbo.kg/images/014/816/376/15fedc0b9c88ef9c74a02d3ac7d98972.jpeg | https://turbo.kg/images/014/816/377/44c38a8970e967fb9de80d35f05de7a2.jpeg | https://turbo.kg/images/014/816/378/7245c4ad2c85788fd159c2b2ae071514.jpeg | https://turbo.kg/images/014/816/379/f1be3af8d0f6685f88fa0bb26e1a6e62.jpeg | https://turbo.kg/images/014/816/380/c6af2e59b11914aa75fdbc42733bdf6b.jpeg | https://turbo.kg/images/014/816/381/9da1a4feb681f99726eedf3de5bf9bc5.jpeg | https://turbo.kg/images/014/816/382/b5c769c007d5be8e7f0737102aa3dab0.jpeg | https://turbo.kg/images/014/816/383/45099240c1803a02c8488a7338469e85.jpeg | https://turbo.kg/images/014/816/384/20c3c3f28e1264caf86fd573f303cff6.jpeg | https://turbo.kg/images/014/816/385/02cbf72a121d9a97db9413a93efa58bc.jpeg
https://turbo.kg/cars/SvwVIZ9F,"Tesla Model 3 I Long Range Electro AT (258 кВт) 4WD, 2022",2054000,2022.0,82000.0,https://turbo.kg/images/014/816/368/fbe58de941889222590de084cfb4940e-thumb.jpg,7.0,2026-05-01T14:50:05+06:00,,2022,,351 л.с. / 258 кВт / электро,,автомат,,седан,,в наличии,,,полный,82000 км,,свежепригнан,,Бишкек,слева,хорошее,растаможен,,Кыргызстан,синий,2054000.0,https://turbo.kg/images/014/816/368/fbe58de941889222590de084cfb4940e.jpeg | https://turbo.kg/images/014/816/369/71aeef8a8cbce845543c081778164767.jpeg | https://turbo.kg/images/014/816/370/a740085d1e3cc60339367960697b9761.jpeg | https://turbo.kg/images/014/816/371/6bf5987a81c4690c42fdedd84dfe3bf9.jpeg | https://turbo.kg/images/014/816/372/6153aa4f25010b665bf5b5ddacc3b273.jpeg | https://turbo.kg/images/014/816/373/34841e5d15b794f081ea7770d4bb8f52.jpeg | https://turbo.kg/images/014/816/374/79ac37ffb51f65e5a870a407f9525b2c.jpeg
https://turbo.kg/cars/keYt01FX,"Chevrolet Spark IV 1.0, 2016",550000,2016.0,140000.0,https://turbo.kg/images/014/816/357/c8f632a0dc14e427e85fb5e0eae9b96b-thumb.jpg,11.0,2026-05-01T14:20:05+06:00,,2016,,1.0 л / бензин,,вариатор,,хэтчбек 5 дв.,,в наличии,рассмотрю варианты,,передний,140000 км,,свежепригнан,,Бишкек,слева,хорошее,растаможен,,Кыргызстан,белый,550000.0,https://turbo.kg/images/014/816/357/c8f632a0dc14e427e85fb5e0eae9b96b.jpeg | https://turbo.kg/images/014/816/358/5e89458544cc8d6a82388b164e039381.jpeg | https://turbo.kg/images/014/816/359/37327e56f362af8da05b0a2e1c926abb.jpeg | https://turbo.kg/images/014/816/360/22e7edd0e5a10dacd5d7f5a8446e22f1.jpeg | https://turbo.kg/images/014/816/361/b2e761d8b65b3c6d70fe57005550d8ef.jpeg | https://turbo.kg/images/014/816/362/e489d3e6998b0fc58ed33301d1b10a21.jpeg | https://turbo.kg/images/014/816/363/300c71fa80540ecbfa4f622a8a558d92.jpeg | https://turbo.kg/images/014/816/364/816f982e3841d9a50a727f107b50869a.jpeg | https://turbo.kg/images/014/816/365/65f3d41019fcbed3ea118ba6ee678a7a.jpeg | https://turbo.kg/images/014/816/366/18821a86dc065aadbfa16a17bab2eaab.jpeg | https://turbo.kg/images/014/816/367/70c50031546f61b6aa02b1d97133e1f4.jpeg
https://turbo.kg/cars/sNMH8tQ8,"Lexus RX IV Рестайлинг 450h 3.5, 2020",3303000,2020.0,64000.0,https://turbo.kg/images/014/816/332/956f28032b5b0b9e6a5e7f25d600ec5a-thumb.jpg,12.0,2026-05-01T13:25:07+06:00,,2020,,3.5 л / гибрид,,вариатор,,внедорожник 5 дв.,,в наличии,обмен не предлагать,,полный,64000 км,,"свежепригнан, налог уплачен, техосмотр пройден, вложений не требует",,Бишкек,слева,хорошее,растаможен,,Не стоит на учёте,черный,3303000.0,https://turbo.kg/images/014/816/332/956f28032b5b0b9e6a5e7f25d600ec5a.jpeg | https://turbo.kg/images/014/816/333/d1ca3df98bb5f2d4741cdf70b8a1d409.jpeg | https://turbo.kg/images/014/816/334/7107bdf5138a74ba81a34c3a4f4f98bd.jpeg | https://turbo.kg/images/014/816/335/7f37c4e3d3354cf583b942aa103a32cf.jpeg | https://turbo.kg/images/014/816/336/b70138ee72fbb9d00dd49857a4459ed3.jpeg | https://turbo.kg/images/014/816/337/9e677696e91668433d8f89f781df4cfb.jpeg | https://turbo.kg/images/014/816/338/b813e5b13da358abbc60378be17e6aa8.jpeg | https://turbo.kg/images/014/816/339/8fc8fe2bc5000160e7d697da8febe49f.jpeg | https://turbo.kg/images/014/816/340/8a4afb18bfa1a5ecb5cf68483e126f00.jpeg | https://turbo.kg/images/014/816/341/65de0b4f49d9f725b57fff6e1bfb5a14.jpeg | https://turbo.kg/images/014/816/342/d86b071291c3b17d33ac7e99adebb4a6.jpeg | https://turbo.kg/images/014/816/343/a8583fddf37c6302559646219f3764a5.jpeg
https://turbo.kg/cars/VKk5AEfO,"Toyota Corolla XII (E210) Sporty 1.8, 2019",874000,2019.0,65000.0,https://turbo.kg/images/014/816/325/62fe470ac2fa87681c3807d1ee996fad-thumb.jpg,7.0,2026-05-01T13:25:06+06:00,,2019,,1.8 л / гибрид,,вариатор,,седан,,в наличии,обмен не предлагать,,передний,65000 км,,,,Бишкек,слева,хорошее,растаможен,,Кыргызстан,белый,874000.0,https://turbo.kg/images/014/816/325/62fe470ac2fa87681c3807d1ee996fad.jpeg | https://turbo.kg/images/014/816/326/8a114a980e1ce9a6fc7af705da9aef60.jpeg | https://turbo.kg/images/014/816/327/7afba7cfab1ad74e5778c994556b2714.jpeg | https://turbo.kg/images/014/816/328/be7582f53328bfec6b4bb04df0b1a427.jpeg | https://turbo.kg/images/014/816/329/30083520c0d4bb376e553bf8c66af102.jpeg | https://turbo.kg/images/014/816/330/cb9191650ee2f8e8c5a9de99edcdcadd.jpeg | https://turbo.kg/images/014/816/331/622d59bc65c3284c40925c36f6b19f01.jpeg
https://turbo.kg/cars/HGJ4mBmI,"Kia K3 II 1.6, 2018",1005000,2018.0,129000.0,https://turbo.kg/images/014/816/289/284742a5eabb262d552d691150bb7474-thumb.jpg,8.0,2026-05-01T12:00:05+06:00,,2018,07KG223ADN,1.6 л / бензин,,вариатор,,седан,,в наличии,обмен не предлагать,,передний,129000 км,,"вложений не требует, техосмотр пройден, налог уплачен, свежепригнан",,Бишкек,слева,идеальное,растаможен,,Кыргызстан,белый,1005000.0,https://turbo.kg/images/014/816/289/284742a5eabb262d552d691150bb7474.jpeg | https://turbo.kg/images/014/816/290/df11bf135b5743dd48a57e2ca21d1e8d.jpeg | https://turbo.kg/images/014/816/291/9df25a75fc7a06ef9da75d850c668430.jpeg | https://turbo.kg/images/014/816/292/976c1a37b331dd4ba8ecc366e9d0bec1.jpeg | https://turbo.kg/images/014/816/293/8fbd0176cee3aca746200ac460e365fa.jpeg | https://turbo.kg/images/014/816/294/ae987450043bc91950b47627b417f0c8.jpeg | https://turbo.kg/images/014/816/295/b2b594388422d221981a7ecbc50cdc5e.jpeg | https://turbo.kg/images/014/816/296/cfd16a60564fbeaef5e6f2e25800278a.jpeg
https://turbo.kg/cars/1uw6xSUC,"BYD Yuan Up Electro AT (130 кВт), 2024",1136000,2024.0,15000.0,https://turbo.kg/images/014/816/277/7066d2da01531c324790dada92d91644-thumb.jpg,12.0,2026-05-01T11:45:05+06:00,,2024,,177 л.с. / 130 кВт / электро,,автомат,,внедорожник 5 дв.,,в наличии,обмен не предлагать,,передний,15000 км,,,,Бишкек,слева,хорошее,растаможен,,Кыргызстан,серебристый,1136000.0,https://turbo.kg/images/014/816/277/7066d2da01531c324790dada92d91644.jpeg | https://turbo.kg/images/014/816/278/c11360c10b6109213b63a469feb77d89.jpeg | https://turbo.kg/images/014/816/279/118ef5425fe1f67a52bc1c347de9bd96.jpeg | https://turbo.kg/images/014/816/280/bf6553599d2792195600ef4b7dd251ac.jpeg | https://turbo.kg/images/014/816/281/28d6d3e1ba1e2fd4948df8ee8686712d.jpeg | https://turbo.kg/images/014/816/283/0aaa278ff0d8efb7fa6ba6e17238a076.jpeg | https://turbo.kg/images/014/816/284/b55d7956c7c61dc68338a9b4cac04730.jpeg | https://turbo.kg/images/014/816/285/19bc5f1ff092a544cc33d046d79cf28a.jpeg | https://turbo.kg/images/014/816/286/10af81208796577b3e6bb8a5b2fc06a0.jpeg | https://turbo.kg/images/014/816/287/5ff0c1c70b173d923edd26afce662c00.jpeg | https://turbo.kg/images/014/816/288/e171c6e5791f8d644368e07b6cbda0e5.jpeg | https://turbo.kg/images/014/820/369/7c2bdb49ea266d4eade271be7c45e68d.jpeg
https://turbo.kg/cars/uk4SFi70,"Toyota Camry VIII (XV70) 2.5, 2020",1617000,2020.0,63000.0,https://turbo.kg/images/014/816/255/b9d5c9fb1557703f3151cd6da98b8ff8-thumb.jpg,12.0,2026-05-01T11:25:05+06:00,4T1**************,2020,,2.5 л / бензин,,автомат,,седан,,в наличии,рассмотрю варианты,,передний,63000 км,,,,Бишкек,слева,идеальное,растаможен,,Кыргызстан,вишня,1617000.0,https://turbo.kg/images/014/816/255/b9d5c9fb1557703f3151cd6da98b8ff8.jpeg | https://turbo.kg/images/014/816/256/7c1673cb17050969f12bb635fbc7f4e5.jpeg | https://turbo.kg/images/014/816/257/82fe99c35639f416fef82c18aa8c1971.jpeg | https://turbo.kg/images/014/816/258/b58677583cb51dd954a2771ae6302c00.jpeg | https://turbo.kg/images/014/816/259/9a835de61ed007eff11cf4d9c7c9dbc2.jpeg | https://turbo.kg/images/014/816/260/766b8e6e7acd2651d78ba66a7256fb10.jpeg | https://turbo.kg/images/014/816/261/0f67b7628c2e0e12d100ee33bab150fe.jpeg | https://turbo.kg/images/014/816/262/da1a51ec014aeb954096bb1d70cae86f.jpeg | https://turbo.kg/images/014/816/263/d31941c3bab2cbb866e636d852ae0bc9.jpeg | https://turbo.kg/images/014/816/264/842da3a68b1938ae405a5c9d156f4d8c.jpeg | https://turbo.kg/images/014/816/265/725c0e071d21c5c095f01bdcb843741b.jpeg | https://turbo.kg/images/014/816/266/281497a189b57af3475c0340e410af49.jpeg
https://turbo.kg/cars/17hGCe5L,"BYD Yuan Plus Standard Range Electro AT (150 кВт), 2023",1302000,2023.0,38500.0,https://turbo.kg/images/014/816/234/eb8e3fcd2b52265b8a9c7a355023fc65-thumb.jpg,12.0,2026-05-01T11:00:05+06:00,,2023,,204 л.с. / 150 кВт / электро,,автомат,,внедорожник 5 дв.,,в наличии,обмен не предлагать,,передний,38500 км,,,,Бишкек,слева,хорошее,растаможен,,Кыргызстан,серый,1302000.0,https://turbo.kg/images/014/816/234/eb8e3fcd2b52265b8a9c7a355023fc65.jpeg | https://turbo.kg/images/014/816/235/389657fb8f7613ac22aa5d311f910acf.jpeg | https://turbo.kg/images/014/816/236/7591471bc88e01460ff733fe60c77e6a.jpeg | https://turbo.kg/images/014/816/237/42ede25866827be7c2bd905b27fbc063.jpeg | https://turbo.kg/images/014/816/238/ff9aabc171dd93b4342c4c7a16aa34db.jpeg | https://turbo.kg/images/014/816/239/a3c9f42f816e9d5443901d8bda8baa93.jpeg | https://turbo.kg/images/014/816/240/55f275a53c86535d36bbf37b8657cef8.jpeg | https://turbo.kg/images/014/816/241/b0a14fe841f40ff4c12cf7a9b0470fb5.jpeg | https://turbo.kg/images/014/816/242/bf5135249484927a569a1c6c28b1e804.jpeg | https://turbo.kg/images/014/816/243/967e89fc3b2d06a881387cb2704fcd21.jpeg | https://turbo.kg/images/014/816/244/26144085f54662671fb8b23712a3b0ba.jpeg | https://turbo.kg/images/014/816/245/309c4cdb8f97e60af6b9d7d75eb039f7.jpeg
https://turbo.kg/cars/LBg09l81,"Toyota RAV4 V (XA50) 2.5, 2023",2997000,2023.0,71500.0,https://turbo.kg/images/014/815/947/f6325ca3f056cdc249f7cfbd2f11eb9b-thumb.jpg,12.0,2026-04-30T16:55:06+06:00,,2023,,2.5 л / гибрид,,вариатор,,внедорожник 5 дв.,,в наличии,,,полный,71500 км,,,,Бишкек,слева,идеальное,растаможен,,Кыргызстан,белый,2997000.0,https://turbo.kg/images/014/815/947/f6325ca3f056cdc249f7cfbd2f11eb9b.jpeg | https://turbo.kg/images/014/815/948/96d22dab4d8d006f03d1e122bcad2540.jpeg | https://turbo.kg/images/014/815/949/303460e59bf7ff8c250b09739fa72059.jpeg | https://turbo.kg/images/014/815/950/d6a56127f7a798b158ba9fd9443ffbdb.jpeg | https://turbo.kg/images/014/815/951/8504985db311818041e7e24380d8029b.jpeg | https://turbo.kg/images/014/815/952/a4b951504c7bfab5816983717a26cf61.jpeg | https://turbo.kg/images/014/815/953/ef220becfb2076d400f78ff90ac7a2fd.jpeg | https://turbo.kg/images/014/815/954/a049d20f6e77aced5bca8fef45e647c9.jpeg | https://turbo.kg/images/014/815/955/3599e620013f12fb85069348a4e0260f.jpeg | https://turbo.kg/images/014/815/956/b62a0ba210dde95ec5f600187f9e1c83.jpeg | https://turbo.kg/images/014/815/957/38daf66d0584cf5925604da729bca323.jpeg | https://turbo.kg/images/014/815/958/fb8a7ef77e5afdbbdba0a98132015d53.jpeg
https://turbo.kg/cars/lcfp5HgK,"Toyota Highlander IV (U70) 2.5, 2020",3129000,2020.0,160050.0,https://turbo.kg/images/014/815/935/2d45821bfb93d91158bfc5b772c65d2c-thumb.jpg,12.0,2026-04-30T16:35:06+06:00,,2020,,2.5 л / гибрид,,автомат,,внедорожник 5 дв.,,в наличии,обмен не предлагать,,полный,160050 км,,"свежепригнан, налог уплачен, техосмотр пройден, вложений не требует",,Бишкек,слева,идеальное,растаможен,,Кыргызстан,белый,3129000.0,https://turbo.kg/images/014/815/935/2d45821bfb93d91158bfc5b772c65d2c.jpeg | https://turbo.kg/images/014/815/936/7833556f2bcec57780dd24cda819434e.jpeg | https://turbo.kg/images/014/815/937/1649ce82d5435d7deb1cc4d89cb1bd13.jpeg | https://turbo.kg/images/014/815/938/ff19b7450c1e58f4b28fc4ef26845cee.jpeg | https://turbo.kg/images/014/815/939/f51959fd1564797b79f891568103042d.jpeg | https://turbo.kg/images/014/815/940/e05894ffdbf23eb71468ffeb576d6de1.jpeg | https://turbo.kg/images/014/815/941/efbc145f7ed54593b10336e21c77b699.jpeg | https://turbo.kg/images/014/815/942/91b574c99e3928db7b2608fb381ef3f4.jpeg | https://turbo.kg/images/014/815/943/7d9c64f873191db5d010029b19480157.jpeg | https://turbo.kg/images/014/815/944/86e4a63a0dee0c8920418db6e6d71a42.jpeg | https://turbo.kg/images/014/815/945/d4370ea337e60734809f9a89a800e6dc.jpeg | https://turbo.kg/images/014/815/946/ed48ca139446837778f078a92681a9cf.jpeg
https://turbo.kg/cars/OKwdg5iU,"Subaru Outback III 2.5, 2003",620000,2003.0,400000.0,https://turbo.kg/images/014/815/888/1d1289d1af90f0eaf9d753352836b848-thumb.jpg,10.0,2026-04-30T12:55:05+06:00,,2003,,2.5 л / бензин,,автомат,,универсал,,в наличии,,,полный,400000 км,,,,Бишкек,справа,хорошее,растаможен,,Кыргызстан,золотистый,620000.0,https://turbo.kg/images/014/815/888/1d1289d1af90f0eaf9d753352836b848.jpeg | https://turbo.kg/images/014/815/889/8cc9a0ac015f0081fce4115ecbf3e72d.jpeg | https://turbo.kg/images/014/815/890/8bf0b00a152a54d1ab263e5541ed8337.jpeg | https://turbo.kg/images/014/815/891/6bf2c263ab8d7fbf398c22dcbe2db784.jpeg | https://turbo.kg/images/014/815/892/89e80bb749dcfdc5e1fc4d765f29b2c6.jpeg | https://turbo.kg/images/014/815/893/ffb7eecb3bfb8dd80f7290ceb5f91249.jpeg | https://turbo.kg/images/014/815/894/2c63967732640f8e56f1df71e252e2ad.jpeg | https://turbo.kg/images/014/815/895/ac1dfeca444991f69b56f5454cdc60b6.jpeg | https://turbo.kg/images/014/815/896/e80b13fad7794feb01c3243a513bbaea.jpeg | https://turbo.kg/images/014/815/897/c13c93ff7b8ef897179b87528e814a6f.jpeg
https://turbo.kg/cars/uvYUZay5,"Mercedes-Benz S-Класс VI (W222, C217) Рестайлинг 450 3.0, 2017",3059000,2017.0,180000.0,https://turbo.kg/images/014/815/877/2de0fbfd08f68ec0c66419ec9ae13579-thumb.jpg,11.0,2026-04-30T12:50:05+06:00,,2017,,3.0 л / бензин,,автомат,,седан,,в наличии,рассмотрю варианты,,полный,180000 км,,,,Бишкек,слева,хорошее,растаможен,,Кыргызстан,синий,3059000.0,https://turbo.kg/images/014/815/877/2de0fbfd08f68ec0c66419ec9ae13579.jpeg | https://turbo.kg/images/014/815/878/1dbaa9ecb1150428cec73208a6f0ce96.jpeg | https://turbo.kg/images/014/815/879/cb0a27c80163ff30c7c8dbe12910929a.jpeg | https://turbo.kg/images/014/815/880/b4bbdcef41447635cb7a1b684117975a.jpeg | https://turbo.kg/images/014/815/881/357474621c65d724967bcb66d3220cfd.jpeg | https://turbo.kg/images/014/815/882/84349041b5e836daeec87d49e59bd707.jpeg | https://turbo.kg/images/014/815/883/a00db3418f1df769b50aea0ec4a8fdb7.jpeg | https://turbo.kg/images/014/815/884/6f30aee73495a64e71daab5b32f5c682.jpeg | https://turbo.kg/images/014/815/885/91988db406e6fe00d28225540c8bdcfc.jpeg | https://turbo.kg/images/014/815/886/82d23ce45597ecb504322138987b2fb9.jpeg | https://turbo.kg/images/014/815/887/553bf0039fffd1be26b9737d6777539b.jpeg
https://turbo.kg/cars/MG1luy4G,"Lexus LX II 470 4.7, 1999",1346000,1999.0,370149.0,https://turbo.kg/images/014/815/872/5b077561a4f75c9488ee98c48b418702-thumb.jpg,5.0,2026-04-30T12:45:05+06:00,,1999,,4.7 л / бензин,,автомат,,внедорожник 5 дв.,,в наличии,обмен не предлагать,,полный,370149 км,,,,Бишкек,слева,хорошее,растаможен,,Кыргызстан,черный,1346000.0,https://turbo.kg/images/014/815/872/5b077561a4f75c9488ee98c48b418702.jpeg | https://turbo.kg/images/014/815/873/7a16423b02d443e8ad058b0a72d1fc0f.jpeg | https://turbo.kg/images/014/815/874/4d18df4656668ff71bdea6f16c4d2b48.jpeg | https://turbo.kg/images/014/815/875/72951af7f846edb0e3d52d025650ef2a.jpeg | https://turbo.kg/images/014/815/876/f724acbd37200c56a02158017c3b7911.jpeg
https://turbo.kg/cars/RtXD3TTD,"Kia Optima IV Рестайлинг 2.4, 2018",918000,2018.0,118125.0,https://turbo.kg/images/014/815/855/d2567f6d1d2daab92b5e109b20151224-thumb.jpg,7.0,2026-04-30T12:10:06+06:00,,2018,,2.4 л / бензин,,автомат,,седан,,в наличии,рассмотрю варианты,,передний,118125 км,,,,Бишкек,слева,хорошее,растаможен,,Кыргызстан,вишня,918000.0,https://turbo.kg/images/014/815/855/d2567f6d1d2daab92b5e109b20151224.jpeg | https://turbo.kg/images/014/815/856/ac09139e0ed702cbd0f5a6f9a6674aa1.jpeg | https://turbo.kg/images/014/815/857/ed85ccd1551fee1063c62ddca85d6828.jpeg | https://turbo.kg/images/014/815/858/4e2a604e80b5ed504fbc0d9bb8dbab46.jpeg | https://turbo.kg/images/014/815/859/954ea3203bc29e98fe1021810d42af1a.jpeg | https://turbo.kg/images/014/815/860/9feaeae0a638e2e256d306282c7e2480.jpeg | https://turbo.kg/images/014/815/861/4bfb5ac997916b89336784b2ebe9497a.jpeg
https://turbo.kg/cars/66L0DPMa,"Toyota Avalon V 2.5, 2019",2159000,2019.0,86500.0,https://turbo.kg/images/014/815/847/3463258e87cac7cc40ead7cef674ab15-thumb.jpg,8.0,2026-04-30T12:10:05+06:00,,2019,01KG999ARA,2.5 л / гибрид,,вариатор,,седан,,в наличии,обмен не предлагать,,передний,86500 км,,вложений не требует,,Бишкек,слева,хорошее,растаможен,,Кыргызстан,черный,2159000.0,https://turbo.kg/images/014/815/847/3463258e87cac7cc40ead7cef674ab15.jpeg | https://turbo.kg/images/014/815/848/e42ec2a145d1dcf054d08807f7cc1121.jpeg | https://turbo.kg/images/014/815/849/348a1c563c46e2962072a7883320bca6.jpeg | https://turbo.kg/images/014/815/850/598d56a55b81d09acc03927de3d9d207.jpeg | https://turbo.kg/images/014/815/851/302ad786cdf29b7141cbd449ce389046.jpeg | https://turbo.kg/images/014/815/852/f435dddfe1ba5b769317878351f5c588.jpeg | https://turbo.kg/images/014/815/853/672febbaf5404e5d62c9d2aff9f5c153.jpeg | https://turbo.kg/images/014/815/854/652356b02c3f00a36311a47975ce050b.jpeg
https://turbo.kg/cars/elLIPncn,"BMW X7 I (G07) 40i 3.0, 2021",5855000,2021.0,93000.0,https://turbo.kg/images/014/815/813/5a9eafb51ec77aa65c1a73828ceb9945-thumb.jpg,12.0,2026-04-30T11:05:05+06:00,,2021,,3.0 л / бензин,,автомат,,внедорожник 5 дв.,,в наличии,обмен не предлагать,,полный,93000 км,,"свежепригнан, налог уплачен, вложений не требует, техосмотр пройден",,Бишкек,слева,идеальное,растаможен,,Кыргызстан,белый,5855000.0,https://turbo.kg/images/014/815/813/5a9eafb51ec77aa65c1a73828ceb9945.jpeg | https://turbo.kg/images/014/815/814/f6bbcb3125f58d362f6fd3fe6ccd3453.jpeg | https://turbo.kg/images/014/815/815/3936f882be12129f95f19784cf122087.jpeg | https://turbo.kg/images/014/815/816/0d81ed11cdec78d2ec7d24b0daf4a5a0.jpeg | https://turbo.kg/images/014/815/817/5a6392aa2bc2b5a6417f775f057d32db.jpeg | https://turbo.kg/images/014/815/818/45a0f24d54f709f1fa3cf1826229039f.jpeg | https://turbo.kg/images/014/815/819/032bfcb3e49f14d999f17bcf69e8bb2a.jpeg | https://turbo.kg/images/014/815/820/3cc7f550122a442cafb21779605f5526.jpeg | https://turbo.kg/images/014/815/821/bbdfdeec65d350f661579fab261725b0.jpeg | https://turbo.kg/images/014/815/822/a64f3d62f53f6180256fd9e376a7493c.jpeg | https://turbo.kg/images/014/815/823/d5f4bceb03f3ce73a9f9bbcbe820ab91.jpeg | https://turbo.kg/images/014/815/824/caaf0910c9b95d0a1c84168be10fa4b3.jpeg
https://turbo.kg/cars/ifPyNIQG,"BMW 7 серии VI (G11/G12) 730i 2.0, 2018",2534000,2018.0,181000.0,https://turbo.kg/images/014/815/801/7739023ffe6389aaf4c9f1ee140c13f0-thumb.jpg,12.0,2026-04-30T10:45:06+06:00,,2018,,2.0 л / бензин,,автомат,,седан,,в наличии,рассмотрю варианты,,задний,181000 км,,,,Бишкек,слева,хорошее,растаможен,,Кыргызстан,серый,2534000.0,https://turbo.kg/images/014/815/801/7739023ffe6389aaf4c9f1ee140c13f0.jpeg | https://turbo.kg/images/014/815/802/6c49df7caceca435adaaa9c05400f1b7.jpeg | https://turbo.kg/images/014/815/803/15e53a2c9cfe87249251bfaef7a3fc2f.jpeg | https://turbo.kg/images/014/815/804/fe66556f6c819598dece7ac628253d33.jpeg | https://turbo.kg/images/014/815/805/d1ba99870fa72d2dfc543d89f2dbd1ac.jpeg | https://turbo.kg/images/014/815/806/f94235a8f24cf04b4cbf1472686f217a.jpeg | https://turbo.kg/images/014/815/807/bc88fa487bac49201593b643808e3a9c.jpeg | https://turbo.kg/images/014/815/808/497679bcd3d8be9ec5d34b479d332154.jpeg | https://turbo.kg/images/014/815/809/9c09db31a278250a90649a9cc4d4ed42.jpeg | https://turbo.kg/images/014/815/810/4b6b2b4688bdad6d3c2fd1e136f97fa8.jpeg | https://turbo.kg/images/014/815/811/73decf5c5ede8699705eff4a7442c731.jpeg | https://turbo.kg/images/014/815/812/1b67d3ad4dbd5e97c93c2534c473cf81.jpeg
https://turbo.kg/cars/9lGLOGi4,"Kia Sportage V 2.0, 2022",1879000,2022.0,110000.0,https://turbo.kg/images/014/820/662/bae8a369fda794d7fbd900d5c8351fe9-thumb.jpg,11.0,2026-04-30T10:40:06+06:00,,2022,,2.0 л / дизель,,автомат,,внедорожник 5 дв.,,в наличии,рассмотрю варианты,,передний,110000 км,,"свежепригнан, налог уплачен, техосмотр пройден, вложений не требует",,Бишкек,слева,хорошее,растаможен,,Кыргызстан,серый,1879000.0,https://turbo.kg/images/014/820/662/bae8a369fda794d7fbd900d5c8351fe9.jpeg | https://turbo.kg/images/014/820/663/1fd94bca7325f3bf78f459c5109221ab.jpeg | https://turbo.kg/images/014/820/664/7216a1abb1561132677ecf001e0cd0b1.jpeg | https://turbo.kg/images/014/820/665/663c4724eebb8347a530711c35a07e30.jpeg | https://turbo.kg/images/014/820/666/e8d06c66677a7516904f02c8cee6245b.jpeg | https://turbo.kg/images/014/820/667/5cac77217bcfb2ebe19cc8a409863358.jpeg | https://turbo.kg/images/014/820/668/0420d8a9f6187e6a4be0e3e99d08bd23.jpeg | https://turbo.kg/images/014/820/669/ddd4680c1a3a486d0bd03fcde9ff16f6.jpeg | https://turbo.kg/images/014/820/670/ebd16c93b0ff64c0da99e30fbcfb7caa.jpeg | https://turbo.kg/images/014/820/671/4ce9559cda9c2bc63f4bb9526a9c0833.jpeg | https://turbo.kg/images/014/820/672/6bcb6fc0ce489d3f16e65792a36ee64f.jpeg
https://turbo.kg/cars/Rviv0BAG,"Mercedes-Benz E-Класс IV (W212, S212, C207) Рестайлинг 200 2.0, 2014",1547000,2014.0,122346.0,https://turbo.kg/images/014/815/283/4968b9b99267946b9f8c581883cf52ec-thumb.jpg,10.0,2026-04-29T14:50:05+06:00,,2014,,2.0 л / бензин,,автомат,,седан,,в наличии,рассмотрю варианты,,задний,122346 км,,вложений не требует,,Бишкек,слева,хорошее,растаможен,,Кыргызстан,белый,1547000.0,https://turbo.kg/images/014/815/283/4968b9b99267946b9f8c581883cf52ec.jpeg | https://turbo.kg/images/014/815/284/d27f6bec4f29f69fb0a079969fee31ff.jpeg | https://turbo.kg/images/014/815/285/3fe2cd4a54366a43d500af72616ad462.jpeg | https://turbo.kg/images/014/815/286/e1c026c18d2ce31fedf7abb5726e0937.jpeg | https://turbo.kg/images/014/815/287/04fef6029fe3f4e2c558611a38a5fcf3.jpeg | https://turbo.kg/images/014/815/288/8fb48fe7508b6c9c1d5cc0551f85a883.jpeg | https://turbo.kg/images/014/815/289/37cca175e4ec60d295c90b0e6f2517c1.jpeg | https://turbo.kg/images/014/815/290/a469802bea9ff47a3e24e424ca1f7a38.jpeg | https://turbo.kg/images/014/815/291/43cd7c98774b078538226c556edd2542.jpeg | https://turbo.kg/images/014/815/292/d5954ac12250a1836a2566d6b3ab6d5c.jpeg
https://turbo.kg/cars/xmkcZpn1,"BMW X5 M II (F85) 4.4, 2017",4326000,2017.0,70000.0,https://turbo.kg/images/014/815/262/69f8eb629f86d882a3042841f15257c2-thumb.jpg,12.0,2026-04-29T14:40:05+06:00,,2017,,4.4 л / бензин,,автомат,,внедорожник 5 дв.,,в наличии,,,полный,70000 км,,вложений не требует,,Бишкек,слева,идеальное,растаможен,,Кыргызстан,серый,4326000.0,https://turbo.kg/images/014/815/262/69f8eb629f86d882a3042841f15257c2.jpeg | https://turbo.kg/images/014/815/263/d2e635a364357c75891a543cb45d7ec6.jpeg | https://turbo.kg/images/014/815/264/12e89143c86407045ba00579def94332.jpeg | https://turbo.kg/images/014/815/265/8b601669f5101a408268bf909dd81e79.jpeg | https://turbo.kg/images/014/815/266/2094d15dfd568d4d28fe18b28afff1e8.jpeg | https://turbo.kg/images/014/815/267/fb67e07959bb65024af1723cf4b2fe48.jpeg | https://turbo.kg/images/014/815/268/7c1af4c29636c0c33f04d28444ee1e4e.jpeg | https://turbo.kg/images/014/815/269/e5cc10bc490dd2d0196f08d6c9a147c3.jpeg | https://turbo.kg/images/014/815/270/de2ecb3370a5e5dee8a3832cc4341394.jpeg | https://turbo.kg/images/014/815/271/8867f34da7777c3867b2df589eeff779.jpeg | https://turbo.kg/images/014/815/272/9cdee128c674e5a327715b61e8391eb5.jpeg | https://turbo.kg/images/014/815/273/cccbb766714de053e0e310e5ea1f5e26.jpeg
https://turbo.kg/cars/DL82sy4y,"Lexus GX II Рестайлинг 2 460 4.6, 2021",4588000,2021.0,100000.0,https://turbo.kg/images/014/815/250/6d5c2459a9f985918ce2dc4b96dcbe5e-thumb.jpg,12.0,2026-04-29T14:35:05+06:00,,2021,,4.6 л / бензин,,автомат,,внедорожник 5 дв.,,в наличии,,,полный,100000 км,,"свежепригнан, налог уплачен, техосмотр пройден, вложений не требует",,Бишкек,слева,идеальное,растаможен,,Кыргызстан,белый,4588000.0,https://turbo.kg/images/014/815/250/6d5c2459a9f985918ce2dc4b96dcbe5e.jpeg | https://turbo.kg/images/014/815/251/2578b78153280962d9c18cd2bba00773.jpeg | https://turbo.kg/images/014/815/252/6fd9b2cbeecde38a18b4d8deb05677e8.jpeg | https://turbo.kg/images/014/815/253/c91915b8cc68ea3e50f1b95050e3a780.jpeg | https://turbo.kg/images/014/815/254/5c98a6bfc3cb342edc68913c79b061dc.jpeg | https://turbo.kg/images/014/815/255/068deac3eefe9d0960b86fd1cfbdfdd2.jpeg | https://turbo.kg/images/014/815/256/27085b1a68cf9edf1bbe8ed0bd41b0cc.jpeg | https://turbo.kg/images/014/815/257/be359cec6daee55785896824ea87636e.jpeg | https://turbo.kg/images/014/815/258/2bc5d8610f10fd6480fd5b90a0f8f97c.jpeg | https://turbo.kg/images/014/815/259/19f0bac0af90362c1473c67cfeccaa92.jpeg | https://turbo.kg/images/014/815/260/6649263d4b0780792a7c0c6a75148c7b.jpeg | https://turbo.kg/images/014/815/261/228fc956f31b7bea61c774cbc4c8c621.jpeg
https://turbo.kg/cars/VaOqB0DY,"Mercedes-Benz E-Класс II (W210, S210) Рестайлинг 320 3.2, 2001",1005000,2001.0,285000.0,https://turbo.kg/images/014/815/229/044908bf948b8daa2b6247b98de6c676-thumb.jpg,7.0,2026-04-29T13:20:06+06:00,,2001,01KG018AXA,3.2 л / бензин,,автомат,,седан,,в наличии,рассмотрю варианты,,задний,285000 км,,,,Бишкек,слева,хорошее,растаможен,,Кыргызстан,серебристый,1005000.0,https://turbo.kg/images/014/815/229/044908bf948b8daa2b6247b98de6c676.jpeg | https://turbo.kg/images/014/815/230/416a9b78cca47c290e919651188de0a4.jpeg | https://turbo.kg/images/014/815/231/ac97a1035a0b6b2d23c30f488b12b802.jpeg | https://turbo.kg/images/014/815/232/b918124a5b63351940ab25f91b3cefd6.jpeg | https://turbo.kg/images/014/815/233/2e1c3742e71ded6398c3d1be7731e719.jpeg | https://turbo.kg/images/014/815/234/9e012c2367d344c4547fe4ffb09432d6.jpeg | https://turbo.kg/images/014/815/235/aa2c1054e65701e5211470562680c7d4.jpeg
https://turbo.kg/cars/i4ot9FCn,"Mercedes-Benz GL-Класс II (X166) 550 4.7, 2012",2578000,2012.0,158000.0,https://turbo.kg/images/014/815/221/13476ac04b5cf9118e9933dc1a568694-thumb.jpg,8.0,2026-04-29T13:15:07+06:00,,2012,,4.7 л / бензин,,автомат,,внедорожник 5 дв.,,в наличии,,,полный,158000 км,,"налог уплачен, техосмотр пройден, вложений не требует",,Бишкек,слева,идеальное,растаможен,,Кыргызстан,черный,2578000.0,https://turbo.kg/images/014/815/221/13476ac04b5cf9118e9933dc1a568694.jpeg | https://turbo.kg/images/014/815/222/b05ecea2961219eae68f2111254eb72d.jpeg | https://turbo.kg/images/014/815/223/509be28e0b7194aa47e43df61e2d5576.jpeg | https://turbo.kg/images/014/815/224/0fbca2a9d0bb717935bdc89c308acaa8.jpeg | https://turbo.kg/images/014/815/225/4644400b2e0d3b031ba0f6c933cdbb45.jpeg | https://turbo.kg/images/014/815/226/9f4dfd72677579d9f3a7224b89130e72.jpeg | https://turbo.kg/images/014/815/227/0b8dc1671990886c8e0ced562036d0c6.jpeg | https://turbo.kg/images/014/815/228/9fc5349e42990ce07136e11b65f0573f.jpeg
https://turbo.kg/cars/9ZePT6rt,"Mercedes-Benz SL-Класс AMG II (R230) 55 AMG 5.4, 2002",3502000,2002.0,100000.0,https://turbo.kg/images/014/815/205/ed203c2a314ad9477f6d4b9b1054e8b8-thumb.jpg,12.0,2026-04-29T13:05:06+06:00,,2002,01KG555AMG,5.4 л / бензин,,автомат,,родстер,,в наличии,,,задний,100000 км,,,,Бишкек,слева,хорошее,растаможен,,Кыргызстан,серый,3502000.0,https://turbo.kg/images/014/815/205/ed203c2a314ad9477f6d4b9b1054e8b8.jpeg | https://turbo.kg/images/014/815/206/4eb0aa36c61ef464dc95051b6ae29d65.jpeg | https://turbo.kg/images/014/815/207/74cf99bf3ad52540317b38c2a4381557.jpeg | https://turbo.kg/images/014/815/208/2f348ff84e15f1a22e85575ca2597773.jpeg | https://turbo.kg/images/014/815/209/73d42a5355eb9861d644b8cd33a117ad.jpeg | https://turbo.kg/images/014/815/210/995bd3ed0ea638db038c89c2e447e01d.jpeg | https://turbo.kg/images/014/815/211/9cc5776d8c4799bd639d32b39d29446b.jpeg | https://turbo.kg/images/014/815/212/ddfcabf6ae5699250f16eb4007916f35.jpeg | https://turbo.kg/images/014/815/213/49cb3d7d6df8f133d3578c9fc39beb45.jpeg | https://turbo.kg/images/014/815/214/87262839c62a250b02961b3c68c79ceb.jpeg | https://turbo.kg/images/014/815/215/f344369d8c2d2bdaecedca2e55312e8e.jpeg | https://turbo.kg/images/014/815/216/ae9aae6ec0446abeceb4b2c1a1c97cf1.jpeg
https://turbo.kg/cars/DDrcP2Z4,"Hyundai Sonata VII (LF) Рестайлинг 2.0, 2021",1040000,2021.0,184000.0,https://turbo.kg/images/014/815/194/248eeabc905fe4a0a329a6a350959cca-thumb.jpg,11.0,2026-04-29T12:55:06+06:00,,2021,,2.0 л / газ,,автомат,,седан,,в наличии,обмен не предлагать,,передний,184000 км,,,,"Манас (Джалал-Абад), Джалал-Абадская область",слева,идеальное,растаможен,,Кыргызстан,серый,1040000.0,https://turbo.kg/images/014/815/194/248eeabc905fe4a0a329a6a350959cca.jpeg | https://turbo.kg/images/014/815/195/f97a32eeb3b0cda267f8f8b3e400cde5.jpeg | https://turbo.kg/images/014/815/196/9c10b0e63fb32cfd9c5356e8b97fe668.jpeg | https://turbo.kg/images/014/815/197/b9b204d3db9eef5e37b7de376c895e91.jpeg | https://turbo.kg/images/014/815/198/c246b9c978b65e79e9f1f7f5355d2ee4.jpeg | https://turbo.kg/images/014/815/199/02c2992fa84eb2d32b367cb1486de05c.jpeg | https://turbo.kg/images/014/815/200/5018993f41c8ddaab92549f6b22c2285.jpeg | https://turbo.kg/images/014/815/201/e2e53e8e4407065bfd1db181b5aff379.jpeg | https://turbo.kg/images/014/815/202/56cc1204524f1ccafe9a0ba84c1291b6.jpeg | https://turbo.kg/images/014/815/203/2243d9fb2da199589c42e31854589bb7.jpeg | https://turbo.kg/images/014/815/204/0d9823350c6e13f29dacb336e9a44b17.jpeg
https://turbo.kg/cars/1UCsoNCV,"Chevrolet Tahoe V 5.3, 2021",4370000,2021.0,140000.0,https://turbo.kg/images/014/817/111/8f93a97df860cd478b5c53da42a7ec5f-thumb.jpg,12.0,2026-04-29T12:50:06+06:00,1GN**************,2021,,5.3 л / бензин,,автомат,,внедорожник 5 дв.,,в наличии,,,полный,140000 км,,вложений не требует,,Бишкек,слева,идеальное,растаможен,,Кыргызстан,черный,4370000.0,https://turbo.kg/images/014/817/111/8f93a97df860cd478b5c53da42a7ec5f.jpeg | https://turbo.kg/images/014/817/112/830538b660dd8ce8bb524e6d1e0fb7ed.jpeg | https://turbo.kg/images/014/817/113/d52dff49205461c264d07475ebfea11a.jpeg | https://turbo.kg/images/014/817/114/3ca6a08f0d34f7e76fc691c55adfcb2d.jpeg | https://turbo.kg/images/014/817/115/da7a7bdb291c78b634c5bd6817cd445a.jpeg | https://turbo.kg/images/014/817/116/c5f88d9003e2f289e0fbb600a633468a.jpeg | https://turbo.kg/images/014/817/117/1cf9e6de5e2a019a2fef596850bbabce.jpeg | https://turbo.kg/images/014/817/118/3efbfacb2cb3de5a1d65d5ec26d90b7e.jpeg | https://turbo.kg/images/014/817/119/42dc511948b006201cb1772805917f01.jpeg | https://turbo.kg/images/014/817/120/ad9c8c70abe772e6eb49f03843f88bcd.jpeg | https://turbo.kg/images/014/817/121/8967e2e389fdd9ffdbfd010ed1ea1f2e.jpeg | https://turbo.kg/images/014/817/122/ae775e4f8f1a2358a60271c9f6364a26.jpeg
https://turbo.kg/cars/yFNzhoWL,"Land Rover Range Rover IV Long 5.0, 2015",3502000,2015.0,165000.0,https://turbo.kg/images/014/815/162/e5c4b07e4701f53af92c1418430ee084-thumb.jpg,8.0,2026-04-29T12:25:06+06:00,,2015,,5.0 л / бензин,,автомат,,внедорожник 5 дв.,,в наличии,с доплатой покупателя,,полный,165000 км,,,,Бишкек,слева,хорошее,растаможен,,Кыргызстан,черный,3502000.0,https://turbo.kg/images/014/815/162/e5c4b07e4701f53af92c1418430ee084.jpeg | https://turbo.kg/images/014/815/163/95ac4bbd5a9d772f8ce6774da179a641.jpeg | https://turbo.kg/images/014/815/164/70ea308675c35437766cea1a0404629d.jpeg | https://turbo.kg/images/014/815/165/50db8a3ae1afaa9b30ed91d1fa11ef56.jpeg | https://turbo.kg/images/014/815/166/0bf66dc4a9660b8d3020d8529f76b5ed.jpeg | https://turbo.kg/images/014/815/167/b42c2eaa914e099455a1e2ea06653d07.jpeg | https://turbo.kg/images/014/815/168/49a29b4f69fca50f05b753f4be978b3f.jpeg | https://turbo.kg/images/014/815/169/83e89c433f0c9ae01bb7f80856941e80.jpeg
https://turbo.kg/cars/ynWEOMc2,"Hyundai Sonata VII (LF) Рестайлинг 2.0, 2019",813000,2019.0,325000.0,https://turbo.kg/images/014/815/128/9cbb1713632edefa344bc6d818180f56-thumb.jpg,11.0,2026-04-29T10:55:06+06:00,,2019,02KG516AHY,2.0 л / газ,,автомат,,седан,,в наличии,обмен не предлагать,,передний,325000 км,,,,"Ош, Ошская область",слева,хорошее,растаможен,,Кыргызстан,белый,813000.0,https://turbo.kg/images/014/815/128/9cbb1713632edefa344bc6d818180f56.jpeg | https://turbo.kg/images/014/815/129/11304761e9e91f2cd793eb94f5b6963a.jpeg | https://turbo.kg/images/014/815/130/3d5918a4c2dcd8fd053fb4670120ca20.jpeg | https://turbo.kg/images/014/815/131/4a41cbdb43cf80bd9fc157725ececcbb.jpeg | https://turbo.kg/images/014/815/132/fdb5f00b70207806f11434fca6872365.jpeg | https://turbo.kg/images/014/815/133/3cefbd9369eb3b7852b68c77262d2cb2.jpeg | https://turbo.kg/images/014/815/134/74a676841921630e300cb0f4021363d3.jpeg | https://turbo.kg/images/014/815/135/5693a347199d9e11e4e749012c929aa3.jpeg | https://turbo.kg/images/014/815/136/2b99f259b3f75fd50b44c81bdfea0e60.jpeg | https://turbo.kg/images/014/815/137/e2a3dc2d277d6fd62904d3dd086f845e.jpeg | https://turbo.kg/images/014/815/138/af83585cd9682ddf455adcacdfd77b88.jpeg
https://turbo.kg/cars/nRoDrUAd,"Zeekr 7X Electro AT (475 кВт) 4WD, 2025",3233000,2025.0,2000.0,https://turbo.kg/images/014/815/108/dcfe5ce90cd5a6965cdde2de579d6ae8-thumb.jpg,8.0,2026-04-29T10:00:06+06:00,,2025,,646 л.с. / 475 кВт / электро,,автомат,,внедорожник 5 дв.,,в наличии,,,полный,2000 км,,,,Бишкек,слева,новое,растаможен,,Кыргызстан,серый,3233000.0,https://turbo.kg/images/014/815/108/dcfe5ce90cd5a6965cdde2de579d6ae8.jpeg | https://turbo.kg/images/014/815/109/45778e28e04b9bd15cafb0abf311f9f5.jpeg | https://turbo.kg/images/014/815/110/bcf56fedd78358bbbc59903cfc48fd9e.jpeg | https://turbo.kg/images/014/815/111/a02eb83f3e2a6f3bc9c06b67ed3df462.jpeg | https://turbo.kg/images/014/815/112/f05c40f3f8596daff332f5d80fa56715.jpeg | https://turbo.kg/images/014/815/113/96022ea0e971b4f3a474fba0a4387e43.jpeg | https://turbo.kg/images/014/815/114/ae08b506dc5dff064394151f345515ca.jpeg | https://turbo.kg/images/014/815/115/c04719fb8a38a3f17e4610df38138eee.jpeg
https://turbo.kg/cars/2n7eUNyS,"Hyundai Tucson III Рестайлинг 1.6, 2018",1057000,2018.0,21200.0,https://turbo.kg/images/014/815/098/64c7fb5e282c98e2e85a4a4188aa267b-thumb.jpg,10.0,2026-04-29T10:00:05+06:00,,2018,,1.6 л / бензин,,робот,,внедорожник 5 дв.,,в наличии,обмен не предлагать,,передний,21200 км,,"налог уплачен, техосмотр пройден, вложений не требует",есть,Бишкек,слева,идеальное,растаможен,,Кыргызстан,белый,1057000.0,https://turbo.kg/images/014/815/098/64c7fb5e282c98e2e85a4a4188aa267b.jpeg | https://turbo.kg/images/014/815/099/e9fb7a9c61f5812c2e4b415a950eeedc.jpeg | https://turbo.kg/images/014/815/100/4bab4a7588482f7d5fda9230582c69bc.jpeg | https://turbo.kg/images/014/815/101/9ae20876669a08647963a5d4af4b190a.jpeg | https://turbo.kg/images/014/815/102/cfafc1b94fdf3065ab5886634589f2fe.jpeg | https://turbo.kg/images/014/815/103/733f817e4411c50d6d3e1164405f9b24.jpeg | https://turbo.kg/images/014/815/104/c98278ca7ac3d84f1df17b53170fd249.jpeg | https://turbo.kg/images/014/815/105/2680db74b71b2316eebcbb24fd67f767.jpeg | https://turbo.kg/images/014/815/106/6b57f69d5e7ca4f90ead7ecd2c793d14.jpeg | https://turbo.kg/images/014/815/107/1dcf84d74c9407d0fb299c6a796bcd76.jpeg
https://turbo.kg/cars/5xodkdfw,"SsangYong Tivoli I 1.6, 2019",1049000,2019.0,149500.0,https://turbo.kg/images/014/815/088/6d41b26ab3417a8fff43c244a8adcae0-thumb.jpg,10.0,2026-04-29T09:55:06+06:00,,2019,,1.6 л / бензин,,автомат,,внедорожник 5 дв.,,в наличии,рассмотрю варианты,,передний,149500 км,,,,"Ош, Ошская область",слева,хорошее,растаможен,,Кыргызстан,белый,1049000.0,https://turbo.kg/images/014/815/088/6d41b26ab3417a8fff43c244a8adcae0.jpeg | https://turbo.kg/images/014/815/089/9e009eb93fc432d47007afff5edfb8ff.jpeg | https://turbo.kg/images/014/815/090/3e2294e27cc68200a62d77f7d5f4929e.jpeg | https://turbo.kg/images/014/815/091/e0c645d1e437043c6cac447e66ba3afc.jpeg | https://turbo.kg/images/014/815/092/21cd1db370ff5d4929b90337407de03b.jpeg | https://turbo.kg/images/014/815/093/bb861bca8418b2288481145eec3cf438.jpeg | https://turbo.kg/images/014/815/094/0e5ebdab3b1e9c728f25d16d6c23f8a3.jpeg | https://turbo.kg/images/014/815/095/2886c2901c1658801405aa3ee1d1be56.jpeg | https://turbo.kg/images/014/815/096/01c2c148148ddd0264cf00d50f43358b.jpeg | https://turbo.kg/images/014/815/097/324314266531ba07816d93682d07ffa8.jpeg
https://turbo.kg/cars/2Iq0K8Sy,"Kia Soul III 2.0, 2019",988000,2019.0,162000.0,https://turbo.kg/images/014/815/065/31aa33ec04a988ec84ba184b7d9fd4cb-thumb.jpg,12.0,2026-04-29T09:10:05+06:00,KND**************,2019,,2.0 л / бензин,,автомат,,хэтчбек 5 дв.,,в наличии,,,передний,162000 км,,,,Бишкек,слева,хорошее,растаможен,,Кыргызстан,красный,988000.0,https://turbo.kg/images/014/815/065/31aa33ec04a988ec84ba184b7d9fd4cb.jpeg | https://turbo.kg/images/014/815/066/c6e3a9ee0d1fd14836fbca3800d3b964.jpeg | https://turbo.kg/images/014/815/067/110f9a01b8a11c3132929d1f98248dda.jpeg | https://turbo.kg/images/014/815/068/52f197a7f56e2d6d3edc9cd7e7aa0dd5.jpeg | https://turbo.kg/images/014/815/069/459de1493f593cacebdbdca89f011f1d.jpeg | https://turbo.kg/images/014/815/070/6395ace438a7c7a0fe70d0b2617058fa.jpeg | https://turbo.kg/images/014/815/071/4a6ce4a09fcc96a952a2311fdb4eca99.jpeg | https://turbo.kg/images/014/815/072/dc469c821c2a2a572b9386d69e0ccd38.jpeg | https://turbo.kg/images/014/815/073/f6d0ceda4a7c983fa4c3ac07c0bcfc82.jpeg | https://turbo.kg/images/014/815/074/ab0a08c47c3f292654c4586e0db6167d.jpeg | https://turbo.kg/images/014/815/075/1bcebbd75e869632a5e43d9bd869193f.jpeg | https://turbo.kg/images/014/815/076/93530deafc8d172f5ebffe96776dad88.jpeg
https://turbo.kg/cars/MKaOSrmA,"LiXiang L7 Pro 1.5, 2024",3277000,2024.0,22000.0,https://turbo.kg/images/014/815/044/d5de1464aa5385695484660da6e78e20-thumb.jpg,9.0,2026-04-29T09:05:05+06:00,,2024,08KG008ILH,1.5 л / гибрид,,автомат,,внедорожник 5 дв.,,в наличии,обмен не предлагать,,полный,22000 км,,"свежепригнан, техосмотр пройден, вложений не требует",,Бишкек,слева,идеальное,растаможен,,Кыргызстан,серый,3277000.0,https://turbo.kg/images/014/815/044/d5de1464aa5385695484660da6e78e20.jpeg | https://turbo.kg/images/014/815/045/53d2204322b05d019a693f26c357bd44.jpeg | https://turbo.kg/images/014/815/046/627898a197760b0229a4b409cc16efbd.jpeg | https://turbo.kg/images/014/815/047/64656ecc5524aed829d859428e0e9b08.jpeg | https://turbo.kg/images/014/815/048/7bfd5a2d81a4269c6bcb15e8efd1cc41.jpeg | https://turbo.kg/images/014/815/049/3bdab6ea8f036e91fb33ecb4c67c8117.jpeg | https://turbo.kg/images/014/815/050/7b7a146a7efb002c5853b8b6afc3befe.jpeg | https://turbo.kg/images/014/815/051/92f814c8dc0e38c4e5afbd6d431c72cc.jpeg | https://turbo.kg/images/014/815/052/c864f53107d71f3a18fc0577048f0b9a.jpeg
https://turbo.kg/cars/MN2NM06X,"Toyota Highlander IV (U70) 2.5, 2023",4064000,2023.0,27000.0,https://turbo.kg/images/014/814/564/474a05d11f173367c63c9124472d3e7a-thumb.jpg,12.0,2026-04-28T15:10:05+06:00,,2023,,2.5 л / гибрид,,автомат,,внедорожник 5 дв.,,в наличии,рассмотрю варианты,,полный,27000 км,,,,Бишкек,слева,идеальное,растаможен,,Кыргызстан,серый,4064000.0,https://turbo.kg/images/014/814/564/474a05d11f173367c63c9124472d3e7a.jpeg | https://turbo.kg/images/014/814/565/55818b9ae1ff715c1fd4206e42cb998a.jpeg | https://turbo.kg/images/014/814/566/2bc432162d38327389f0dde9114f85aa.jpeg | https://turbo.kg/images/014/814/567/df9708c9ff9e3f5400d9ab321065268a.jpeg | https://turbo.kg/images/014/814/568/4938e890d43b183bb50dbd76a86f4bc3.jpeg | https://turbo.kg/images/014/814/569/2d9e90ad752e61bf8f8e0a33574e20d5.jpeg | https://turbo.kg/images/014/814/570/1af2f2f7e08687fd9c05ccee1def4e5a.jpeg | https://turbo.kg/images/014/814/571/015fbc8dcfc9925f1bec18af0014b1a7.jpeg | https://turbo.kg/images/014/814/572/59559ae3c356d3fabc48d62156695e9a.jpeg | https://turbo.kg/images/014/814/573/672f5964f094f8345af8af10fd3fa2af.jpeg | https://turbo.kg/images/014/814/574/d9cd21f9378e8a90611a27ba92bc545f.jpeg | https://turbo.kg/images/014/814/575/25514a1f5e808a29b62f9319ee22d270.jpeg
https://turbo.kg/cars/5DJmM008,"Kia Morning III 1.0, 2020",785000,2020.0,70000.0,https://turbo.kg/images/014/814/552/ef204fc8b1fddae6726000e90e1be393-thumb.jpg,12.0,2026-04-28T15:05:06+06:00,,2020,,1.0 л / бензин,,автомат,,хэтчбек 5 дв.,,в наличии,,,передний,70000 км,,вложений не требует,,"Манас (Джалал-Абад), Джалал-Абадская область",слева,идеальное,растаможен,,Кыргызстан,бежевый,785000.0,https://turbo.kg/images/014/814/552/ef204fc8b1fddae6726000e90e1be393.jpeg | https://turbo.kg/images/014/814/553/9265fe95894fb1dc355b43dabceaf1bc.jpeg | https://turbo.kg/images/014/814/554/e86a2bd101126bf1d2f7e4d94df5a19e.jpeg | https://turbo.kg/images/014/814/555/a3c2ba48fee6f13ad57cc2e5ca562462.jpeg | https://turbo.kg/images/014/814/556/07caae6da1317428a4cc960ee5045555.jpeg | https://turbo.kg/images/014/814/557/d0c2f6a3d190876d5703cefb958a3487.jpeg | https://turbo.kg/images/014/814/558/1455c4d854ddb81fce868ce01f5dd35f.jpeg | https://turbo.kg/images/014/814/559/f97933a7ad29c3cf7f7ce5a5036bd5bf.jpeg | https://turbo.kg/images/014/814/560/57d42d3e0c97acf28752c52e1745812a.jpeg | https://turbo.kg/images/014/814/561/0d2060e3c249c706a5a41963d925f8aa.jpeg | https://turbo.kg/images/014/814/562/92627a4e85b5c85adf532984710de04d.jpeg | https://turbo.kg/images/014/814/563/faa94d3a0207ed8887dc50c3c0f6d801.jpeg
https://turbo.kg/cars/9mBVCSrD,"Hyundai Tucson III 2.0, 2017",1180000,2017.0,109000.0,https://turbo.kg/images/014/814/521/e09bd8a663730d4bfb9e6280c1c096b3-thumb.jpg,10.0,2026-04-28T14:30:06+06:00,,2017,,2.0 л / дизель,,автомат,,внедорожник 5 дв.,,в наличии,обмен не предлагать,,передний,109000 км,,,,"Ош, Ошская область",слева,идеальное,растаможен,,Кыргызстан,белый,1180000.0,https://turbo.kg/images/014/814/521/e09bd8a663730d4bfb9e6280c1c096b3.jpeg | https://turbo.kg/images/014/814/522/a68215ab87b54daf9d46743780cfa62b.jpeg | https://turbo.kg/images/014/814/523/732fd5b38d8100460ed9d3a3c347c35b.jpeg | https://turbo.kg/images/014/814/524/4e548f347cff93e21e259fb67fb0dc42.jpeg | https://turbo.kg/images/014/814/525/8f1f019835c11a47a2647a413df762df.jpeg | https://turbo.kg/images/014/814/526/cfc6730d5a1f7c8d0200fa8288f7d985.jpeg | https://turbo.kg/images/014/815/303/6f7c325b371576a012d8f7a610d7c33e.jpeg | https://turbo.kg/images/014/815/304/f99bba2a15da3b7d184e6022c24461b1.jpeg | https://turbo.kg/images/014/815/305/73d2ddeb98a5cf564044404ddb4c092c.jpeg | https://turbo.kg/images/014/815/306/3967e7d7161a8c8999e45400a3252453.jpeg
https://turbo.kg/cars/1MMFsrGs,"MG 6 II 1.5, 2024",1398000,2024.0,3500.0,https://turbo.kg/images/014/814/504/347a67accfb3dd4ecf767344f314011a-thumb.jpg,10.0,2026-04-28T14:05:05+06:00,,2024,01KG100KRT,1.5 л / бензин,,робот,,лифтбек,,в наличии,обмен не предлагать,,передний,3500 км,,"налог уплачен, техосмотр пройден, вложений не требует",,Бишкек,слева,новое,растаможен,,Кыргызстан,черный,1398000.0,https://turbo.kg/images/014/814/504/347a67accfb3dd4ecf767344f314011a.jpeg | https://turbo.kg/images/014/814/505/c70550276377382708eed6d521bbd486.jpeg | https://turbo.kg/images/014/814/506/ca3519bdaa8f77d3fb6662893fd68712.jpeg | https://turbo.kg/images/014/814/507/7fa8f877eb85cb775e99a019b2774eef.jpeg | https://turbo.kg/images/014/814/508/3df1c94a1e00217002ba444a8c0d96fb.jpeg | https://turbo.kg/images/014/814/509/59114de074b4b49b56d899dd3ee117ae.jpeg | https://turbo.kg/images/014/814/510/e08ec973a8e60efa0c733f8246175756.jpeg | https://turbo.kg/images/014/814/511/3ae223de780badd802414b5d8376960f.jpeg | https://turbo.kg/images/014/814/512/15391514de01212d0733d4205b975466.jpeg | https://turbo.kg/images/014/814/513/703ae05ed54ec9514a131788d24b6f8f.jpeg
https://turbo.kg/cars/Mr5wUueC,"Mercedes-Benz GLS I (X166) 450 3.0, 2019",3190000,2019.0,145000.0,https://turbo.kg/images/014/814/477/c8508330604e01c14ddcfc227b44c5b6-thumb.jpg,8.0,2026-04-28T13:25:06+06:00,,2019,,3.0 л / бензин,,автомат,,внедорожник 5 дв.,,в наличии,,,полный,145000 км,,,,Бишкек,слева,идеальное,растаможен,,Кыргызстан,черный,3190000.0,https://turbo.kg/images/014/814/477/c8508330604e01c14ddcfc227b44c5b6.jpeg | https://turbo.kg/images/014/814/478/41128a82ffe2020caeaaf199ac5f27f0.jpeg | https://turbo.kg/images/014/814/479/d7c01c7834c9b6d74a400b6104932217.jpeg | https://turbo.kg/images/014/814/480/02b03e7d3db340ecf465894175872345.jpeg | https://turbo.kg/images/014/814/481/f1c09b12a0172abdcaa54537c56e5038.jpeg | https://turbo.kg/images/014/814/482/43a2ef3a1e0cd90417bce712df00f26d.jpeg | https://turbo.kg/images/014/814/483/764232cc8a4811b8c4bbf979dd3aa634.jpeg | https://turbo.kg/images/014/815/917/b08c023608306ed4ad41a55a0cee6384.jpeg
https://turbo.kg/cars/nDDfFUEF,Lexus RX 2004 года за 1 000 000 сом,1000000,2004.0,187563.0,https://turbo.kg/images/014/814/476/07d74dff582a056b7e83bf07593abf2c-thumb.jpg,1.0,2026-04-28T13:20:12+06:00,,,,"3.0 л, газ-бензин",,,автомат,кроссовер,,,,,,187563 км,,,,,справа,,,,,Серебристый,1000000.0,https://turbo.kg/images/014/814/476/07d74dff582a056b7e83bf07593abf2c.jpeg
https://turbo.kg/cars/PNbgw3pR,"Weltmeister EX5 I Рестайлинг Electro AT (160 кВт), 2022",856000,2022.0,58700.0,https://turbo.kg/images/014/814/450/9b962d23fd6b2f66f3fcf4d7f4cca204-thumb.jpg,12.0,2026-04-28T12:50:06+06:00,,2022,,218 л.с. / 160 кВт / электро,,автомат,,внедорожник 5 дв.,,в наличии,,,передний,58700 км,,"свежепригнан, вложений не требует",есть,Бишкек,слева,хорошее,растаможен,,Кыргызстан,синий,856000.0,https://turbo.kg/images/014/814/450/9b962d23fd6b2f66f3fcf4d7f4cca204.jpeg | https://turbo.kg/images/014/814/451/2096a9f37efe890418da0edf97d34a1d.jpeg | https://turbo.kg/images/014/814/452/790af367a9c24af0c599e3378196d5b2.jpeg | https://turbo.kg/images/014/814/453/c4a5277c684f07ccc69cf2b508d115eb.jpeg | https://turbo.kg/images/014/814/454/c56ee8b959955012c67ca1f87a409531.jpeg | https://turbo.kg/images/014/814/455/089a5b808a308e572467d03302f5b12c.jpeg | https://turbo.kg/images/014/814/456/bf5f1ca4d9047d9a58bae59eb977a4b3.jpeg | https://turbo.kg/images/014/814/457/b027613430137142be7b413c1463af0c.jpeg | https://turbo.kg/images/014/814/458/643b71a02e0612f410030d90383ad2b6.jpeg | https://turbo.kg/images/014/814/459/d4a98ad40877feb9f00a4d5629cb5555.jpeg | https://turbo.kg/images/014/814/460/ee6139c09975956dbcf5d8214b69d2e8.jpeg | https://turbo.kg/images/014/814/461/d4d7f466f7c399310f7e2a5b3606c038.jpeg
https://turbo.kg/cars/P7ts7xEM,"Toyota Corolla XII (E210) Sporty 1.8, 2022",944000,2022.0,50000.0,https://turbo.kg/images/014/814/430/c8141dd66c7fa4f0b262bad42363d5b7-thumb.jpg,8.0,2026-04-28T11:15:05+06:00,,2022,,1.8 л / гибрид,,вариатор,,седан,,в наличии,обмен не предлагать,,передний,50000 км,,,,Бишкек,слева,хорошее,растаможен,,Кыргызстан,белый,944000.0,https://turbo.kg/images/014/814/430/c8141dd66c7fa4f0b262bad42363d5b7.jpeg | https://turbo.kg/images/014/814/431/75a8bb3735a94acb46414516e2181309.jpeg | https://turbo.kg/images/014/814/432/fbcf2f0a1fdec9b84143adb664530eef.jpeg | https://turbo.kg/images/014/814/433/5db08e89b003ab1782dbe4a50ddbe150.jpeg | https://turbo.kg/images/014/814/434/1c7b1d184145ac0c493212eb973ee42e.jpeg | https://turbo.kg/images/014/814/435/02d3d39a25ac1c1b13aa80f46906fb2d.jpeg | https://turbo.kg/images/014/814/436/b88a18b1e9b4f383b446399e3721bf31.jpeg | https://turbo.kg/images/014/814/437/ade2e7e7de70da8cdccebd797b895064.jpeg
https://turbo.kg/cars/Jm21yybC,"BMW 5 серии VII (G30/G31) 530i 2.0, 2019",2185000,2019.0,235777.0,https://turbo.kg/images/014/814/409/ceca8172b1eeaea62498a545d21cbf95-thumb.jpg,11.0,2026-04-28T11:10:05+06:00,,2019,,2.0 л / бензин,,автомат,,седан,,в наличии,,,задний,235777 км,,,,Бишкек,слева,хорошее,растаможен,,Кыргызстан,синий,2185000.0,https://turbo.kg/images/014/814/409/ceca8172b1eeaea62498a545d21cbf95.jpeg | https://turbo.kg/images/014/814/410/2220e5ccf232d9a437724085ed065471.jpeg | https://turbo.kg/images/014/814/411/997c99b45a1e280b0f38a7297a5832b8.jpeg | https://turbo.kg/images/014/814/412/cf1e7a5e40881da196a5fc02512bccad.jpeg | https://turbo.kg/images/014/814/413/0d46e3a36c4438e4d4b549f2e84961ae.jpeg | https://turbo.kg/images/014/814/414/3aaf80777976661df8beac4d0d9b8607.jpeg | https://turbo.kg/images/014/814/415/4aa83b77c8a22164192199d127582fb9.jpeg | https://turbo.kg/images/014/814/416/870b17ea80832617acd93388a5169e52.jpeg | https://turbo.kg/images/014/814/417/c7b4c544d438c1b100b13b29584142e2.jpeg | https://turbo.kg/images/014/814/418/dfa97d87611547d143b07e11f1f83968.jpeg | https://turbo.kg/images/014/814/419/43a2122258886c778ec427e8a2074d19.jpeg
https://turbo.kg/cars/fI9b7ZJ0,"Hyundai Elantra VI (AD) 2.0, 2016",699000,2016.0,222169.0,https://turbo.kg/images/014/814/392/a7a221791a75b2d5728a630dd312c50e-thumb.jpg,5.0,2026-04-28T10:35:06+06:00,,2016,,2.0 л / бензин,,автомат,,седан,,в наличии,,,передний,222169 км,,,,Бишкек,слева,хорошее,растаможен,,Кыргызстан,синий,699000.0,https://turbo.kg/images/014/814/392/a7a221791a75b2d5728a630dd312c50e.jpeg | https://turbo.kg/images/014/814/393/53254654adafba68b466a256246f5d2d.jpeg | https://turbo.kg/images/014/814/394/511cc651d46b357436ea9efba3c640ae.jpeg | https://turbo.kg/images/014/814/395/61d128f8b0f2e6b475f4f2a08fab1629.jpeg | https://turbo.kg/images/014/814/396/383d825f504d8bf4224329777268f7ab.jpeg
https://turbo.kg/cars/T7dCBwAv,"Changan Qiyuan Q05 II Electro AT (210 кВт), 2026",1223000,2026.0,5.0,https://turbo.kg/images/014/814/350/d7356aaab8d8e793ac9a9c945c7d9f73-thumb.jpg,1.0,2026-04-28T09:55:05+06:00,,2026,,163 л.с. / 120 кВт / электро,,автомат,,внедорожник 5 дв.,,в наличии,,,передний,5 км,,свежепригнан,,Бишкек,слева,новое,растаможен,,Кыргызстан,белый,1223000.0,https://turbo.kg/images/014/814/350/d7356aaab8d8e793ac9a9c945c7d9f73.jpeg
https://turbo.kg/cars/GyDthTVP,"Chevrolet Spark IV 1.0, 2017",586000,2017.0,130000.0,https://turbo.kg/images/014/814/344/89a152298363ca400b14e4a3e494c6f8-thumb.jpg,6.0,2026-04-28T09:40:05+06:00,,2017,,1.0 л / бензин,,вариатор,,хэтчбек 5 дв.,,в наличии,обмен не предлагать,,передний,130000 км,,"налог уплачен, вложений не требует",,Бишкек,слева,хорошее,растаможен,,Кыргызстан,черный,586000.0,https://turbo.kg/images/014/814/344/89a152298363ca400b14e4a3e494c6f8.jpeg | https://turbo.kg/images/014/814/345/37465c5bdee7a50d4ea29aba41410e30.jpeg | https://turbo.kg/images/014/814/346/733f7f08e950561070b77251ec288b68.jpeg | https://turbo.kg/images/014/814/347/3b4bc9b6534c932e2508352cbe9d671e.jpeg | https://turbo.kg/images/014/814/348/7e16555a8554acf9a2a122893fcaecf5.jpeg | https://turbo.kg/images/014/814/349/0393dd500b7fd02aa78325f3710bf9bf.jpeg
https://turbo.kg/cars/Ob83zriF,"BMW 4 серии F32/F33/F36 Рестайлинг 430i 2.0, 2019",2010000,2019.0,91000.0,https://turbo.kg/images/014/814/320/5d20208c9563f75613f62182dc0630e3-thumb.jpg,12.0,2026-04-28T09:25:05+06:00,WBA**************,2019,,2.0 л / бензин,,автомат,,кабриолет,,в наличии,обмен не предлагать,,задний,91000 км,,"налог уплачен, вложений не требует",,Бишкек,слева,идеальное,растаможен,,Кыргызстан,серебристый,2010000.0,https://turbo.kg/images/014/814/320/5d20208c9563f75613f62182dc0630e3.jpeg | https://turbo.kg/images/014/814/321/38c33153f21c43d784ab3ab54f73ae2c.jpeg | https://turbo.kg/images/014/814/322/9ec168dd2835b9a6ba9465abeae68f9d.jpeg | https://turbo.kg/images/014/814/323/84171deb99a1ca790cbb6de35514f525.jpeg | https://turbo.kg/images/014/814/324/670a7e0cd3a6f06ef1c109149d0c44a6.jpeg | https://turbo.kg/images/014/814/325/3646c215727e82614ee96a040e99168f.jpeg | https://turbo.kg/images/014/814/326/181b5136cc536a3c8bac974e195651fa.jpeg | https://turbo.kg/images/014/814/327/cbdc39b2f51896c8919c922e7345152d.jpeg | https://turbo.kg/images/014/814/329/5f42c8b060f762ae3f89fec9e4eaca52.jpeg | https://turbo.kg/images/014/814/330/73cbbecde76ee1399ad2e4776d35bb92.jpeg | https://turbo.kg/images/014/819/336/5a0921ca1fdd19cd6f084a800c81d90c.jpeg | https://turbo.kg/images/014/814/331/98003894cdb9fb060ce0637435835608.jpeg
https://turbo.kg/cars/sd7JYzzx,"Subaru Outback V Рестайлинг 2.5, 2018",1337000,2018.0,227745.0,https://turbo.kg/images/014/814/311/1ea19969a9a466455f6432a273328437-thumb.jpg,9.0,2026-04-28T08:50:05+06:00,4S4**************,2018,08kg234are,2.5 л / бензин,,вариатор,,универсал,,в наличии,с доплатой покупателя,,полный,227745 км,,,,Бишкек,слева,хорошее,растаможен,,Кыргызстан,синий,1337000.0,https://turbo.kg/images/014/814/311/1ea19969a9a466455f6432a273328437.jpeg | https://turbo.kg/images/014/814/312/c1e05350fabd6450cdf78a1e500de783.jpeg | https://turbo.kg/images/014/814/313/5ac35d7d3a5ddc7aeecb8814c7c3b286.jpeg | https://turbo.kg/images/014/814/314/89de396200058ddab7a2ec1ed7c7e579.jpeg | https://turbo.kg/images/014/814/315/3253b924432f08d16c7c9b1948d051b1.jpeg | https://turbo.kg/images/014/814/316/4ba1230935a61da7e187314b712dd3ef.jpeg | https://turbo.kg/images/014/814/317/104f4dccef1e1b84f921d1f362d5fb01.jpeg | https://turbo.kg/images/014/814/318/82be1e892bdc846685f3e56d2fe558ec.jpeg | https://turbo.kg/images/014/814/319/4e36e9e75fd1907b24df82910e3de176.jpeg
https://turbo.kg/cars/8IfInGLO,"Hyundai Avante VII 1.6, 2020",918000,2020.0,126780.0,https://turbo.kg/images/014/814/300/181c64e74a75721cdd909208729c9af0-thumb.jpg,8.0,2026-04-28T08:20:05+06:00,,2020,01KG903AXT,1.6 л / газ,,автомат,,седан,,в наличии,,,передний,126780 км,,,,Бишкек,слева,хорошее,растаможен,,Кыргызстан,синий,918000.0,https://turbo.kg/images/014/814/300/181c64e74a75721cdd909208729c9af0.jpeg | https://turbo.kg/images/014/814/301/7a1271c5099d740e72a85becbb2a196e.jpeg | https://turbo.kg/images/014/814/302/7b9196aaf4d3526fb040e4629e3108b8.jpeg | https://turbo.kg/images/014/814/303/f5bd82caf0521debc76d4a7347477d7b.jpeg | https://turbo.kg/images/014/814/304/09b2427abb1629ccde38d29efe8471fd.jpeg | https://turbo.kg/images/014/814/305/45f66e83950b7d83d16446439ad2e9f9.jpeg | https://turbo.kg/images/014/814/306/68f5a115c0db40f5f172473da587c27c.jpeg | https://turbo.kg/images/014/814/307/af9dc959cb53e4aeb49d64cd08d1430a.jpeg
https://turbo.kg/cars/qUQn8x2f,"Kia K5 III Седан 1.6, 2021",1119000,2021.0,130000.0,https://turbo.kg/images/014/814/245/7e1f300076f8e75cafd813f64eef59b4-thumb.jpg,12.0,2026-04-28T01:40:05+06:00,,2021,,1.6 л / бензин,,автомат,,седан,,в наличии,,,передний,130000 км,,вложений не требует,,Бишкек,слева,идеальное,растаможен,,Кыргызстан,серый,1119000.0,https://turbo.kg/images/014/814/245/7e1f300076f8e75cafd813f64eef59b4.jpeg | https://turbo.kg/images/014/814/246/72d79f34a9050a837d3849e01dbcb4a1.jpeg | https://turbo.kg/images/014/814/247/8ab5a68dab44014a3e9ab9d9a4dd6b43.jpeg | https://turbo.kg/images/014/814/248/95a7743ac94d683e26c2d66037b0b115.jpeg | https://turbo.kg/images/014/814/249/8ee6d8adbb9097f51ea7de7229ecb1fa.jpeg | https://turbo.kg/images/014/814/250/80f9bec6cbdbffaa14eae857bd6b0ce5.jpeg | https://turbo.kg/images/014/814/251/0a038d19b7429cda3d42041167f59b3a.jpeg | https://turbo.kg/images/014/814/252/4cfb6cc30c4f25f5c794767f769dc731.jpeg | https://turbo.kg/images/014/814/253/0493538f7dc93188fcff858b8f17a249.jpeg | https://turbo.kg/images/014/814/254/cf996f7e85ad1dd918909557d9838073.jpeg | https://turbo.kg/images/014/814/255/a5845daef1aa1e399f15de9fa83b6a7d.jpeg | https://turbo.kg/images/014/814/256/00e6d950a5d3dbe2a42abedfaf8b6947.jpeg
https://turbo.kg/cars/srLgM0cr,ВАЗ (Lada) 4x4 1998 года за 220 000 сом,220000,1998.0,170000.0,https://turbo.kg/images/014/814/035/5e292b6eccb0b2f95b7e8c4d8d6fe9ff-thumb.jpg,7.0,2026-04-27T19:50:10+06:00,,,,"1.8 л, бензин",,,механика,внедорожник,,,,,,170000 км,,,,,слева,,,,,,220000.0,https://turbo.kg/images/014/814/035/5e292b6eccb0b2f95b7e8c4d8d6fe9ff.jpeg | https://turbo.kg/images/014/814/036/3965504c95d8ed8799a64110fab5fd01.jpeg | https://turbo.kg/images/014/814/037/9fda4130881b169d53cfba6550d2ad58.jpeg | https://turbo.kg/images/014/814/038/8bccc23b571d027955ab6e45f71a49de.jpeg | https://turbo.kg/images/014/814/039/8bdb15a0dc4dfe9c09a8131d1fa5500b.jpeg | https://turbo.kg/images/014/814/040/3ddf1f59e5b94a02fe202a782240348f.jpeg | https://turbo.kg/images/014/814/041/b5e123bd66b1537967638acde5795bbe.jpeg
https://turbo.kg/cars/ZG4EI9Nc,"Hyundai Grandeur VI 3.0, 2019",1442000,2019.0,260000.0,https://turbo.kg/images/014/813/677/2840e7ff0ea5c1f2a14056129eaab4d8-thumb.jpg,12.0,2026-04-27T13:40:05+06:00,,2019,,3.0 л / газ,,автомат,,седан,,в наличии,,,передний,260000 км,,,,"Ош, Ошская область",слева,хорошее,растаможен,,Кыргызстан,белый,1442000.0,https://turbo.kg/images/014/813/677/2840e7ff0ea5c1f2a14056129eaab4d8.jpeg | https://turbo.kg/images/014/813/678/ff16977bdea0e5c274800712e867c6ff.jpeg | https://turbo.kg/images/014/813/679/dcaab784dcafdf9a0d8d32ffd1656473.jpeg | https://turbo.kg/images/014/813/680/d1bf99938a768fcda333cdc739d834b7.jpeg | https://turbo.kg/images/014/813/681/51a5dc1343d3af3c7cbab0c7121873c4.jpeg | https://turbo.kg/images/014/813/682/91d316991ca4c9635f62a408d85ca285.jpeg | https://turbo.kg/images/014/813/683/e5619e1ff526970af77b3135cfd74092.jpeg | https://turbo.kg/images/014/813/684/5dfd9cc55ea3a41029a4afa8b601b7e0.jpeg | https://turbo.kg/images/014/813/685/184e3c5825a195ecb2f4a1656f0cc7a4.jpeg | https://turbo.kg/images/014/813/686/0deab3939c99228e9f968c76bb025e28.jpeg | https://turbo.kg/images/014/813/687/39844f541bb0e37af7876c3e28d2be57.jpeg | https://turbo.kg/images/014/813/688/941ac953eff21433bf0a7948b77334ee.jpeg
https://turbo.kg/cars/JlTANl0o,"Kia K3 II Рестайлинг 1.6, 2021",1049000,2021.0,141000.0,https://turbo.kg/images/014/813/671/2597658e922627e620beed856f88e855-thumb.jpg,6.0,2026-04-27T13:25:05+06:00,,2021,,1.6 л / бензин,,вариатор,,седан,,в наличии,,,передний,141000 км,,"свежепригнан, техосмотр пройден, вложений не требует",,Бишкек,слева,идеальное,растаможен,,Кыргызстан,серый,1049000.0,https://turbo.kg/images/014/813/671/2597658e922627e620beed856f88e855.jpeg | https://turbo.kg/images/014/813/672/69b561a03aa737ae441f58c34603a240.jpeg | https://turbo.kg/images/014/813/673/68e00c15f5c19a0d601b0bd8d84dd5de.jpeg | https://turbo.kg/images/014/813/674/a793880b0afdb912f384773b7b525d8c.jpeg | https://turbo.kg/images/014/813/675/c966231956da88071f7ce45e2804e376.jpeg | https://turbo.kg/images/014/813/676/bce145912148f22d1cfbea342d9d7e69.jpeg
https://turbo.kg/cars/MnxJQl8L,"Toyota RAV4 V (XA50) 2.5, 2019",2272000,2019.0,157715.0,https://turbo.kg/images/014/813/659/97be7064672a71502f782e36adb8589d-thumb.jpg,12.0,2026-04-27T13:20:08+06:00,,2019,,2.5 л / гибрид,,вариатор,,внедорожник 5 дв.,,в наличии,,,полный,157715 км,,,,Бишкек,слева,идеальное,растаможен,,Не стоит на учёте,серый,2272000.0,https://turbo.kg/images/014/813/659/97be7064672a71502f782e36adb8589d.jpeg | https://turbo.kg/images/014/813/660/c1c9b740f2eb2c5d55130e3a6d064869.jpeg | https://turbo.kg/images/014/813/661/9d4db7223015f76e8b3c55f7b9e56efc.jpeg | https://turbo.kg/images/014/813/662/32352141c1fe8a509bf4969d3f193014.jpeg | https://turbo.kg/images/014/813/663/0e0f476dcff16c17caba23391603cbaf.jpeg | https://turbo.kg/images/014/813/664/1a2dccae9535b6851a0019b7ba581bea.jpeg | https://turbo.kg/images/014/813/665/a22fae70245e71cd697cae0f166fcedc.jpeg | https://turbo.kg/images/014/813/666/63b98937efffd4e07d3e788818e8c0c4.jpeg | https://turbo.kg/images/014/813/667/0f6f94e42be8d1e3c71497f79d2c810a.jpeg | https://turbo.kg/images/014/813/668/72ab30688de0233185865517c8659398.jpeg | https://turbo.kg/images/014/813/669/386a75ff476b568f1d607bab8811d8c8.jpeg | https://turbo.kg/images/014/813/670/50f246faf89e29e489deb83da2a93abf.jpeg
https://turbo.kg/cars/PzYFvC13,"Lexus NX I Рестайлинг 300 2.0, 2019",2141000,2019.0,72420.0,https://turbo.kg/images/014/813/567/8800ba0ab8aee51b254acce536e0e098-thumb.jpg,6.0,2026-04-27T12:05:05+06:00,,2019,,2.0 л / бензин,,автомат,,внедорожник 5 дв.,,в наличии,рассмотрю варианты,,полный,72420 км,,,,Бишкек,слева,идеальное,растаможен,,Кыргызстан,бордовый,2141000.0,https://turbo.kg/images/014/813/567/8800ba0ab8aee51b254acce536e0e098.jpeg | https://turbo.kg/images/014/813/568/b37af1ecf1a74a76f2067e0e4a69a0fa.jpeg | https://turbo.kg/images/014/813/569/4b026cb8f0db86a91859dc08da078cfb.jpeg | https://turbo.kg/images/014/813/570/b612b78308f51ac3c64f1035af438e1d.jpeg | https://turbo.kg/images/014/813/571/efcabf1b62abe2f7b8aa0746d9acc415.jpeg | https://turbo.kg/images/014/813/572/212101dda6b8c8b2e03bdb4d3f2c337a.jpeg
https://turbo.kg/cars/Cxw2rhpP,"Hyundai Palisade I 2.2, 2020",2080000,2020.0,147000.0,https://turbo.kg/images/014/813/542/56e6b146ab06c2f5117452da651d9db2-thumb.jpg,10.0,2026-04-27T10:10:05+06:00,,2020,,2.2 л / дизель,,автомат,,внедорожник 5 дв.,,в наличии,обмен не предлагать,,полный,147000 км,,свежепригнан,,Сокулук,слева,идеальное,растаможен,,Не стоит на учёте,белый,2080000.0,https://turbo.kg/images/014/813/542/56e6b146ab06c2f5117452da651d9db2.jpeg | https://turbo.kg/images/014/813/543/bc02533133016eefb7aa5e285e715874.jpeg | https://turbo.kg/images/014/813/544/d1cde3f373c1e6b20dd1f6a4e2316afe.jpeg | https://turbo.kg/images/014/813/545/bbb5cf6e150e0db09a7dc7128f02d78e.jpeg | https://turbo.kg/images/014/813/546/4dfa03905c94b7e95c974e727c25a2fc.jpeg | https://turbo.kg/images/014/813/547/531439d6f921cf1bd3da1b95bd0c3ca3.jpeg | https://turbo.kg/images/014/813/548/ec60abdd32261d3029ea3593fe116fb9.jpeg | https://turbo.kg/images/014/813/549/785da3657c8cd8dfa6d0755721759dbc.jpeg | https://turbo.kg/images/014/813/550/79a231ef097eaa685d38674a2c656edd.jpeg | https://turbo.kg/images/014/813/551/ba34ee2afcad3936119cf922c8667b13.jpeg
https://turbo.kg/cars/UWGIY7EA,"Toyota Alphard III Рестайлинг 3.5, 2017",4806000,2017.0,112000.0,https://turbo.kg/images/014/813/511/0802b973dcc50baf7a1e9b93d751bc53-thumb.jpg,9.0,2026-04-27T09:15:07+06:00,,2017,,3.5 л / бензин,,автомат,,минивэн,,в наличии,рассмотрю варианты,,передний,112000 км,,,,Бишкек,слева,идеальное,растаможен,,Кыргызстан,белый,4806000.0,https://turbo.kg/images/014/813/511/0802b973dcc50baf7a1e9b93d751bc53.jpeg | https://turbo.kg/images/014/813/512/29ade3974ac73f234030cfbf437bbfe7.jpeg | https://turbo.kg/images/014/813/513/bb3bbc5185ec465e20f7f5a8a056cd46.jpeg | https://turbo.kg/images/014/813/514/0a9d1f8e24fd3cba18893b04b0a290cd.jpeg | https://turbo.kg/images/014/813/515/50fd1fe97454adcd2fb7b123ef2c4b57.jpeg | https://turbo.kg/images/014/813/516/1124c4ffc61445f2c2c23682c7934c09.jpeg | https://turbo.kg/images/014/813/517/f2a933db28f835c0208938955a9dfaa5.jpeg | https://turbo.kg/images/014/813/518/c17987a38d9cfe3f695992ebe57260ca.jpeg | https://turbo.kg/images/014/813/519/c2cb476fd1d9bd22e5ed3dc40e58e2d5.jpeg
https://turbo.kg/cars/wkRybw8Q,"Lexus UX I 250h 2.0, 2021",2010000,2021.0,136794.0,https://turbo.kg/images/014/813/491/32e4a79d2f38e0d2af12c20eab97be65-thumb.jpg,10.0,2026-04-27T06:45:05+06:00,,2021,,2.0 л / гибрид,,вариатор,,внедорожник 5 дв.,,в наличии,,,полный,136794 км,,"свежепригнан, налог уплачен, техосмотр пройден",,"Ош, Ошская область",слева,хорошее,растаможен,,Кыргызстан,черный,2010000.0,https://turbo.kg/images/014/813/491/32e4a79d2f38e0d2af12c20eab97be65.jpeg | https://turbo.kg/images/014/813/492/bafac6d638339dd33dc337262b502898.jpeg | https://turbo.kg/images/014/813/493/32e1aa77d0912a2a9fecdcf551a5a8bf.jpeg | https://turbo.kg/images/014/813/494/8d1b9aba055482038bf441375bb042bc.jpeg | https://turbo.kg/images/014/813/495/55c38b755301f48f23389cbb15ad2d77.jpeg | https://turbo.kg/images/014/813/496/2095b4bf95de9d6cb4f6948f5772faee.jpeg | https://turbo.kg/images/014/813/497/bea1209ebe769e9a8174cee1ad32eac5.jpeg | https://turbo.kg/images/014/813/498/8ec3275e20b880dbc8059414bb585753.jpeg | https://turbo.kg/images/014/813/499/0ebf245a29af2002450bd35c02e65698.jpeg | https://turbo.kg/images/014/813/500/ede40adc7210471a82202b4ffb33cbb1.jpeg
https://turbo.kg/cars/Oi2EsXBZ,"Lexus RX IV Рестайлинг 450h 3.5, 2021",3889000,2021.0,118000.0,https://turbo.kg/images/014/813/087/f37cc54292c620119eabd2447ace993d-thumb.jpg,11.0,2026-04-26T11:45:05+06:00,,2021,,3.5 л / гибрид,,вариатор,,внедорожник 5 дв.,,в наличии,обмен не предлагать,,полный,118000 км,,"свежепригнан, налог уплачен, техосмотр пройден, вложений не требует",,Бишкек,слева,идеальное,растаможен,,Кыргызстан,черный,3889000.0,https://turbo.kg/images/014/813/087/f37cc54292c620119eabd2447ace993d.jpeg | https://turbo.kg/images/014/813/088/01b714b7325f62fe4ebe4485d4b8dc12.jpeg | https://turbo.kg/images/014/813/089/b8d0b376282644b643735f748c493c18.jpeg | https://turbo.kg/images/014/813/090/8f2990caf343e3f862cc447b498d5c0d.jpeg | https://turbo.kg/images/014/813/091/7df1c3a181f57280efa83f4780bc86be.jpeg | https://turbo.kg/images/014/813/092/cddee3b493d4ad2a88bce0055f831733.jpeg | https://turbo.kg/images/014/813/093/61950e95367a2934a0d217c83a43f8af.jpeg | https://turbo.kg/images/014/813/094/2153ee7fcd2c03ddd0d671840446b0f0.jpeg | https://turbo.kg/images/014/813/095/9b4a51647540485d6479178a429e32ea.jpeg | https://turbo.kg/images/014/813/096/0e1d3f569b53520b97602ee3ee53b99f.jpeg | https://turbo.kg/images/014/813/097/6b40f38ed25cf4da82c77aac5e1c2548.jpeg
https://turbo.kg/cars/E6NYVGzr,"Ford Mustang VI 2.3, 2016",1529000,2016.0,230000.0,https://turbo.kg/images/014/813/081/6568f557e47008351abff952735a562e-thumb.jpg,6.0,2026-04-26T11:40:05+06:00,,2016,01KG900ADM,2.3 л / бензин,,автомат,,купе,,в наличии,рассмотрю варианты,,задний,230000 км,,,,Бишкек,слева,идеальное,растаможен,,Кыргызстан,белый,1529000.0,https://turbo.kg/images/014/813/081/6568f557e47008351abff952735a562e.jpeg | https://turbo.kg/images/014/813/082/1edd430b505b143007a44573345be68e.jpeg | https://turbo.kg/images/014/813/083/deee4ac6809a182e363dd2bcb5a00d57.jpeg | https://turbo.kg/images/014/813/084/01297ddf6f9d08eac86740f29b3e1d45.jpeg | https://turbo.kg/images/014/813/085/510610c0aaeca5ca886b551e856bb67c.jpeg | https://turbo.kg/images/014/813/086/2d4daff53dd1b9daf70cd52f518e96e7.jpeg
https://turbo.kg/cars/lFRJ5qei,"Toyota RAV4 V (XA50) 2.0, 2026",2963000,2026.0,1.0,https://turbo.kg/images/014/813/021/8473c013e7f061902ffb50ad341ba1f9-thumb.jpg,6.0,2026-04-26T10:10:07+06:00,,2026,,2.0 л / бензин,,вариатор,,внедорожник 5 дв.,,в наличии,обмен не предлагать,,полный,1 км,,,,Бишкек,слева,новое,растаможен,,Не стоит на учёте,белый,2963000.0,https://turbo.kg/images/014/813/021/8473c013e7f061902ffb50ad341ba1f9.jpeg | https://turbo.kg/images/014/813/022/534c1679910033e3b68ab0915e63842f.jpeg | https://turbo.kg/images/014/813/023/9aa78c605a50b1f060f3a3e61082d4a9.jpeg | https://turbo.kg/images/014/813/024/602e22c397f793023054a1bb3c768f61.jpeg | https://turbo.kg/images/014/813/025/ec9ff82b4ea65bb2664120cf55faedf9.jpeg | https://turbo.kg/images/014/813/026/f441769c3f01a972fef45183ff7f117d.jpeg
https://turbo.kg/cars/e7Xttpkj,"Toyota Camry IX (XV80) China Market 2.0, 2026",2936000,2026.0,1.0,https://turbo.kg/images/014/813/015/a2e7c951508c37e9b43c1829a979efa1-thumb.jpg,6.0,2026-04-26T10:10:06+06:00,,2026,,2.0 л / гибрид,,вариатор,,седан,,в наличии,обмен не предлагать,,передний,1 км,,свежепригнан,,Бишкек,слева,новое,растаможен,,Кыргызстан,черный,2936000.0,https://turbo.kg/images/014/813/015/a2e7c951508c37e9b43c1829a979efa1.jpeg | https://turbo.kg/images/014/813/016/c2b0199b4ebb6e5a320fa6be7c981271.jpeg | https://turbo.kg/images/014/813/017/1f04926d732423474cb6e747113b93d2.jpeg | https://turbo.kg/images/014/813/018/b1470c536fb5e4396dec8d5dd91fd92b.jpeg | https://turbo.kg/images/014/813/019/93bfaa8865a7ef7b549d898e2403df69.jpeg | https://turbo.kg/images/014/813/020/c9768d9f1f39304a99edf4a7069a8aad.jpeg
https://turbo.kg/cars/hk4QHTqd,"Toyota Alphard IV 2.5, 2025",10399000,2025.0,21000.0,https://turbo.kg/images/014/812/989/24dc4ef1d8639d08271f3d58bb914fae-thumb.jpg,12.0,2026-04-26T09:30:05+06:00,JTN**************,2025,04KG075APT,2.5 л / гибрид,,вариатор,,минивэн,,в наличии,рассмотрю варианты,,передний,21000 км,,свежепригнан,,Бишкек,слева,новое,растаможен,,Кыргызстан,черный,10399000.0,https://turbo.kg/images/014/812/989/24dc4ef1d8639d08271f3d58bb914fae.jpeg | https://turbo.kg/images/014/812/990/2230b761ae1b57a025725a41f175f4bc.jpeg | https://turbo.kg/images/014/812/991/c0be2a6bb05d415d23b4da2c8be019ac.jpeg | https://turbo.kg/images/014/812/992/97fe043bf540ef46f6954ea0cccd01bd.jpeg | https://turbo.kg/images/014/812/993/a0d02f3bad2ab2973a996a545c237beb.jpeg | https://turbo.kg/images/014/812/994/95734ceb6d52f871664b3d9a88c881a5.jpeg | https://turbo.kg/images/014/812/995/10d6c1c4547f8a59114caacf96301521.jpeg | https://turbo.kg/images/014/812/996/636cfa653ea8893e283451f665312259.jpeg | https://turbo.kg/images/014/812/997/928139d389f4d9e209bbb11870d95cf1.jpeg | https://turbo.kg/images/014/812/998/b8e79f2f64a7247ae05a0f1b5ec39f64.jpeg | https://turbo.kg/images/014/812/999/a8be12ea202c8afc949cb7ea56265a4f.jpeg | https://turbo.kg/images/014/813/000/edaa4b9d55e2d599ba100a2638125d4b.jpeg
https://turbo.kg/cars/EnKHv6lg,"Hyundai Grandeur VI Рестайлинг 2.4, 2020",1617000,2020.0,96000.0,https://turbo.kg/images/014/812/922/40d416e74f183b3e0326087e3ca7be13-thumb.jpg,12.0,2026-04-25T23:50:05+06:00,,2020,02kg961ahx,2.4 л / гибрид,,автомат,,седан,,в наличии,рассмотрю варианты,,передний,96000 км,,,,"Ош, Ошская область",слева,хорошее,растаможен,,Кыргызстан,синий,1617000.0,https://turbo.kg/images/014/812/922/40d416e74f183b3e0326087e3ca7be13.jpeg | https://turbo.kg/images/014/812/923/6013363cf09fb2b783426e43e607788a.jpeg | https://turbo.kg/images/014/812/924/61f979d4bbff5764bffde3dff714d35f.jpeg | https://turbo.kg/images/014/812/925/2b2540d7bb2c8ffb54709c7e580fbd22.jpeg | https://turbo.kg/images/014/812/926/e81f94018d3c9e5a4b850c32c37b5d01.jpeg | https://turbo.kg/images/014/812/927/0e4f06de3e56859868abadc96a031e98.jpeg | https://turbo.kg/images/014/812/928/0a89c78acb5f0a5637b10855be9a2088.jpeg | https://turbo.kg/images/014/812/929/83b5f4bfb2fb92d30131508e5af37ae3.jpeg | https://turbo.kg/images/014/812/930/0fca0288e3314594dc92ca954c61c709.jpeg | https://turbo.kg/images/014/812/931/d49808a286f05a64dc616e4f648b5c41.jpeg | https://turbo.kg/images/014/812/932/3ddc4c7d21710195246751768a8e3079.jpeg | https://turbo.kg/images/014/812/933/98dfe9b031e311320f709ed6558a1751.jpeg
https://turbo.kg/cars/mE1d22qI,"BMW 5 серии VII (G30/G31) Рестайлинг 530i 2.0, 2020",2866000,2020.0,119000.0,https://turbo.kg/images/014/816/889/5c542a276893024d0ba5a4f8629e8b0f-thumb.jpg,12.0,2026-04-25T23:15:06+06:00,WBA**************,2020,01KG202ALE,2.0 л / бензин,,автомат,,седан,,в наличии,,,задний,119000 км,,"свежепригнан, налог уплачен, техосмотр пройден, вложений не требует",,Бишкек,слева,идеальное,растаможен,,Кыргызстан,белый,2866000.0,https://turbo.kg/images/014/816/889/5c542a276893024d0ba5a4f8629e8b0f.jpeg | https://turbo.kg/images/014/816/890/7f55b50712104aa47a27e7c9efe758fe.jpeg | https://turbo.kg/images/014/816/891/e2da7de709369b44283c151b8a725e48.jpeg | https://turbo.kg/images/014/816/892/ee2734b322439dc37105d9a0154209bc.jpeg | https://turbo.kg/images/014/816/893/9ec19eba9ecef3c5e09af83bf63ff8d4.jpeg | https://turbo.kg/images/014/816/894/bad2cf927bc73fb13db5f3ce32f55e7d.jpeg | https://turbo.kg/images/014/816/895/f79f80895f4a86dfc33d4df4a1b8945b.jpeg | https://turbo.kg/images/014/816/896/9dd7206662314ccdbf2922e6430e446a.jpeg | https://turbo.kg/images/014/816/897/15d4233359f86f35e3a717d526575640.jpeg | https://turbo.kg/images/014/816/898/9e5dc20774bd90268536a77ccfbc0437.jpeg | https://turbo.kg/images/014/813/478/6f6c8c996038ad386a6ebd1655861dce.jpeg | https://turbo.kg/images/014/816/899/60c8d7ecf2d2f34a999a5087e99dbd33.jpeg
https://turbo.kg/cars/Z33u1xG9,"Hyundai Grandeur VI Рестайлинг 3.0, 2020",1250000,2020.0,250000.0,https://turbo.kg/images/014/812/903/7c5ff60036af6bf512fe5bd3a272af63-thumb.jpg,7.0,2026-04-25T23:15:05+06:00,,2020,08KG382ATU,3.0 л / газ,,автомат,,седан,,в наличии,рассмотрю варианты,,передний,250000 км,,,,Бишкек,слева,хорошее,растаможен,,Кыргызстан,черный,1250000.0,https://turbo.kg/images/014/812/903/7c5ff60036af6bf512fe5bd3a272af63.jpeg | https://turbo.kg/images/014/812/904/8ebcfab23a34f0182730f7389e8fb4a6.jpeg | https://turbo.kg/images/014/812/905/54f8b567114e4cf7e3d9bf0e0de3d327.jpeg | https://turbo.kg/images/014/812/906/ab6556373fea17b5d9cf71ff1e20efaf.jpeg | https://turbo.kg/images/014/812/907/dc1cb8ef0f3ad3c120c96b21967d22b8.jpeg | https://turbo.kg/images/014/812/908/f70b155e7d545153cd54ac22f7a0593a.jpeg | https://turbo.kg/images/014/812/909/e4bc6128be65d14576bbe719368ac1af.jpeg
https://turbo.kg/cars/UGSh5MXL,"Mazda Demio II (DY) 1.5, 2005",437000,2005.0,280000.0,https://turbo.kg/images/014/812/465/16799cfec10ddb8fcba13a22cd40cef3-thumb.jpg,12.0,2026-04-25T12:05:05+06:00,,2005,,1.5 л / бензин,,автомат,,хэтчбек 5 дв.,,в наличии,,,передний,280000 км,,"свежепригнан, налог уплачен, техосмотр пройден, вложений не требует",,Бишкек,справа,идеальное,растаможен,,Кыргызстан,серый,437000.0,https://turbo.kg/images/014/812/465/16799cfec10ddb8fcba13a22cd40cef3.jpeg | https://turbo.kg/images/014/812/466/216e51c6042701bce666f532948f0067.jpeg | https://turbo.kg/images/014/812/467/093a1eb4e7600f631afbdb039f6e8337.jpeg | https://turbo.kg/images/014/812/468/260ad15d7f62b13badc7b8e47fbe42c5.jpeg | https://turbo.kg/images/014/812/469/b18d92713d312aa4e8b75058983f98b0.jpeg | https://turbo.kg/images/014/812/470/9a246c191e7fbd33ac1fe1311fc72171.jpeg | https://turbo.kg/images/014/812/471/59882d9e5997e3a70e939f9ad17ad7f9.jpeg | https://turbo.kg/images/014/812/472/bd6fc289fbfbdccdffdb21a18b6b89e2.jpeg | https://turbo.kg/images/014/812/473/325d5bddbdea3db8c63128368cf4c2ff.jpeg | https://turbo.kg/images/014/812/474/9bbbf64fe5cad518efe3849479f96140.jpeg | https://turbo.kg/images/014/812/475/b486fc28ba157b657e1a4c0fdf6bb805.jpeg | https://turbo.kg/images/014/812/476/996532be38c96e464ecfdcc0c9e7668c.jpeg
https://turbo.kg/cars/hnhIH9w7,"Lexus GX I 470 4.7, 2008",2622000,2008.0,178500.0,https://turbo.kg/images/014/812/413/34c95808dec3a8ece447a711067084c8-thumb.jpg,9.0,2026-04-25T10:10:06+06:00,,2008,,4.7 л / бензин,,автомат,,внедорожник 5 дв.,,в наличии,,,полный,178500 км,,вложений не требует,,"Ош, Ошская область",слева,идеальное,растаможен,,Кыргызстан,черный,2622000.0,https://turbo.kg/images/014/812/413/34c95808dec3a8ece447a711067084c8.jpeg | https://turbo.kg/images/014/812/414/e2fed7f2bf43a048e97d46c20a4e95be.jpeg | https://turbo.kg/images/014/812/415/bd5b17e3125a67cdc9b5bf7c8255f55b.jpeg | https://turbo.kg/images/014/812/416/4039ace721cecc6b22bc62b7e4cd868f.jpeg | https://turbo.kg/images/014/812/417/3a22546b02aaafa68f4300baf538c66f.jpeg | https://turbo.kg/images/014/812/418/1b28f97780b3de86c262ce4c35797ae2.jpeg | https://turbo.kg/images/014/812/419/1c1b59bcc930bb33ac73bdc8bce71c64.jpeg | https://turbo.kg/images/014/812/420/361cd32975c30de2a73eb8e9c91649e9.jpeg | https://turbo.kg/images/014/812/421/e93740236e39aa3dbd14725ab70c9643.jpeg
https://turbo.kg/cars/zOLxTzeb,"Honda Jazz I 1.3, 2002",450000,2002.0,370000.0,https://turbo.kg/images/014/812/408/d9e75f2a67c07e95db4c79be1837c6d1-thumb.jpg,5.0,2026-04-25T10:10:06+06:00,,2002,,1.3 л / бензин,,механика,,хэтчбек 5 дв.,,в наличии,,,передний,370000 км,,,,"Манас (Джалал-Абад), Джалал-Абадская область",слева,хорошее,растаможен,,Кыргызстан,красный,450000.0,https://turbo.kg/images/014/812/408/d9e75f2a67c07e95db4c79be1837c6d1.jpeg | https://turbo.kg/images/014/812/409/c8a1962f236c908fb487152c02b4a655.jpeg | https://turbo.kg/images/014/812/410/7ff0043308645cc790240230011557af.jpeg | https://turbo.kg/images/014/812/411/c8186c85ba448806febd39ae4c6612c4.jpeg | https://turbo.kg/images/014/812/412/3405d123bb1c24d9fd34205adde0b31e.jpeg
https://turbo.kg/cars/2ZAcDnqL,"Toyota Corolla IX (E120, E130) Рестайлинг 1.6, 2005",568000,2005.0,303000.0,https://turbo.kg/images/014/812/402/454d27b95f634454029facc7712d9b41-thumb.jpg,6.0,2026-04-25T09:55:05+06:00,,2005,04KG814AHG,1.6 л / бензин,,автомат,,хэтчбек 5 дв.,,в наличии,обмен не предлагать,,передний,303000 км,,"налог уплачен, вложений не требует",,"Манас (Джалал-Абад), Джалал-Абадская область",слева,хорошее,растаможен,,Кыргызстан,серебристый,568000.0,https://turbo.kg/images/014/812/402/454d27b95f634454029facc7712d9b41.jpeg | https://turbo.kg/images/014/812/403/f0c9156f8e08c22e6cc02a133909b59c.jpeg | https://turbo.kg/images/014/812/404/00cbf6473427721636fd7fa00592819a.jpeg | https://turbo.kg/images/014/812/405/953694af6faaf8572ddf3c36213f9a95.jpeg | https://turbo.kg/images/014/812/406/39c8e9d0aebd06937ae2f4d46849a477.jpeg | https://turbo.kg/images/014/812/407/2cfd42ed71cf0318edd6cb4d205ef93b.jpeg
https://turbo.kg/cars/xGHXxtpP,"Chevrolet Spark IV Рестайлинг 1.0, 2019",612000,2019.0,120000.0,https://turbo.kg/images/014/812/380/a1d474ee1bb5cb159608e1ad79c16e35-thumb.jpg,8.0,2026-04-25T08:30:05+06:00,,2019,,1.0 л / бензин,,вариатор,,хэтчбек 5 дв.,,в наличии,рассмотрю варианты,,передний,120000 км,,вложений не требует,,Бишкек,слева,хорошее,растаможен,,Кыргызстан,бежевый,612000.0,https://turbo.kg/images/014/812/380/a1d474ee1bb5cb159608e1ad79c16e35.jpeg | https://turbo.kg/images/014/812/381/d7fe79b021af539b7c18180b174f53ff.jpeg | https://turbo.kg/images/014/812/382/a4ac83a726aa83097f1f6d0d2121b867.jpeg | https://turbo.kg/images/014/812/383/d7ec78ff5adf77736732e98cb7f6723e.jpeg | https://turbo.kg/images/014/812/384/5a8f3e43acdcf7897a65d527d33af457.jpeg | https://turbo.kg/images/014/812/385/35d45c648abd663aebf85abbcc688ec2.jpeg | https://turbo.kg/images/014/812/386/ba8f1d1ca0383df28b560b9b8dd18d97.jpeg | https://turbo.kg/images/014/812/387/3c2dd03b5ccff1a04da30dfac7a32d33.jpeg
https://turbo.kg/cars/KdU1bphN,"Toyota Sequoia III 3.5, 2024",10506000,2024.0,20000.0,https://turbo.kg/images/014/812/369/c8a19a38af565ff9450301769edf5b6f-thumb.jpg,1.0,2026-04-25T05:20:08+06:00,,2024,,3.4 л / гибрид,,автомат,,внедорожник 5 дв.,,в наличии,,,задний,20000 км,,"свежепригнан, налог уплачен, техосмотр пройден, вложений не требует",,Бишкек,слева,идеальное,растаможен,,Кыргызстан,синий,10506000.0,https://turbo.kg/images/014/812/369/c8a19a38af565ff9450301769edf5b6f.jpeg
https://turbo.kg/cars/Cqofc343,"Kia K7 YG (II) Рестайлинг 3.0, 2020",1180000,2020.0,180000.0,https://turbo.kg/images/014/812/257/42db05623fe04f086f4bf74bff759af4-thumb.jpg,8.0,2026-04-24T23:05:05+06:00,,2020,,3.0 л / бензин,,автомат,,седан,,в наличии,обмен не предлагать,,передний,180000 км,,,,Бишкек,слева,идеальное,растаможен,,Кыргызстан,черный,1180000.0,https://turbo.kg/images/014/812/257/42db05623fe04f086f4bf74bff759af4.jpeg | https://turbo.kg/images/014/812/258/331306bbeff58aa5bcf6d95597140b62.jpeg | https://turbo.kg/images/014/812/259/ded858d2ae1696ac7f8446c23cd0a8d3.jpeg | https://turbo.kg/images/014/812/260/dd4de379eeaa99a0181e8b94abf7b48d.jpeg | https://turbo.kg/images/014/812/261/23233bd16a83f763a38f5eb326c3077e.jpeg | https://turbo.kg/images/014/812/262/658267b2e6a56712b85ca8d636a6ba38.jpeg | https://turbo.kg/images/014/812/263/7dba4eaa59a67b4a6a1a12a19d2bf024.jpeg | https://turbo.kg/images/014/812/264/fd22ef22a4e064835f81d5c309595a75.jpeg
https://turbo.kg/cars/XHPvdWYD,"Lexus GX I 470 4.7, 2008",2700000,2008.0,230000.0,https://turbo.kg/images/014/812/245/ca1f87825fff7df8e715cb18e512926e-thumb.jpg,12.0,2026-04-24T22:55:05+06:00,,2008,,4.7 л / бензин,,автомат,,внедорожник 5 дв.,,в наличии,,,полный,230000 км,,налог уплачен,,Бишкек,слева,хорошее,растаможен,,Кыргызстан,белый,2700000.0,https://turbo.kg/images/014/812/245/ca1f87825fff7df8e715cb18e512926e.jpeg | https://turbo.kg/images/014/812/246/f958d9adcbf1061a9c4368c594c62eb2.jpeg | https://turbo.kg/images/014/812/247/0730197da25786212c6d029fba2ff064.jpeg | https://turbo.kg/images/014/812/248/7e9bf78151fe764641d1b761d752c069.jpeg | https://turbo.kg/images/014/812/249/95bff75bfe5182169bbe9e4f724cd5c8.jpeg | https://turbo.kg/images/014/812/250/7b4a36ea8461948610a88e2617942ef7.jpeg | https://turbo.kg/images/014/812/251/534227a6feacc212c99d3292ec1ad925.jpeg | https://turbo.kg/images/014/812/252/bcb4c55c1c59c9b3ee7612bba8fdaf3d.jpeg | https://turbo.kg/images/014/812/253/6b5669adeb8328792e76abdb8d082f2d.jpeg | https://turbo.kg/images/014/812/254/e1b33190954b1e958781c81621213cae.jpeg | https://turbo.kg/images/014/812/255/798c6fca2f61793fdad56b9882975223.jpeg | https://turbo.kg/images/014/812/256/4d1cfeb2cae1b11ea1be17b82d749867.jpeg
https://turbo.kg/cars/n1tP3Stp,"Kia K5 III Седан LPi 2.0, 2020",1529000,2020.0,92000.0,https://turbo.kg/images/014/811/807/862ea762aac3f3299cf39c0a64b4f1ba-thumb.jpg,12.0,2026-04-24T10:10:05+06:00,,2020,,2.0 л / газ,,автомат,,седан,,в наличии,,,передний,92000 км,,"свежепригнан, техосмотр пройден, вложений не требует",,"Кара-Куль, Джалал-Абадская область",слева,идеальное,растаможен,,Кыргызстан,серебристый,1529000.0,https://turbo.kg/images/014/811/807/862ea762aac3f3299cf39c0a64b4f1ba.jpeg | https://turbo.kg/images/014/811/808/d2389677d92983afec79f9739a16df54.jpeg | https://turbo.kg/images/014/811/809/767cfbea708813fb0d2084bd66f92f22.jpeg | https://turbo.kg/images/014/811/810/f7a96051c71b2c56b3d65eb98ff2362c.jpeg | https://turbo.kg/images/014/811/811/2f9822c0c872af29a9a4fe601bedfe83.jpeg | https://turbo.kg/images/014/811/812/9f29260e62cd33189a0b807700ce303f.jpeg | https://turbo.kg/images/014/811/813/129a86d3eb08bfcc1159bca892d29b44.jpeg | https://turbo.kg/images/014/811/814/4669966c7f99e62741f95ee91204937b.jpeg | https://turbo.kg/images/014/811/815/71c81a895454d795c12edc52d22a2f7a.jpeg | https://turbo.kg/images/014/811/816/63b46cac2e2461de11ca34d1bb46675e.jpeg | https://turbo.kg/images/014/811/817/11d10eab8eb2ccfe9fade7a71297e75d.jpeg | https://turbo.kg/images/014/811/818/5dfe37d7196b0f26bb67dd75f4bfcdf7.jpeg
https://turbo.kg/cars/bfmyqGVF,"Chevrolet Volt I 1.4, 2012",778000,2012.0,122000.0,https://turbo.kg/images/014/811/781/6915fab5db720862d74878b47afe0bc2-thumb.jpg,10.0,2026-04-24T08:35:06+06:00,,2012,,1.4 л / гибрид,,вариатор,,хэтчбек 5 дв.,,в наличии,обмен не предлагать,,передний,122000 км,,"налог уплачен, вложений не требует",,Бишкек,слева,хорошее,растаможен,,Кыргызстан,черный,778000.0,https://turbo.kg/images/014/811/781/6915fab5db720862d74878b47afe0bc2.jpeg | https://turbo.kg/images/014/811/782/9abcf8ba39837262c14de37f14d6718d.jpeg | https://turbo.kg/images/014/811/783/9a3528b7eb82693e72a9a29a5f307b34.jpeg | https://turbo.kg/images/014/811/784/8491fc51112dfe31b9cfcf0e534231b8.jpeg | https://turbo.kg/images/014/811/785/ace58c36cf68b266fc2ea13add1a1887.jpeg | https://turbo.kg/images/014/811/786/d1d913c48d0007a2a848067be563db6c.jpeg | https://turbo.kg/images/014/811/787/d3dcea19d5e15251af28073d757cb5a0.jpeg | https://turbo.kg/images/014/811/788/abda896bb9f37e271433c947cb76b442.jpeg | https://turbo.kg/images/014/811/789/8f136112996f28cc83453196fbd6c192.jpeg | https://turbo.kg/images/014/811/790/cfd533d2e0ae3444bbd3f19645958bbb.jpeg
https://turbo.kg/cars/OREEofEF,"Kia Seltos I 1.6, 2021",1110000,2021.0,252000.0,https://turbo.kg/images/014/811/776/dc6f906283111aa209145bd422b938d3-thumb.jpg,5.0,2026-04-24T08:35:05+06:00,,2021,,1.6 л / дизель,,робот,,внедорожник 5 дв.,,в наличии,рассмотрю варианты,,передний,252000 км,,,,Бишкек,слева,идеальное,растаможен,,Кыргызстан,белый,1110000.0,https://turbo.kg/images/014/811/776/dc6f906283111aa209145bd422b938d3.jpeg | https://turbo.kg/images/014/811/777/bbd6c9ae0fa8c349e6f6d8fb5c26a2e0.jpeg | https://turbo.kg/images/014/811/778/902f0299ecd1b1263fed74aacc348f77.jpeg | https://turbo.kg/images/014/811/779/acae33747bfc5cc36a571ecf6807b8bb.jpeg | https://turbo.kg/images/014/811/780/7aad024f4616169bef997a18fdc30aa2.jpeg
https://turbo.kg/cars/9iRh92Xq,"Kia K3 II Рестайлинг 1.6, 2021",1040000,2021.0,134000.0,https://turbo.kg/images/014/811/354/2df3b271f2df29dbafef63fae3184da9-thumb.jpg,8.0,2026-04-22T20:50:06+06:00,,2021,,1.6 л / бензин,,вариатор,,седан,,в наличии,обмен не предлагать,,передний,134000 км,,"техосмотр пройден, вложений не требует",,"Ош, Ошская область",слева,идеальное,растаможен,,Кыргызстан,белый,1040000.0,https://turbo.kg/images/014/811/354/2df3b271f2df29dbafef63fae3184da9.jpeg | https://turbo.kg/images/014/811/355/28c8d01b6acf577fdd37976ee5b22e70.jpeg | https://turbo.kg/images/014/811/356/4b3bd2b3c49f3f60bb9e46dc2098aee1.jpeg | https://turbo.kg/images/014/811/357/c155f6c7f8efa55920ca2055d59642d9.jpeg | https://turbo.kg/images/014/811/358/dbd9a505f8154ade2987602e9de030a5.jpeg | https://turbo.kg/images/014/811/359/9bd46a47d5ea044dd6f64a8c13d8fad9.jpeg | https://turbo.kg/images/014/811/360/af8d0b7f2912f880af2d59a34daad5f8.jpeg | https://turbo.kg/images/014/811/361/a9011ee3c115f8188482307f282f7c14.jpeg
https://turbo.kg/cars/B0kVcxYp,Toyota Ipsum 1998 года за 470 000 сом,470000,1998.0,300000.0,https://turbo.kg/images/014/811/113/5b95d7215b269cd11644e1530ade2ee5-thumb.jpg,8.0,2026-04-22T13:35:10+06:00,,,,"2.0 л, бензин",,,автомат,минивэн,,,,,,300000 км,,,,,справа,,,,,белый,470000.0,https://turbo.kg/images/014/811/113/5b95d7215b269cd11644e1530ade2ee5.jpeg | https://turbo.kg/images/014/811/114/3a9f07742d699c3667aa064c97a2beb9.jpeg | https://turbo.kg/images/014/811/115/8daa26b73cdf9f30c473936a0002c154.jpeg | https://turbo.kg/images/014/811/116/a3808cfacfe8c1e8ec5120a65485386d.jpeg | https://turbo.kg/images/014/811/117/d98c406bef785e928edfbe8bf8dfeb12.jpeg | https://turbo.kg/images/014/811/118/a5eb392a772b77e0f3e58609ababa08f.jpeg | https://turbo.kg/images/014/811/119/06e7441655d60c573d75b822ac39f8ec.jpeg | https://turbo.kg/images/014/811/120/ee439e77027bbbe43816fc0a81277498.jpeg
https://turbo.kg/cars/gnNN2B6L,"BMW X7 I (G07) 40i 3.0, 2019",4370000,2019.0,145000.0,https://turbo.kg/images/014/810/916/41126bf67a04571f136f2d7df8823876-thumb.jpg,12.0,2026-04-22T08:35:05+06:00,5UX**************,2019,08KG888IQQ,3.0 л / бензин,,автомат,,внедорожник 5 дв.,,в наличии,,,полный,145000 км,,"вложений не требует, свежепригнан",,с. Ивановка,слева,хорошее,растаможен,,Кыргызстан,черный,4370000.0,https://turbo.kg/images/014/810/916/41126bf67a04571f136f2d7df8823876.jpeg | https://turbo.kg/images/014/810/917/204a943bd1d4f7217b9fff40721a4f4f.jpeg | https://turbo.kg/images/014/810/918/7b85c87e2ecb766e84923d78039c4921.jpeg | https://turbo.kg/images/014/810/919/c0643e9b260026ce6d89d37300f2aafc.jpeg | https://turbo.kg/images/014/810/920/77ee4410b914f9aa855f8b4355bc0222.jpeg | https://turbo.kg/images/014/810/921/8c67c9b271e572b2d19af71ea4772534.jpeg | https://turbo.kg/images/014/810/922/db97015a8558f0dec5bc27dede3f9626.jpeg | https://turbo.kg/images/014/810/923/35067b7e829b8290a8041061124470eb.jpeg | https://turbo.kg/images/014/810/924/8f99db1a8fe0aaea9fed87c056aaa09d.jpeg | https://turbo.kg/images/014/810/925/5449d6be703b745f4df72e93bfa38b61.jpeg | https://turbo.kg/images/014/810/926/2a230caa29373471fddf670c42852966.jpeg | https://turbo.kg/images/014/810/927/73f6b889296a727a6ab62a7365e49b87.jpeg
https://turbo.kg/cars/YdblbGhq,"BMW 5 серии V (E60/E61) Рестайлинг 528i 3.0, 2010",1136000,2010.0,200111.0,https://turbo.kg/images/014/810/910/0cab4d1eff2665f636b05d8858d9503b-thumb.jpg,6.0,2026-04-22T08:25:06+06:00,,2010,04KG500AZI,3.0 л / бензин,,автомат,,седан,,в наличии,рассмотрю варианты,,задний,200111 км,,"свежепригнан, налог уплачен, вложений не требует",,"Кочкор-Ата, Джалал-Абадская область",слева,идеальное,растаможен,,Кыргызстан,синий,1136000.0,https://turbo.kg/images/014/810/910/0cab4d1eff2665f636b05d8858d9503b.jpeg | https://turbo.kg/images/014/810/911/487b8277459a9a669e59bfcbda7c2b80.jpeg | https://turbo.kg/images/014/810/912/08542f38c109ada45e1d7b397b75b845.jpeg | https://turbo.kg/images/014/810/913/3d48df9d01f8a250083add834d8c5040.jpeg | https://turbo.kg/images/014/810/914/4cfdff9cc0a5bf26b8cedbccd176cb83.jpeg | https://turbo.kg/images/014/810/915/adc8eed5f7414a11dbb4d1329a300000.jpeg
https://turbo.kg/cars/NTUHNtQR,"CHERY Tiggo 8 Plus I Рестайлинг 3 2.0, 2024",1896000,2024.0,50.0,https://turbo.kg/images/014/810/873/563b4a253989a118b267cf072f3f1357-thumb.jpg,5.0,2026-04-22T01:35:05+06:00,,2024,,2.0 л / бензин,,автомат,,внедорожник 5 дв.,,в наличии,,,передний,50 км,,вложений не требует,,Бишкек,слева,новое,растаможен,,Кыргызстан,белый,1896000.0,https://turbo.kg/images/014/810/873/563b4a253989a118b267cf072f3f1357.jpeg | https://turbo.kg/images/014/810/874/682939be1fbb3c9787ba8b87f46fe914.jpeg | https://turbo.kg/images/014/810/875/e7d7b1f2ab542ed66b24d4938c2248a1.jpeg | https://turbo.kg/images/014/810/876/4f7d9eb21e005177564d151d3482731b.jpeg | https://turbo.kg/images/014/810/877/8a75ee35aa0e912cde620a077ed81e88.jpeg
https://turbo.kg/cars/IJSul4Yp,"Mitsubishi Lancer Evolution VIII 2.0, 2004",2054000,2004.0,195000.0,https://turbo.kg/images/014/810/854/856dca597394b27c392e7ea32796286f-thumb.jpg,9.0,2026-04-22T01:20:05+06:00,,2004,,2.0 л / бензин,,механика,,седан,,в наличии,,,полный,195000 км,,,,Бишкек,слева,хорошее,растаможен,,Кыргызстан,серый,2054000.0,https://turbo.kg/images/014/810/854/856dca597394b27c392e7ea32796286f.jpeg | https://turbo.kg/images/014/810/855/001ebfd54e4aa838e3bf1ba02d99a0e8.jpeg | https://turbo.kg/images/014/810/856/693573e4175939ff5fa283311d077c8e.jpeg | https://turbo.kg/images/014/810/857/d44b1443d3739be8ea174f87c25a7467.jpeg | https://turbo.kg/images/014/810/858/0c76df02099f2a3be5fe94a8b97208dd.jpeg | https://turbo.kg/images/014/810/859/bab222f3ce2aa4b21279163136e2fe06.jpeg | https://turbo.kg/images/014/810/860/86a99c8cb09c6b2e23911cf20e0b9d65.jpeg | https://turbo.kg/images/014/810/861/7cfabe49b2798ba0e0c9e6d462d565d4.jpeg | https://turbo.kg/images/014/810/862/8266267709dc10f2421ebb87a7bc87bd.jpeg
https://turbo.kg/cars/1dYbbJld,"Zeekr 001 I Рестайлинг 100 kWh Electro AT (310 кВт), 2025",2762000,2025.0,5000.0,https://turbo.kg/images/014/810/262/3212709fc8703271e5cf805a727384aa-thumb.jpg,8.0,2026-04-21T07:45:05+06:00,,2025,,422 л.с. / 310 кВт / электро,,автомат,,лифтбек,,на заказ,,,задний,5000 км,,,,Китай,слева,хорошее,не растаможен,,Другая страна,зеленый,2762000.0,https://turbo.kg/images/014/810/262/3212709fc8703271e5cf805a727384aa.jpeg | https://turbo.kg/images/014/810/263/d0642b919e46a54d094267fcf50fe278.jpeg | https://turbo.kg/images/014/810/264/1084dfd4766c2001d5e91e59786f83a3.jpeg | https://turbo.kg/images/014/810/265/da8fac50eed7d106b750a8d3b47a2c6d.jpeg | https://turbo.kg/images/014/810/266/4aafca2f66920224430433c06fe6a086.jpeg | https://turbo.kg/images/014/810/267/8d6ad76e91bbf7c127482a8af08b0c7a.jpeg | https://turbo.kg/images/014/810/268/442dfdc62dd503ec909ff3717db87589.jpeg | https://turbo.kg/images/014/810/269/fffbc1e78a7ddbc3b0be26ff94c9127f.jpeg
https://turbo.kg/cars/cRLVgtwA,"Honda CR-V II Рестайлинг 2.0, 2004",1022000,2004.0,119000.0,https://turbo.kg/images/014/810/228/b51765a29c7fcd58f1d86a9e8b01061f-thumb.jpg,8.0,2026-04-21T02:00:05+06:00,,2004,E0005E,2.0 л / бензин,,механика,,внедорожник 5 дв.,,в наличии,рассмотрю варианты,,полный,119000 км,,,,Бишкек,слева,идеальное,растаможен,,Кыргызстан,серебристый,1022000.0,https://turbo.kg/images/014/810/228/b51765a29c7fcd58f1d86a9e8b01061f.jpeg | https://turbo.kg/images/014/810/229/11acfd66b175b61f4ce2d2847c48a5cc.jpeg | https://turbo.kg/images/014/810/230/2498faab55f7e5e47b0137aa061084c9.jpeg | https://turbo.kg/images/014/810/231/072fff5908f6690984e9fbc324bf36d8.jpeg | https://turbo.kg/images/014/810/232/54a04156ae06f5b4c6368cb09cbd07f9.jpeg | https://turbo.kg/images/014/810/233/9ba766e3c13a9d8b6bd801bb193c181e.jpeg | https://turbo.kg/images/014/810/234/d579f6a189086ec7ed1d1831cd5ae5f1.jpeg | https://turbo.kg/images/014/810/235/fd98072b04a435fa5ea89f72ad72c6b0.jpeg
https://turbo.kg/cars/GsulKRu5,"Toyota Century II (G50) 5.0, 2003",3059000,2003.0,350000.0,https://turbo.kg/images/014/809/974/644e49a1cc79bb49d53e401724e3650c-thumb.jpg,12.0,2026-04-20T19:25:05+06:00,,2003,,5.0 л / бензин,,автомат,,седан,,в наличии,рассмотрю варианты,,задний,350000 км,,,,Бишкек,справа,хорошее,растаможен,,Кыргызстан,черный,3059000.0,https://turbo.kg/images/014/809/974/644e49a1cc79bb49d53e401724e3650c.jpeg | https://turbo.kg/images/014/809/975/93070a580cbd0432335b90aa2ac9d55b.jpeg | https://turbo.kg/images/014/809/976/b7117de9b63b1b7997943e9a686897a2.jpeg | https://turbo.kg/images/014/809/977/89a11f1ba6ca9f4a4a00221c16237eca.jpeg | https://turbo.kg/images/014/809/978/56e3b628ac2ba93723c1cb9cc683aa42.jpeg | https://turbo.kg/images/014/809/979/d637f949f22026559734267d30eb096e.jpeg | https://turbo.kg/images/014/809/980/e3219790451aea8286c329937fb439ff.jpeg | https://turbo.kg/images/014/809/981/5798f7ea808af3148c9e84703abd519b.jpeg | https://turbo.kg/images/014/809/982/8964357377723994e41503d3aa1a1bb7.jpeg | https://turbo.kg/images/014/809/983/ed18c652ef9c7f47bfabcf7c960c2c3c.jpeg | https://turbo.kg/images/014/809/984/d9231b0aa7cad607889fcd754aba2e32.jpeg | https://turbo.kg/images/014/809/985/3af1fb7f4529799032cdec72c26c7d2d.jpeg
https://turbo.kg/cars/Fd3WJG4K,"Kia Optima IV Рестайлинг 2.4, 2020",918000,2020.0,151625.0,https://turbo.kg/images/014/809/933/e88f42e7d94cc28900aa248671356f1f-thumb.jpg,5.0,2026-04-20T18:50:07+06:00,,2020,08KG049AUG,2.4 л / бензин,,автомат,,седан,,в наличии,рассмотрю варианты,,передний,151625 км,,,,Бишкек,слева,хорошее,растаможен,,Кыргызстан,белый,918000.0,https://turbo.kg/images/014/809/933/e88f42e7d94cc28900aa248671356f1f.jpeg | https://turbo.kg/images/014/809/934/4457eeaa25f3a9abfa123e14e3273aa6.jpeg | https://turbo.kg/images/014/809/935/790f43f51d1c75191980c3a6776dad27.jpeg | https://turbo.kg/images/014/809/936/4194182391127a5ae643552403eaf5cf.jpeg | https://turbo.kg/images/014/809/937/614b2238e46c885403413a7c03792423.jpeg
https://turbo.kg/cars/7lwaOov1,"Audi A6 V (C8) Рестайлинг 50 TDI 3.0, 2026",6310000,2026.0,10.0,https://turbo.kg/images/014/809/920/f037f07043a465fda88a2b15ed5e1172-thumb.jpg,1.0,2026-04-20T18:50:05+06:00,,2026,,3.0 л / дизель,,автомат,,седан,,в наличии,,,полный,10 км,,,,Бишкек,слева,хорошее,растаможен,,Кыргызстан,черный,6310000.0,https://turbo.kg/images/014/809/920/f037f07043a465fda88a2b15ed5e1172.jpeg
https://turbo.kg/cars/LMDzZAaI,"Hyundai Sonata VII (LF) Рестайлинг 2.0, 2018",874000,2018.0,70000.0,https://turbo.kg/images/014/809/900/a3a072306fbc5724a44e180a6f527027-thumb.jpg,8.0,2026-04-20T18:30:06+06:00,LBE**************,2018,01KG641AWF,2.0 л / бензин,,автомат,,седан,,в наличии,с доплатой покупателя,,передний,70000 км,,"свежепригнан, налог уплачен, техосмотр пройден",,Бишкек,слева,хорошее,растаможен,,Кыргызстан,черный,874000.0,https://turbo.kg/images/014/809/900/a3a072306fbc5724a44e180a6f527027.jpeg | https://turbo.kg/images/014/809/901/5c1f8f492fa9e8d1846a2fc39d143c58.jpeg | https://turbo.kg/images/014/809/902/8f0de3d22f974fb0d18624109b73cdca.jpeg | https://turbo.kg/images/014/809/903/961d36afbb3a4e7e8db5ee09c03e94d0.jpeg | https://turbo.kg/images/014/809/904/56960da83107a780902aee29840113aa.jpeg | https://turbo.kg/images/014/809/905/804ae949fb61405991bfd8d60c26562e.jpeg | https://turbo.kg/images/014/809/906/ad9f00db79e005c0d3e23dba36fd546b.jpeg | https://turbo.kg/images/014/809/907/14c8d3790395fb4b6fdb1e365864a50e.jpeg
https://turbo.kg/cars/Wgej5RM1,"Toyota RAV4 IV (XA40) Рестайлинг 2.5, 2018",1529000,2018.0,160000.0,https://turbo.kg/images/014/810/220/7b95f680b459f05886c73a5d7b479a5c-thumb.jpg,4.0,2026-04-20T00:45:05+06:00,JTM**************,2018,01KG369AAC,2.5 л / гибрид,,вариатор,,внедорожник 5 дв.,,в наличии,,,полный,160000 км,,,,Бишкек,слева,хорошее,растаможен,,Кыргызстан,белый,1529000.0,https://turbo.kg/images/014/810/220/7b95f680b459f05886c73a5d7b479a5c.jpeg | https://turbo.kg/images/014/809/569/1b507ed4f77c963bdd25568980b23890.jpeg | https://turbo.kg/images/014/809/570/4102ff37290688038aebe2e2eebdadde.jpeg | https://turbo.kg/images/014/809/571/1ea5874109d6bc6c0fd17051acc9b05d.jpeg
https://turbo.kg/cars/uRWzm81y,"LiXiang L9 Рестайлинг 1.5, 2024",4457000,2024.0,17000.0,https://turbo.kg/images/014/809/557/262012427771ece502ac734480f91c81-thumb.jpg,12.0,2026-04-20T00:40:06+06:00,,2024,,1.5 л / гибрид,,автомат,,внедорожник 5 дв.,,в пути,обмен не предлагать,,полный,17000 км,,,,Китай,слева,хорошее,не растаможен,,Не стоит на учёте,зеленый,4457000.0,https://turbo.kg/images/014/809/557/262012427771ece502ac734480f91c81.jpeg | https://turbo.kg/images/014/809/558/8498ca5a8791f7ea104036152d733388.jpeg | https://turbo.kg/images/014/809/559/126985ac3aa21b57e6ee7e5439ae0dbf.jpeg | https://turbo.kg/images/014/809/560/18e21ee64b0c9c1c03b790f6e67c0676.jpeg | https://turbo.kg/images/014/809/561/3568918f60612e53d29dde6704b2a86c.jpeg | https://turbo.kg/images/014/809/562/4fbc39c64cab6948d8fc586c6d3d00d7.jpeg | https://turbo.kg/images/014/809/563/6a3cfffcb79b5e88425efd8547dd2a74.jpeg | https://turbo.kg/images/014/809/564/3d806575db70dd73c015244789a27dcc.jpeg | https://turbo.kg/images/014/809/565/4f38ab411bbfb3acaad6e9f1e00e4957.jpeg | https://turbo.kg/images/014/809/566/3fa22e4840f8914ec1fd7e846c0e6e57.jpeg | https://turbo.kg/images/014/809/567/25ab3b2f6f9672df89b53960ef85da51.jpeg | https://turbo.kg/images/014/809/568/b2f7efb84cf6db63549b14b2597bb41d.jpeg
https://turbo.kg/cars/Hf3j8LxR,"Hyundai Avante VI 1.6, 2018",1040000,2018.0,123000.0,https://turbo.kg/images/014/809/547/2adffa2eb4ac92a706debff718f1b2cf-thumb.jpg,5.0,2026-04-19T23:30:06+06:00,,2018,,1.6 л / бензин,,робот,,седан,,в наличии,рассмотрю варианты,,передний,123000 км,,вложений не требует,,Бишкек,слева,идеальное,растаможен,,Кыргызстан,черный,1040000.0,https://turbo.kg/images/014/809/547/2adffa2eb4ac92a706debff718f1b2cf.jpeg | https://turbo.kg/images/014/809/548/4ccd54fe42d81d399eefb5c28704dfd6.jpeg | https://turbo.kg/images/014/809/549/1982cb28f8e6369c8f43252d819b28f4.jpeg | https://turbo.kg/images/014/809/550/fd6ec19de2508f1701b0a2eee477da12.jpeg | https://turbo.kg/images/014/809/551/dee18ed0474e93f3a96a6f5c7317c3be.jpeg
https://turbo.kg/cars/V0tZuvuA,"Kia Sportage IV Рестайлинг 2.0, 2019",1486000,2019.0,118000.0,https://turbo.kg/images/014/809/352/d0ce4fdd581381bf8715b57f8d9e8b29-thumb.jpg,9.0,2026-04-19T18:10:06+06:00,,2019,,2.0 л / дизель,,автомат,,внедорожник 5 дв.,,в наличии,рассмотрю варианты,,передний,118000 км,,"свежепригнан, налог уплачен, техосмотр пройден, вложений не требует",,Бишкек,слева,хорошее,растаможен,,Кыргызстан,черный,1486000.0,https://turbo.kg/images/014/809/352/d0ce4fdd581381bf8715b57f8d9e8b29.jpeg | https://turbo.kg/images/014/809/353/8ba8a7d38071fc53f63150b71294a622.jpeg | https://turbo.kg/images/014/809/354/65e71e1e835fa61f334f6a1f78beb6da.jpeg | https://turbo.kg/images/014/809/355/3ac452fd67a424af42a5b4be7f7fe864.jpeg | https://turbo.kg/images/014/809/356/d12652379951dfa81c723706484a3075.jpeg | https://turbo.kg/images/014/809/357/4309128a9022221bb83866708624c1f6.jpeg | https://turbo.kg/images/014/809/358/bd2a7ccf563e1c2dd7a6e5dd3c732638.jpeg | https://turbo.kg/images/014/809/359/cca10b560cce65b679e86e2a5a5f1f9b.jpeg | https://turbo.kg/images/014/809/360/c00f812eb040a854805b0a526fa460e0.jpeg
https://turbo.kg/cars/LJNhdXYf,"Toyota Corolla XII (E210) Sporty 1.8, 2022",935000,2022.0,50000.0,https://turbo.kg/images/014/809/334/4a03f7c07a69357384bc4c142b9e51b9-thumb.jpg,6.0,2026-04-19T17:45:07+06:00,,2022,,1.8 л / гибрид,,вариатор,,седан,,в наличии,обмен не предлагать,,передний,50000 км,,,,Бишкек,слева,хорошее,растаможен,,Кыргызстан,белый,935000.0,https://turbo.kg/images/014/809/334/4a03f7c07a69357384bc4c142b9e51b9.jpeg | https://turbo.kg/images/014/809/335/17b829eab9899d32a48f2e9a7b2af604.jpeg | https://turbo.kg/images/014/809/336/b215e17fbbd247d020bcf82096e32ba0.jpeg | https://turbo.kg/images/014/809/337/f05b947c430ae4d9ae3cacde3a5e3ed6.jpeg | https://turbo.kg/images/014/809/338/7bafb24ca3d45ec7fe53f16489a6dc2e.jpeg | https://turbo.kg/images/014/809/339/a2c735ed7e0737ec17db2cb9a5702349.jpeg
https://turbo.kg/cars/MkzSGHa8,"BMW X5 IV (G05/G18) 40i 3.0, 2019",3146000,2019.0,130000.0,https://turbo.kg/images/014/809/305/8c15a464edae1e0c754ce49bad539523-thumb.jpg,22.0,2026-04-19T17:25:05+06:00,,2019,,3.0 л / бензин,,автомат,,внедорожник 5 дв.,,в наличии,,,задний,130000 км,,вложений не требует,,Бишкек,слева,хорошее,растаможен,,Кыргызстан,белый,3146000.0,https://turbo.kg/images/014/809/305/8c15a464edae1e0c754ce49bad539523.jpeg | https://turbo.kg/images/014/809/306/1d9cc6ebc1b61c1e9038de643ec9279e.jpeg | https://turbo.kg/images/014/809/307/4cb0e080879d6e4932784ece9e543776.jpeg | https://turbo.kg/images/014/809/308/953b192c264153575ab705bf14f3aadd.jpeg | https://turbo.kg/images/014/809/309/4bb05531f8656647afa2e4717ec765e0.jpeg | https://turbo.kg/images/014/809/310/bf2567ed9e1ba936bc610a49e8b59de3.jpeg | https://turbo.kg/images/014/809/311/661a4fb2b2a13997f89d72df04a2d6ae.jpeg | https://turbo.kg/images/014/809/312/bb18911e90ef0b385fd7b3f6e64c72d5.jpeg | https://turbo.kg/images/014/809/313/9efa907277ebb890df53a6a7a1eabaae.jpeg | https://turbo.kg/images/014/809/314/d9eacd2716e633ef5986699523feb607.jpeg | https://turbo.kg/images/014/809/315/09f37c1e9b88fffbde61ee53afb92316.jpeg | https://turbo.kg/images/014/809/316/c1edb346e402c50d9548290c6587a66d.jpeg | https://turbo.kg/images/014/809/317/37d84c6debcef7cc4cf5c827ca561b7b.jpeg | https://turbo.kg/images/014/809/318/16c26e5325256dd43f0abfb1f5b6992e.jpeg | https://turbo.kg/images/014/809/319/302f0300db2c8ec3f368327119e46b25.jpeg | https://turbo.kg/images/014/809/320/2be042a809d6e3c7be950aea0b22834f.jpeg | https://turbo.kg/images/014/809/321/ad9f5a832bacf1dd234b98e1270dde20.jpeg | https://turbo.kg/images/014/809/322/d2cd27f5c95e66377a0e7c947f1db029.jpeg | https://turbo.kg/images/014/809/323/1548e103eaf27ea2f8c7717bf4e35c00.jpeg | https://turbo.kg/images/014/809/324/b0f6bb70963b7bdd9e8cc025e7b7f381.jpeg | https://turbo.kg/images/014/809/325/2498f07ef8e10dab7252487d45efc10a.jpeg | https://turbo.kg/images/014/809/326/d465e39f7d737f92e5fe909f29e7be5b.jpeg
https://turbo.kg/cars/8Dw00w84,"Lexus LX IV 600 3.5, 2022",11972000,2022.0,17000.0,https://turbo.kg/images/014/809/043/c57840ce0e21e8d5aed9e228b41e1572-thumb.jpg,12.0,2026-04-19T03:45:05+06:00,,2022,,3.4 л / бензин,,автомат,,внедорожник 5 дв.,,в наличии,,,полный,17000 км,,"налог уплачен, свежепригнан, техосмотр пройден, вложений не требует",,Бишкек,слева,хорошее,растаможен,,Кыргызстан,серый,11972000.0,https://turbo.kg/images/014/809/043/c57840ce0e21e8d5aed9e228b41e1572.jpeg | https://turbo.kg/images/014/809/044/2e637ed3a925f2589baf724685b85930.jpeg | https://turbo.kg/images/014/809/045/0d6bb92d3ed6465f64530f06759a0168.jpeg | https://turbo.kg/images/014/809/046/698cb609b81839203b5d8f97e59a76bb.jpeg | https://turbo.kg/images/014/809/047/1a30e702f1944f7863efb664e2908aa8.jpeg | https://turbo.kg/images/014/809/048/7f1fc5dccbd85d30be2d960be8a7a3f9.jpeg | https://turbo.kg/images/014/809/049/dae99167c13b952b26a5365390363593.jpeg | https://turbo.kg/images/014/809/050/fb91ad72c4f2ba650d20dc1a308e2da7.jpeg | https://turbo.kg/images/014/809/051/afd625e5a08e44406dbbd1c8b19fbdd8.jpeg | https://turbo.kg/images/014/809/052/5440cbfd96cff1269c9b94088bc2e42f.jpeg | https://turbo.kg/images/014/809/053/38a73c6d3b3ccc00198ebcc9454643f4.jpeg | https://turbo.kg/images/014/809/054/3b1005ede59876a1be12a9681a5522d3.jpeg
https://turbo.kg/cars/0RBfyRur,"Lexus LX III Рестайлинг 2 570 5.7, 2020",7603000,2020.0,69000.0,https://turbo.kg/images/014/809/031/cad10d2d361162970129b1a337018205-thumb.jpg,12.0,2026-04-19T03:35:06+06:00,,2020,,5.7 л / бензин,,автомат,,внедорожник 5 дв.,,в наличии,,,полный,69000 км,,"свежепригнан, налог уплачен, техосмотр пройден, вложений не требует",,Бишкек,слева,хорошее,растаможен,,Кыргызстан,черный,7603000.0,https://turbo.kg/images/014/809/031/cad10d2d361162970129b1a337018205.jpeg | https://turbo.kg/images/014/809/032/f7f5c9da6d97f3933b76d1299ac75e35.jpeg | https://turbo.kg/images/014/809/033/7c34fd00850964d26274fb1d02284f5f.jpeg | https://turbo.kg/images/014/809/034/2c557b09b3ac254097a4381bfb9641d2.jpeg | https://turbo.kg/images/014/809/035/96ed55a53085881692bac7fe2215872f.jpeg | https://turbo.kg/images/014/809/036/48267e605d2c64f783aaf4735bbe67fc.jpeg | https://turbo.kg/images/014/809/037/bd9263d91da313da6386405b64bbd530.jpeg | https://turbo.kg/images/014/809/038/b3516f6a37686d2637788455632e3188.jpeg | https://turbo.kg/images/014/809/039/0d7a4f61991bfac2614eea28e8a5f597.jpeg | https://turbo.kg/images/014/809/040/c486c516a9df4cc4ef4f5fa842166902.jpeg | https://turbo.kg/images/014/809/041/46e0e8c121397d13e26d4b2d44450b15.jpeg | https://turbo.kg/images/014/809/042/c42b1765c22cbda64a70a1b6f4b0f883.jpeg
https://turbo.kg/cars/kQRM0Mb5,"Chevrolet Spark IV 1.0, 2016",586000,2016.0,128800.0,https://turbo.kg/images/014/809/014/d00a31a8dd2cfba8af8a7b8cd7055233-thumb.jpg,9.0,2026-04-19T03:10:05+06:00,,2016,,1.0 л / бензин,,вариатор,,хэтчбек 5 дв.,,в наличии,обмен не предлагать,,передний,128800 км,,"свежепригнан, техосмотр пройден",,Бишкек,слева,хорошее,растаможен,,Кыргызстан,белый,586000.0,https://turbo.kg/images/014/809/014/d00a31a8dd2cfba8af8a7b8cd7055233.jpeg | https://turbo.kg/images/014/809/015/d90bc7e391c3b17baf79dd3fbf4f7edf.jpeg | https://turbo.kg/images/014/809/016/0810ca151ddce1ebe648a5fe38cf2bdc.jpeg | https://turbo.kg/images/014/809/017/bb4f289e8ef4fc93bd282ce549aae1f0.jpeg | https://turbo.kg/images/014/809/018/7ca1a31b68a287579f77a977f492f92c.jpeg | https://turbo.kg/images/014/809/019/3c6f1a7315d87baf787851993f18101b.jpeg | https://turbo.kg/images/014/809/020/3fb8b5835b77f2949a5964c383435211.jpeg | https://turbo.kg/images/014/809/021/097ae093dbb196d70ca06a948e33c14f.jpeg | https://turbo.kg/images/014/809/022/7552efd91e31664cb37d98896da1a783.jpeg
https://turbo.kg/cars/INfLy5rZ,"Toyota Land Cruiser 200 Series Рестайлинг 1 4.5, 2013",2796000,2013.0,270000.0,https://turbo.kg/images/014/809/001/80d26ac4ff8ff542f1f24ea3245fd235-thumb.jpg,7.0,2026-04-19T01:05:05+06:00,,2013,,4.5 л / дизель,,автомат,,внедорожник 5 дв.,,в наличии,обмен не предлагать,,полный,270000 км,,,,Бишкек,слева,идеальное,растаможен,,Кыргызстан,черный,2796000.0,https://turbo.kg/images/014/809/001/80d26ac4ff8ff542f1f24ea3245fd235.jpeg | https://turbo.kg/images/014/809/002/c98f5ec27a31abd9ea74c30231eccdab.jpeg | https://turbo.kg/images/014/809/003/355f4c7cb0d9f2065485d62fe26b9dfa.jpeg | https://turbo.kg/images/014/809/004/d8a7b538e02fc7af1abfacaa78fdaf36.jpeg | https://turbo.kg/images/014/809/005/d24bf3c450c6fb197bc0921ad3ce62c1.jpeg | https://turbo.kg/images/014/809/006/0306b4e595235a8bb2b1bf6da615b341.jpeg | https://turbo.kg/images/014/809/007/e877684dd08a80695c99da953fdb307b.jpeg
https://turbo.kg/cars/IbykJnRt,"Hyundai Santa Fe IV 2.0, 2019",1477000,2019.0,,https://turbo.kg/images/014/810/184/2b8695b4f703073c63b7bcbf2d400d0e-thumb.jpg,,,,,,,,,,,,,,,,,,,,,,,,,,,,
https://turbo.kg/cars/3C9Penvt,"Lexus ES VI 300h 2.5, 2014",1459000,2014.0,,https://turbo.kg/images/014/808/949/29ac26c9b0af7fce2308d39cf80260f9-thumb.jpg,,,,,,,,,,,,,,,,,,,,,,,,,,,,
https://turbo.kg/cars/ZkuniZsA,"Toyota Levin XII (E210) 1.8, 2020",813000,2020.0,,https://turbo.kg/images/014/808/909/df68e139e3aa795b149c03151dc2a7ee-thumb.jpg,,,,,,,,,,,,,,,,,,,,,,,,,,,,
https://turbo.kg/cars/oR6ZiTMF,"Toyota Crown XVI (S230) 2.5, 2023",2840000,2023.0,30800.0,https://turbo.kg/images/014/808/719/94ce2e51c995640cebf7e98affb51be9-thumb.jpg,10.0,2026-04-18T17:20:05+06:00,,2023,,2.5 л / гибрид,,вариатор,,седан,,в наличии,рассмотрю варианты,,задний,30800 км,,вложений не требует,,Бишкек,слева,новое,растаможен,,Кыргызстан,белый,2840000.0,https://turbo.kg/images/014/808/719/94ce2e51c995640cebf7e98affb51be9.jpeg | https://turbo.kg/images/014/808/721/686f1c76e4b39df54652def2c66b3b1d.jpeg | https://turbo.kg/images/014/808/723/9307bcbe2e88b6b238feb83e648c34f3.jpeg | https://turbo.kg/images/014/808/724/20e06db1217a5d491366b1ab49d3716f.jpeg | https://turbo.kg/images/014/808/725/b843d319d59d603a2cefe8b10cec9806.jpeg | https://turbo.kg/images/014/808/726/94bd0a4ada55e82ab649dba9f160cbcd.jpeg | https://turbo.kg/images/014/808/727/cf4a68856b723969793611bc8414bb48.jpeg | https://turbo.kg/images/014/808/728/86d4d863bb924f6d396341c1c5afb851.jpeg | https://turbo.kg/images/014/808/729/99ae8fa2df082eec051c4d03fde63ca8.jpeg | https://turbo.kg/images/014/808/730/6c136bc67cc8ea4e7ec560fa2e8a340e.jpeg
https://turbo.kg/cars/3PUEiVib,"Kia K5 III Рестайлинг Седан 2.0, 2025",2665000,2025.0,10.0,https://turbo.kg/images/014/808/709/65bcb55ba37fc2422c6eaf92e67744eb-thumb.jpg,5.0,2026-04-18T17:10:05+06:00,,2025,,2.0 л / бензин,,автомат,,седан,,в наличии,,,передний,10 км,,,,Бишкек,слева,новое,растаможен,,Не стоит на учёте,белый,2665000.0,https://turbo.kg/images/014/808/709/65bcb55ba37fc2422c6eaf92e67744eb.jpeg | https://turbo.kg/images/014/808/710/5b53b96fcd346e63064293a6a4d23a4a.jpeg | https://turbo.kg/images/014/808/711/881a987769b6f97e2022e3ae1909c440.jpeg | https://turbo.kg/images/014/808/712/2f9264a678ad7d98d5a096705f374c48.jpeg | https://turbo.kg/images/014/808/713/c88915f9d95cd99bbb857db7d0ba5bc1.jpeg
https://turbo.kg/cars/h2QHwOXT,"Hyundai Santa Fe IV 2.4, 2019",1722000,2019.0,172000.0,https://turbo.kg/images/014/808/345/785fe36322d52a71305d2732645bf8a4-thumb.jpg,11.0,2026-04-18T04:05:04+06:00,,2019,,2.4 л / бензин,,автомат,,внедорожник 5 дв.,,в наличии,,,передний,172000 км,,"свежепригнан, вложений не требует",,Бишкек,слева,хорошее,растаможен,,Кыргызстан,черный,1722000.0,https://turbo.kg/images/014/808/345/785fe36322d52a71305d2732645bf8a4.jpeg | https://turbo.kg/images/014/808/346/342c40861927ef6dbad9480831e3efcc.jpeg | https://turbo.kg/images/014/808/347/19b3d2ac40a2ae796b85a3a981adfd95.jpeg | https://turbo.kg/images/014/808/348/5c868e9f0dcd7b2e75e1d706c260ac56.jpeg | https://turbo.kg/images/014/808/349/5765c890d0434cd4a0472b6833b24147.jpeg | https://turbo.kg/images/014/808/350/fdace48f1b0067591653898458d556a8.jpeg | https://turbo.kg/images/014/808/351/99c82b817b0d903c6a5e8850b33719e4.jpeg | https://turbo.kg/images/014/808/352/53d21dbbc1a6c0663edceae5b4f5249b.jpeg | https://turbo.kg/images/014/808/353/05f4882b2a1981e4ca875b7d4ca2b42a.jpeg | https://turbo.kg/images/014/808/354/f3f6447ef2a3fd28dd9ed2164f712f09.jpeg | https://turbo.kg/images/014/808/355/578b7039e223c71b2900858ea79e1e26.jpeg
https://turbo.kg/cars/Ft1tHZRs,"Hyundai Sonata VII (LF) Рестайлинг 2.4, 2018",787000,2018.0,102998.0,https://turbo.kg/images/014/808/325/85e557905c9e15f1e88ee2faaef3f48b-thumb.jpg,4.0,2026-04-18T01:55:05+06:00,,2018,08KG086AOV,2.4 л / бензин,,автомат,,седан,,в наличии,обмен не предлагать,,передний,102998 км,,,,Бишкек,слева,хорошее,растаможен,,Кыргызстан,белый,787000.0,https://turbo.kg/images/014/808/325/85e557905c9e15f1e88ee2faaef3f48b.jpeg | https://turbo.kg/images/014/808/326/4fd0245cf990955d3267fd96efe57019.jpeg | https://turbo.kg/images/014/808/327/d8cb9aa0cfc6cac70210b3a43bb0c599.jpeg | https://turbo.kg/images/014/808/328/ff2fea2aead73b8ff984de8e47f32239.jpeg
https://turbo.kg/cars/IpLJeQw5,"Mercedes-Benz E-Класс III (W211, S211) Рестайлинг 280 3.0, 2008",1005000,2008.0,364000.0,https://turbo.kg/images/014/808/315/2ed3cfb4a92271adb29daf6190e7b6db-thumb.jpg,10.0,2026-04-18T01:20:05+06:00,,2008,,3.0 л / дизель,,автомат,,универсал,,в наличии,обмен не предлагать,,задний,364000 км,,,,"Ош, Ошская область",слева,хорошее,растаможен,,Кыргызстан,серый,1005000.0,https://turbo.kg/images/014/808/315/2ed3cfb4a92271adb29daf6190e7b6db.jpeg | https://turbo.kg/images/014/808/316/3bc099a7fcc39c0a95e338480081036c.jpeg | https://turbo.kg/images/014/808/317/8f7c2e8a6065fc8d2d4ed401e0cc2808.jpeg | https://turbo.kg/images/014/808/318/e20aac99878534685ad51bcd5676ec26.jpeg | https://turbo.kg/images/014/808/319/709849702e0b9e9668d00d1e774509c4.jpeg | https://turbo.kg/images/014/808/320/2b74ace185620baa73317173d3ca3666.jpeg | https://turbo.kg/images/014/808/321/03f1952ff285d6fa23ac8c5b8fa63960.jpeg | https://turbo.kg/images/014/808/322/48ac25a9a23f82641b388bc0778dc3d3.jpeg | https://turbo.kg/images/014/808/323/6a97478fe0133b51f78b202d13493489.jpeg | https://turbo.kg/images/014/808/324/26cb78cc8e066ae1bb6c751d79f716c5.jpeg
https://turbo.kg/cars/YGDoigiC,"Kia Stonic 1.4, 2018",1223000,2018.0,96808.0,https://turbo.kg/images/014/808/303/6f8d34d5f343301ea762720bc4b0b40c-thumb.jpg,6.0,2026-04-18T00:50:05+06:00,,2018,,1.4 л / бензин,,автомат,,внедорожник 5 дв.,,в наличии,,,передний,96808 км,,"налог уплачен, техосмотр пройден, вложений не требует",,Бишкек,слева,хорошее,растаможен,,Кыргызстан,белый,1223000.0,https://turbo.kg/images/014/808/303/6f8d34d5f343301ea762720bc4b0b40c.jpeg | https://turbo.kg/images/014/808/304/e66db9652bf311cdcb6ea31bb1a139cf.jpeg | https://turbo.kg/images/014/808/305/48d867773444b3fba028b7e520c2edc2.jpeg | https://turbo.kg/images/014/808/306/17f19b7ee122796a2816d969a2fe2fdd.jpeg | https://turbo.kg/images/014/808/307/48809a6f77ee3cabccabefb447413bae.jpeg | https://turbo.kg/images/014/808/308/492cc285f0388e1a0e2f503d40e93ba9.jpeg
https://turbo.kg/cars/9ZHlUeO0,"Toyota Ist I 1.5, 2005",550000,2005.0,265000.0,https://turbo.kg/images/014/808/293/f45e3803549e9694cf206603a49a2369-thumb.jpg,3.0,2026-04-18T00:35:05+06:00,,2005,,1.5 л / бензин,,автомат,,хэтчбек 5 дв.,,в наличии,рассмотрю варианты,,передний,265000 км,,,,Бишкек,справа,хорошее,растаможен,,Кыргызстан,черный,550000.0,https://turbo.kg/images/014/808/293/f45e3803549e9694cf206603a49a2369.jpeg | https://turbo.kg/images/014/808/294/e50e62eb1ee30c7bea3139a4322af008.jpeg | https://turbo.kg/images/014/808/295/b28997a0baa8db797abd2bb8ec19b6d9.jpeg
https://turbo.kg/cars/YgCPyw2X,"Toyota Camry IX (XV80) China Market 2.0, 2024",2928000,2024.0,13000.0,https://turbo.kg/images/014/808/262/fea4c00a32a1d6b16de2db19c4ae64b8-thumb.jpg,8.0,2026-04-17T22:55:05+06:00,,2024,,2.0 л / гибрид,,вариатор,,седан,,в наличии,рассмотрю варианты,,передний,13000 км,,вложений не требует,,Бишкек,слева,новое,растаможен,,Кыргызстан,белый,2928000.0,https://turbo.kg/images/014/808/262/fea4c00a32a1d6b16de2db19c4ae64b8.jpeg | https://turbo.kg/images/014/808/263/d87eb921ae2504a11eeb14fab048f7cc.jpeg | https://turbo.kg/images/014/808/264/d2604f5ab506921eec0709c8b2e4685b.jpeg | https://turbo.kg/images/014/808/265/10f670c315247ea60a3ff322ca9ef68f.jpeg | https://turbo.kg/images/014/808/266/7eb63d20ea290172f0384d6d285adb7a.jpeg | https://turbo.kg/images/014/808/267/2143d2dc9135c589788340e2b5895bac.jpeg | https://turbo.kg/images/014/808/268/741d5b339ac71fed31074f0600900f72.jpeg | https://turbo.kg/images/014/808/269/90a9f704e4ab2d9606aa0f233e514a93.jpeg
https://turbo.kg/cars/iX8uuddS,"Toyota Camry VII (XV50) 2.5, 2012",1180000,2012.0,265000.0,https://turbo.kg/images/014/808/253/10322ac419ed7ed147fb70865d50a05a-thumb.jpg,9.0,2026-04-17T22:30:05+06:00,,2012,,2.5 л / бензин,,автомат,,седан,,в наличии,обмен не предлагать,,передний,265000 км,,"налог уплачен, техосмотр пройден, вложений не требует",,Бишкек,слева,хорошее,растаможен,,Кыргызстан,серебристый,1180000.0,https://turbo.kg/images/014/808/253/10322ac419ed7ed147fb70865d50a05a.jpeg | https://turbo.kg/images/014/808/254/e93e74f82a42faab439cb9a4eda7b9fa.jpeg | https://turbo.kg/images/014/808/255/2c45e4f39289bc9b945d4cef29900247.jpeg | https://turbo.kg/images/014/808/256/0857044ae087ef58569e4d1d3bd3962d.jpeg | https://turbo.kg/images/014/808/257/134fdd8973239961951b31973430790a.jpeg | https://turbo.kg/images/014/808/258/5616ac5eb0509f3c44992e24c87bbb62.jpeg | https://turbo.kg/images/014/808/259/73c7474421a7effb980e7198c0ffec49.jpeg | https://turbo.kg/images/014/808/260/0f59293e91b2f6aad48c12a3a16a714e.jpeg | https://turbo.kg/images/014/808/261/fd9ea9a551319fe83d0de039beb3cbf0.jpeg
https://turbo.kg/cars/2LwZvMLx,"Honda CR-V V Рестайлинг 1.5, 2019",2010000,2019.0,,https://turbo.kg/images/014/808/227/440aa683230f1a95c8dcb9b4c790f1c6-thumb.jpg,,,,,,,,,,,,,,,,,,,,,,,,,,,,
https://turbo.kg/cars/9tJyyhpV,"SsangYong Torres 1.5, 2024",1730000,2024.0,,https://turbo.kg/images/014/808/196/83ed68a3cc626b70bdd2d016ef456fb7-thumb.jpg,,,,,,,,,,,,,,,,,,,,,,,,,,,,
https://turbo.kg/cars/DzJdWACf,"Kia Soul III 1.6, 2019",1049000,2019.0,169000.0,https://turbo.kg/images/014/808/037/d080296b74f8d86a6a1f6ee2d2528588-thumb.jpg,7.0,2026-04-17T17:05:05+06:00,,2019,,1.6 л / бензин,,автомат,,хэтчбек 5 дв.,,в наличии,рассмотрю варианты,,передний,169000 км,,,,Бишкек,слева,хорошее,растаможен,,Кыргызстан,черный,1049000.0,https://turbo.kg/images/014/808/037/d080296b74f8d86a6a1f6ee2d2528588.jpeg | https://turbo.kg/images/014/808/038/e8358266b755bc84620df6b61c397d05.jpeg | https://turbo.kg/images/014/808/039/b4a85ec0b8f80b480c44cea69027b32a.jpeg | https://turbo.kg/images/014/808/040/7c87f7dbf78cba1da8ab391d1f518b52.jpeg | https://turbo.kg/images/014/808/041/5dc12eee796db3793bcbd873af409b22.jpeg | https://turbo.kg/images/014/808/042/aa16df3c3ebe1028c851928f2288eed3.jpeg | https://turbo.kg/images/014/808/043/c0eead10154bb3a01604f29b97800cad.jpeg
https://turbo.kg/cars/cuafTF5z,"Kia Sorento III Prime Рестайлинг 6-speed 2.0, 2019",1477000,2019.0,244000.0,https://turbo.kg/images/014/807/493/55ca7490b5fee189b5d43592cb7d23f1-thumb.jpg,12.0,2026-04-16T15:15:06+06:00,,2019,,2.0 л / дизель,,автомат,,внедорожник 5 дв.,,в наличии,рассмотрю варианты,,передний,244000 км,,вложений не требует,,с. Заря (Сокулукский р-н),слева,идеальное,растаможен,,Кыргызстан,белый,1477000.0,https://turbo.kg/images/014/807/493/55ca7490b5fee189b5d43592cb7d23f1.jpeg | https://turbo.kg/images/014/807/494/a41f55f6dbe76f0af13ba25aef590f87.jpeg | https://turbo.kg/images/014/807/495/06fd29748d43a43098483a97920ce2fe.jpeg | https://turbo.kg/images/014/807/496/c8f2d61f64f9b8b46ec63a4924071c91.jpeg | https://turbo.kg/images/014/807/497/e170c5a9b20ba22e9c978fe8817cfacb.jpeg | https://turbo.kg/images/014/807/498/2a4c64b94ef17ee16612dad2ddb3ac3a.jpeg | https://turbo.kg/images/014/807/499/514ad6e568e9c0a0bcbeff1d97faace6.jpeg | https://turbo.kg/images/014/807/500/910150ad3dcae9160e6bc9e23cf69887.jpeg | https://turbo.kg/images/014/807/501/2e815431ec0bc141ec31c2c558d480c6.jpeg | https://turbo.kg/images/014/807/502/e7be8e36dca8d6a0360b3d1239f4cbb7.jpeg | https://turbo.kg/images/014/807/503/30b856b7586ae5cfe058c9d1e07d8323.jpeg | https://turbo.kg/images/014/807/504/d233aaa66b71df5398c97b25ce81715d.jpeg
https://turbo.kg/cars/kq9XYCVJ,"Tesla Model 3 I Standart Electro AT (190 кВт), 2020",1311000,2020.0,200000.0,https://turbo.kg/images/014/807/163/460b673d474c92b254ece6dddcf33613-thumb.jpg,4.0,2026-04-15T21:50:05+06:00,,2020,,258 л.с. / 190 кВт / электро,,автомат,,седан,,в наличии,рассмотрю варианты,,задний,200000 км,,вложений не требует,,"Ош, Ошская область",слева,хорошее,растаможен,,Кыргызстан,черный,1311000.0,https://turbo.kg/images/014/807/163/460b673d474c92b254ece6dddcf33613.jpeg | https://turbo.kg/images/014/807/164/09f65654049d389e7822abcc5be4481c.jpeg | https://turbo.kg/images/014/807/165/4ca8cd3d8aa3177c72b3852b1bd23567.jpeg | https://turbo.kg/images/014/807/166/529d1b88f5f8cfe9837b2b6d1bf8509b.jpeg
https://turbo.kg/cars/9trOiUcO,"LiXiang L7 Рестайлинг 1.5, 2025",4064000,2025.0,6000.0,https://turbo.kg/images/014/807/129/a46fafcd0c07eb533db9cbe867fab6fd-thumb.jpg,9.0,2026-04-15T20:50:06+06:00,,2025,,1.5 л / гибрид,,автомат,,внедорожник 5 дв.,,в наличии,обмен не предлагать,,полный,6000 км,,,,Бишкек,слева,хорошее,растаможен,,Не стоит на учёте,хамелеон,4064000.0,https://turbo.kg/images/014/807/129/a46fafcd0c07eb533db9cbe867fab6fd.jpeg | https://turbo.kg/images/014/807/130/bf90931f14dbd5aa51ce23c99043b2e3.jpeg | https://turbo.kg/images/014/807/131/fc702c2741380aceb5898f9c4f296325.jpeg | https://turbo.kg/images/014/807/132/e72ad6a5f7318a78107dcf1aeefad07f.jpeg | https://turbo.kg/images/014/807/133/a333cbe4baaa12a3ae3e4b7ac4978fb9.jpeg | https://turbo.kg/images/014/807/134/f0d3e90b9fcc5db887ab32f1319570f9.jpeg | https://turbo.kg/images/014/807/135/4055e22c9be70c15bdc63458c184094d.jpeg | https://turbo.kg/images/014/807/136/9e6acf92fa6ec0a73176e05a03b31ec0.jpeg | https://turbo.kg/images/014/807/137/21f0ecfad2791204f78da2fb8d8b7d83.jpeg
https://turbo.kg/cars/wPfPiiLN,"Mercedes-Benz S-Класс IV (W220) 500 5.0, 1998",507000,1998.0,342000.0,https://turbo.kg/images/014/806/886/508ed07cbf0508102e5076793160acfd-thumb.jpg,6.0,2026-04-15T14:50:05+06:00,,1998,,5.0 л / бензин,,автомат,,седан,,в наличии,обмен не предлагать,,задний,342000 км,,,,Бишкек,слева,идеальное,растаможен,,Кыргызстан,серебристый,507000.0,https://turbo.kg/images/014/806/886/508ed07cbf0508102e5076793160acfd.jpeg | https://turbo.kg/images/014/806/887/f5f52aba6ca27536ad0487fbb705e9d3.jpeg | https://turbo.kg/images/014/806/888/2cbe9ad2fd08e58bf72882933c626441.jpeg | https://turbo.kg/images/014/806/889/9f7566c6b4a3506f0416598a8e5abe6d.jpeg | https://turbo.kg/images/014/806/890/7ce8f6e9711163ff6b7f58ecd3ec5ff7.jpeg | https://turbo.kg/images/014/806/891/1c94b16ef26c492adfb2a27e6073adc5.jpeg
https://turbo.kg/cars/BZ52s3iv,"Chevrolet Spark IV Рестайлинг 1.0, 2019",675000,2019.0,180000.0,https://turbo.kg/images/014/806/855/a33eee40b734bef18434e3ba1a043fac-thumb.jpg,9.0,2026-04-15T13:30:05+06:00,,2019,04KG067APM,1.0 л / бензин,,вариатор,,хэтчбек 5 дв.,,в наличии,обмен не предлагать,,передний,180000 км,,"свежепригнан, вложений не требует",,"Ош, Ошская область",слева,хорошее,растаможен,,Кыргызстан,белый,675000.0,https://turbo.kg/images/014/806/855/a33eee40b734bef18434e3ba1a043fac.jpeg | https://turbo.kg/images/014/806/856/aec7c415e42c070c82e19428ccb806fc.jpeg | https://turbo.kg/images/014/806/857/4c5cba7a7747a90e4994a3ebc9ae3442.jpeg | https://turbo.kg/images/014/806/858/5013fcb762f324bf8b35e02020119557.jpeg | https://turbo.kg/images/014/806/859/c166a56596f53df82c35fd4e5e58fa02.jpeg | https://turbo.kg/images/014/806/860/5b917909798f2065f1b1f944dce19d0f.jpeg | https://turbo.kg/images/014/806/861/1224b7720ecdf650a522de9c78e3de8f.jpeg | https://turbo.kg/images/014/806/862/0e854cfe51924647eaa408cc02094189.jpeg | https://turbo.kg/images/014/806/863/631059ddb35a3f1f611fc4f74e7e652c.jpeg
https://turbo.kg/cars/OEzenfIP,"Toyota Sienna III Рестайлинг 2 3.5, 2019",2097000,2019.0,158000.0,https://turbo.kg/images/014/806/644/d152b706ded175eb1d998891157b246c-thumb.jpg,4.0,2026-04-15T01:30:07+06:00,,2019,06KG301ATH,3.5 л / бензин,,автомат,,минивэн,,в наличии,рассмотрю варианты,,полный,158000 км,,,,Бишкек,слева,хорошее,растаможен,,Кыргызстан,серый,2097000.0,https://turbo.kg/images/014/806/644/d152b706ded175eb1d998891157b246c.jpeg | https://turbo.kg/images/014/806/645/4afb6d078b538a85a38cf4973c084d11.jpeg | https://turbo.kg/images/014/806/646/7b096deb4645c76ce8b9b6df09a60ca5.jpeg | https://turbo.kg/images/014/806/647/fcf5433c0940e8f8f6a13e6b2712686b.jpeg
https://turbo.kg/cars/qpLzIXAv,"BMW X5 IV (G05/G18) 40i 3.0, 2022",5855000,2022.0,15000.0,https://turbo.kg/images/014/806/620/b2bdc8e14accebc0bb87df9f34739c7b-thumb.jpg,12.0,2026-04-15T01:00:06+06:00,,2022,,3.0 л / бензин,,автомат,,внедорожник 5 дв.,,в наличии,,,полный,15000 км,,,,Бишкек,слева,новое,растаможен,,Кыргызстан,белый,5855000.0,https://turbo.kg/images/014/806/620/b2bdc8e14accebc0bb87df9f34739c7b.jpeg | https://turbo.kg/images/014/806/624/dd41e66116addaac57442e0cd67b4a20.jpeg | https://turbo.kg/images/014/806/625/5e92e6966f2f893eeac933dad781a4b5.jpeg | https://turbo.kg/images/014/806/626/53cb681152453a1dee472fa2d11f0174.jpeg | https://turbo.kg/images/014/806/627/fde41221277111d4828dac23189b0103.jpeg | https://turbo.kg/images/014/806/628/0fd9dbb5d285b6224d265ea6fbba6c8b.jpeg | https://turbo.kg/images/014/806/629/99fbf4718038a817d1bdfb91f9d203d3.jpeg | https://turbo.kg/images/014/807/205/1abfc58947f2073862d262545f793ad3.jpeg | https://turbo.kg/images/014/806/630/6f7341e517e38eb2acc7ff597cc30d5d.jpeg | https://turbo.kg/images/014/807/206/cbb29913fb1ed0d2e38a5b0e9c1fa817.jpeg | https://turbo.kg/images/014/806/631/7bf70d28b617d867fa80dd51cd34b11c.jpeg | https://turbo.kg/images/014/807/207/2507b522feae5104bc2accdf6a20fa40.jpeg
https://turbo.kg/cars/qU10Fdie,"Land Rover Range Rover IV Рестайлинг 4.4, 2020",5680000,2020.0,102000.0,https://turbo.kg/images/014/806/582/0a1afa630f82efd9a5de35974485d261-thumb.jpg,3.0,2026-04-15T00:00:06+06:00,,2020,,4.4 л / дизель,,автомат,,внедорожник 5 дв.,,в наличии,с доплатой покупателя,,полный,102000 км,,вложений не требует,,Бишкек,слева,хорошее,растаможен,,Кыргызстан,белый,5680000.0,https://turbo.kg/images/014/806/582/0a1afa630f82efd9a5de35974485d261.jpeg | https://turbo.kg/images/014/806/583/c9ac99e299216add3d00b002b2ce1536.jpeg | https://turbo.kg/images/014/806/584/c7145b0bfa86191f88657478cab33a8c.jpeg
https://turbo.kg/cars/7pKrvICD,"Kia K9 I (KH) Рестайлинг 3.3, 2017",2010000,2017.0,168000.0,https://turbo.kg/images/014/806/570/5299b47e07404a4f8ee4bf389c159009-thumb.jpg,12.0,2026-04-14T23:45:06+06:00,,2017,,3.3 л / бензин,,автомат,,седан,,в наличии,только обмен,,задний,168000 км,,вложений не требует,,Бишкек,слева,идеальное,растаможен,,Кыргызстан,черный,2010000.0,https://turbo.kg/images/014/806/570/5299b47e07404a4f8ee4bf389c159009.jpeg | https://turbo.kg/images/014/806/571/ef4168c5fd2d3cfa84231a43f0116ecf.jpeg | https://turbo.kg/images/014/806/572/c1afc98592999ccf9d3782575ba9b715.jpeg | https://turbo.kg/images/014/806/573/13b2fc589104619a4286629abb468362.jpeg | https://turbo.kg/images/014/806/574/1fce52a627c82cf2d50389adf220c07a.jpeg | https://turbo.kg/images/014/806/575/62c28febca7aeee348e30232e560ca78.jpeg | https://turbo.kg/images/014/806/576/c5015b9c210fdc58373e6c451f0a0f74.jpeg | https://turbo.kg/images/014/806/577/48f8dfd4faca02419a164451c3cead5d.jpeg | https://turbo.kg/images/014/806/578/0ff299c3a07c415645fdba504fb1da0b.jpeg | https://turbo.kg/images/014/806/579/2a849fb9333907a53324650a72220cc4.jpeg | https://turbo.kg/images/014/806/580/a44c402dace796fabe490448727d2461.jpeg | https://turbo.kg/images/014/806/581/0ae9c1e41d49e231df6eb74e28d3f352.jpeg
https://turbo.kg/cars/J8khXT5b,"BMW X5 III (F15) 30d 3.0, 2017",2097000,2017.0,215000.0,https://turbo.kg/images/014/806/559/423e2803715e4c635e7c7f71a154607c-thumb.jpg,11.0,2026-04-14T23:25:05+06:00,,2017,04KG055BMW,3.0 л / дизель,,автомат,,внедорожник 5 дв.,,в наличии,рассмотрю варианты,,полный,215000 км,,,,Бишкек,слева,хорошее,растаможен,,Кыргызстан,белый,2097000.0,https://turbo.kg/images/014/806/559/423e2803715e4c635e7c7f71a154607c.jpeg | https://turbo.kg/images/014/806/560/ed26697f514c32092517e3ff9fdec8bc.jpeg | https://turbo.kg/images/014/806/561/d62158c02ba94ad3c6c042390064b224.jpeg | https://turbo.kg/images/014/806/562/f7792818fa1b648529b9e35b9c2c06f8.jpeg | https://turbo.kg/images/014/806/563/9ef562055f6db6e4cc4d61965dda298e.jpeg | https://turbo.kg/images/014/806/564/0490f2077bf0a5adb30b866690ad196c.jpeg | https://turbo.kg/images/014/806/565/a8f0a6570e68458b723a87605b199d4e.jpeg | https://turbo.kg/images/014/806/566/99a387131b2eff28037168995859c4e0.jpeg | https://turbo.kg/images/014/806/567/cfa3331b1900b50f8e266dbc33b0ba5b.jpeg | https://turbo.kg/images/014/806/568/ca97a62b5447c8778f790c56a05ee88d.jpeg | https://turbo.kg/images/014/806/569/487f07eced438642a4fe88100b2852a2.jpeg
https://turbo.kg/cars/Ou7e4KSU,"BMW X5 I (E53) Рестайлинг 4.4, 2005",961000,2005.0,240000.0,https://turbo.kg/images/014/806/463/914f1164913950137b698dedb0f1e540-thumb.jpg,9.0,2026-04-14T21:15:07+06:00,,2005,,4.4 л / бензин,,автомат,,внедорожник 5 дв.,,в наличии,рассмотрю варианты,,полный,240000 км,,техосмотр пройден,,"Ош, Ошская область",слева,идеальное,растаможен,,Кыргызстан,серый,961000.0,https://turbo.kg/images/014/806/463/914f1164913950137b698dedb0f1e540.jpeg | https://turbo.kg/images/014/806/464/d903fcb211d48ae9071412806a5237a2.jpeg | https://turbo.kg/images/014/806/465/d12e877f0c9e56d3b942d433dae17392.jpeg | https://turbo.kg/images/014/806/466/ea56dc243cff69023576c77a359345e8.jpeg | https://turbo.kg/images/014/806/467/8714e44d742ca32c66a713f498541b9a.jpeg | https://turbo.kg/images/014/806/468/6ea8ebd163b1e570ad543cf96e5f408f.jpeg | https://turbo.kg/images/014/806/469/44de8476e2fa5453d152789ba04c8ead.jpeg | https://turbo.kg/images/014/806/470/f11a40a6c49dc4ae9099920aa43d2898.jpeg | https://turbo.kg/images/014/806/471/1a9e7473887bf18942842bfdee796d1b.jpeg
https://turbo.kg/cars/JAmbXAoN,"Ford Focus III 1.6, 2013",380000,2013.0,220000.0,https://turbo.kg/images/014/806/460/1fd0000259b7f96b60b9ab1ebdeb6065-thumb.jpg,5.0,2026-04-14T20:50:06+06:00,,2013,02KG365ADO,1.6 л / бензин,,робот,,седан,,в наличии,обмен не предлагать,,передний,220000 км,,налог уплачен,,"Ош, Ошская область",слева,хорошее,растаможен,,Кыргызстан,серый,380000.0,https://turbo.kg/images/014/806/460/1fd0000259b7f96b60b9ab1ebdeb6065.jpeg | https://turbo.kg/images/014/806/458/ff076a38d57c54f694597c7c594e144c.jpeg | https://turbo.kg/images/014/806/459/bbc05096c5afca653ea9d0c8d951e8e7.jpeg | https://turbo.kg/images/014/806/461/f9fde1fcc51afdd182e83a4b36214d95.jpeg | https://turbo.kg/images/014/806/462/2c5c34acb8f498d5c0a4a096ed3956a6.jpeg
https://turbo.kg/cars/YRk6Vqq1,"Daewoo Nexia I Рестайлинг 1.5, 2012",170000,2012.0,360000.0,https://turbo.kg/images/014/806/449/b89ed63eb2405751fbd7596e336afb88-thumb.jpg,9.0,2026-04-14T20:45:05+06:00,,2012,,1.5 л / бензин,,механика,,седан,,в наличии,рассмотрю варианты,,передний,360000 км,,"техосмотр пройден, налог уплачен",,"Ош, Ошская область",слева,хорошее,растаможен,,Кыргызстан,серебристый,170000.0,https://turbo.kg/images/014/806/449/b89ed63eb2405751fbd7596e336afb88.jpeg | https://turbo.kg/images/014/806/450/c751eee23b3631e4f7f6301b8a5a58c9.jpeg | https://turbo.kg/images/014/806/451/67f39c2bcb78c2a3e50836810124df2b.jpeg | https://turbo.kg/images/014/806/452/a78aab5968dfa5be034d6da0bb5bc6f0.jpeg | https://turbo.kg/images/014/806/453/2c4c156fde01f1dac988eca221d85e30.jpeg | https://turbo.kg/images/014/806/454/cf2ff9d24a29b15fecac53a7aed2712e.jpeg | https://turbo.kg/images/014/806/455/3cab5610fcb31e150e4bc067738a3f16.jpeg | https://turbo.kg/images/014/806/456/d172a0a1ff7a259fb4cd113330667304.jpeg | https://turbo.kg/images/014/806/457/b42a7703ccf909003905206bf8b77479.jpeg
https://turbo.kg/cars/nkw3IuTZ,"BMW X7 I (G07) 40i 3.0, 2019",4457000,2019.0,160000.0,https://turbo.kg/images/014/806/417/4e415f7998f2d76f6470ee2d2331de1b-thumb.jpg,9.0,2026-04-14T20:20:05+06:00,,2019,,3.0 л / бензин,,автомат,,внедорожник 5 дв.,,в наличии,рассмотрю варианты,,полный,160000 км,,,,Бишкек,слева,идеальное,растаможен,,Кыргызстан,белый,4457000.0,https://turbo.kg/images/014/806/417/4e415f7998f2d76f6470ee2d2331de1b.jpeg | https://turbo.kg/images/014/806/418/eba209df869ce478674b113be9eefca7.jpeg | https://turbo.kg/images/014/806/419/2cfbfdd0fa330fa369dcdffe652dcd5c.jpeg | https://turbo.kg/images/014/806/420/54fcdfc7f6684624f4d8dcf62878cf89.jpeg | https://turbo.kg/images/014/806/421/bac306e3b3910350ed46770de59f7c2e.jpeg | https://turbo.kg/images/014/806/422/6afa1bb22bdb420e7313b2f71be138f0.jpeg | https://turbo.kg/images/014/806/423/dc77ad4c00eb6af9903b7464d2bfac29.jpeg | https://turbo.kg/images/014/806/424/fb2f1b43ff14bf143936a966f56961ac.jpeg | https://turbo.kg/images/014/806/425/0e7187c7556435c5f1b6d63220995171.jpeg
https://turbo.kg/cars/eEYnlW5E,"Skoda Kamiq I (China Market) 1.5, 2025",1486000,2025.0,30.0,https://turbo.kg/images/014/806/372/24c4da33eff198cd4c93fe58e921908d-thumb.jpg,2.0,2026-04-14T19:35:05+06:00,,2025,,1.5 л / бензин,,автомат,,внедорожник 5 дв.,,в наличии,,,передний,30 км,,,,Бишкек,слева,хорошее,растаможен,,Кыргызстан,белый,1486000.0,https://turbo.kg/images/014/806/372/24c4da33eff198cd4c93fe58e921908d.jpeg | https://turbo.kg/images/014/806/373/aa96e56b59db6f342f48ce14e907d411.jpeg
https://turbo.kg/cars/FQNcNmse,"BMW X7 I (G07) M50i 4.4, 2020",4675000,2020.0,,https://turbo.kg/images/014/806/349/1fc54c9804045a428682fdcbebfdb6cc-thumb.jpg,,,,,,,,,,,,,,,,,,,,,,,,,,,,
https://turbo.kg/cars/vjuwI9qV,"Toyota Yaris DJ/DL 1.5, 2017",770000,2017.0,240000.0,https://turbo.kg/images/014/806/181/1d26be71d3e5872a095d946191badbf2-thumb.jpg,3.0,2026-04-14T13:30:05+06:00,,2017,,1.5 л / бензин,,автомат,,седан,,в наличии,,,передний,240000 км,,,,Бишкек,слева,хорошее,растаможен,,Кыргызстан,синий,770000.0,https://turbo.kg/images/014/806/181/1d26be71d3e5872a095d946191badbf2.jpeg | https://turbo.kg/images/014/806/182/dc5b9e01935714d3734c72c0fdad14e0.jpeg | https://turbo.kg/images/014/806/183/3d0c55fd55c2affcaff040e50e280a58.jpeg
https://turbo.kg/cars/B54dm3TB,"BMW X5 IV (G05/G18) M50i 4.4, 2021",4544000,2021.0,70000.0,https://turbo.kg/images/014/806/059/4335d1e40f4b5b8ca354ff06d17d4f86-thumb.jpg,12.0,2026-04-14T01:00:05+06:00,,2021,,4.4 л / бензин,,автомат,,внедорожник 5 дв.,,в пути,,,полный,70000 км,,,,Южная Корея,слева,идеальное,не растаможен,,Не стоит на учёте,белый,4544000.0,https://turbo.kg/images/014/806/059/4335d1e40f4b5b8ca354ff06d17d4f86.jpeg | https://turbo.kg/images/014/806/060/a1fe95711dca2152c2f7a6b05647cd3c.jpeg | https://turbo.kg/images/014/806/061/8e0533d1694d0e8674ca08868af7f1e3.jpeg | https://turbo.kg/images/014/806/062/ff905b08d848abe3d1f9ef3a892a55e7.jpeg | https://turbo.kg/images/014/806/063/903ddc7457df864ad43d047eecdd5f25.jpeg | https://turbo.kg/images/014/806/064/6781e4a0c714f29cadea4962b8c2ff27.jpeg | https://turbo.kg/images/014/806/065/6dfcf22cd51d0774cad9a2588573fda6.jpeg | https://turbo.kg/images/014/806/066/aa76ac2883a512b47b654dcd35bb1058.jpeg | https://turbo.kg/images/014/806/067/ae079b97afa862de24a31e9ec2171cec.jpeg | https://turbo.kg/images/014/806/068/17f16c98d49f5326d05302748058fced.jpeg | https://turbo.kg/images/014/806/069/ee245908aa37b349c478b213730605dc.jpeg | https://turbo.kg/images/014/806/070/c762e50f3e635ea11b5bf6004fbe861d.jpeg
https://turbo.kg/cars/7RTeYzxM,"Subaru Outback VI Touring XT 2.4, 2021",1905000,2021.0,78000.0,https://turbo.kg/images/014/806/043/2f76f3a993c4357b167a3b6ef8ad5028-thumb.jpg,8.0,2026-04-13T23:45:05+06:00,4S4**************,2021,,2.4 л / бензин,,вариатор,,универсал,,в наличии,рассмотрю варианты,,полный,78000 км,,,,"Манас (Джалал-Абад), Джалал-Абадская область",слева,идеальное,растаможен,,Кыргызстан,серый,1905000.0,https://turbo.kg/images/014/806/043/2f76f3a993c4357b167a3b6ef8ad5028.jpeg | https://turbo.kg/images/014/806/044/a756cfbf573897137d06a050901de68f.jpeg | https://turbo.kg/images/014/806/045/574e9627a2da29bc16745da774a52320.jpeg | https://turbo.kg/images/014/806/046/25f8887ce14c225cd6ad3b9b8a337e21.jpeg | https://turbo.kg/images/014/806/047/0973870427c06a001fc5a59a195bf829.jpeg | https://turbo.kg/images/014/806/048/7fe4777ba3f77258b73c164b5f4e9a63.jpeg | https://turbo.kg/images/014/806/049/f783df66bedf13b096e751bff819c08f.jpeg | https://turbo.kg/images/014/806/050/ddbf39e5454367ce6adf813a075724c3.jpeg
https://turbo.kg/cars/LJ9dOemM,"Mercedes-Benz S-Класс V (W221) Рестайлинг 500 5.5, 2009",1529000,2009.0,100000.0,https://turbo.kg/images/014/806/024/b91119c0434e8d7915d0abbb879df3ef-thumb.jpg,7.0,2026-04-13T23:10:05+06:00,,2009,,5.5 л / бензин,,автомат,,седан,,в наличии,обмен не предлагать,,задний,100000 км,,вложений не требует,,Бишкек,слева,идеальное,растаможен,,Кыргызстан,белый,1529000.0,https://turbo.kg/images/014/806/024/b91119c0434e8d7915d0abbb879df3ef.jpeg | https://turbo.kg/images/014/806/025/558a0209dd7a4e0e5ce73b5034387556.jpeg | https://turbo.kg/images/014/806/026/7aa205794e81b04779a677939567e467.jpeg | https://turbo.kg/images/014/806/027/81e81dbad49136d028fecc69b156a9b7.jpeg | https://turbo.kg/images/014/806/028/539bb6c26a551e1340fc2acd6535adfd.jpeg | https://turbo.kg/images/014/806/029/4c6734804454a0724ceaf488c641b849.jpeg | https://turbo.kg/images/014/806/030/f1b3d6752fc51049669ce678980a9584.jpeg
https://turbo.kg/cars/JR2v3Ovr,"Mitsubishi L200 V Рестайлинг 2.4, 2023",2884000,2023.0,42000.0,https://turbo.kg/images/014/805/992/f37f37abc2fa3b95b272aef066c33f50-thumb.jpg,10.0,2026-04-13T21:00:06+06:00,,2023,,2.4 л / бензин,,механика,,пикап двойная кабина,,в наличии,обмен не предлагать,,полный,42000 км,,"свежепригнан, налог уплачен, техосмотр пройден, вложений не требует",есть,Бишкек,слева,идеальное,растаможен,,Кыргызстан,белый,2884000.0,https://turbo.kg/images/014/805/992/f37f37abc2fa3b95b272aef066c33f50.jpeg | https://turbo.kg/images/014/805/993/d95d3bac4b63cbeaf54e12f005ddcab4.jpeg | https://turbo.kg/images/014/805/994/a95c91e87dee7f6292b8e8935d5abeb2.jpeg | https://turbo.kg/images/014/805/995/2a3a5376705fa9fd9cc6c092ac9b476d.jpeg | https://turbo.kg/images/014/805/996/9f939eece79a6f6235efd13cc67f1145.jpeg | https://turbo.kg/images/014/805/997/cde691abc52ae9e5db3393fde61fdeec.jpeg | https://turbo.kg/images/014/805/998/700d2291efa84971cc8c49149502fa82.jpeg | https://turbo.kg/images/014/805/999/a631ae4fb87e18cbdbd1d1d0d0fece50.jpeg | https://turbo.kg/images/014/806/000/65f46c0c3a9ea771962e2de484ef5ab6.jpeg | https://turbo.kg/images/014/806/001/1dd86a548469e43dbe21da9efa1a006e.jpeg
https://turbo.kg/cars/oJvffEtW,"Kia K3 II 1.6, 2020",988000,2020.0,154000.0,https://turbo.kg/images/014/805/987/2b09eeecc0747f879b02422b6a601989-thumb.jpg,5.0,2026-04-13T20:50:05+06:00,,2020,,1.6 л / бензин,,робот,,седан,,в наличии,рассмотрю варианты,,передний,154000 км,,вложений не требует,,Бишкек,слева,хорошее,растаможен,,Кыргызстан,серый,988000.0,https://turbo.kg/images/014/805/987/2b09eeecc0747f879b02422b6a601989.jpeg | https://turbo.kg/images/014/805/988/8d586707962ee7b865df0af2a489e851.jpeg | https://turbo.kg/images/014/805/989/421c85e2366582566df08613239e7b3e.jpeg | https://turbo.kg/images/014/805/990/a0b0341808334f996ece06e006cd1da9.jpeg | https://turbo.kg/images/014/805/991/4101a80409ce7338ed2d018e44e07ea4.jpeg
https://turbo.kg/cars/2cuaopGS,"Geely Emgrand EV electro at (41 кВт), 2021",594000,2021.0,120000.0,https://turbo.kg/images/014/805/976/d02e17ab73b7766ba02a2b24f1816b27-thumb.jpg,10.0,2026-04-13T20:40:06+06:00,,2021,,129 л.с. / 95 кВт / электро,,автомат,,седан,,в наличии,,,передний,120000 км,,,,Бишкек,слева,хорошее,растаможен,,Кыргызстан,белый,594000.0,https://turbo.kg/images/014/805/976/d02e17ab73b7766ba02a2b24f1816b27.jpeg | https://turbo.kg/images/014/805/977/d692809e8630b449f7e87c6f13d188a8.jpeg | https://turbo.kg/images/014/805/978/06106bae40d97f69a120cffccb2df5ac.jpeg | https://turbo.kg/images/014/805/979/09c92b0dfb34ab067b1d5ac68f67b57d.jpeg | https://turbo.kg/images/014/805/980/480fd37cbedd3243fed4b42d67fb0611.jpeg | https://turbo.kg/images/014/805/981/f4d6960b1c811fb7103ce4d737dc2d82.jpeg | https://turbo.kg/images/014/805/982/37e687c72f1a65f60e417c5c3eeb27ba.jpeg | https://turbo.kg/images/014/805/983/1946df0980f82c1afddfdd3b8f16a758.jpeg | https://turbo.kg/images/014/805/984/3e1797cd1ed9827edb37b0b065dddd5d.jpeg | https://turbo.kg/images/014/805/986/8a7d50c5b0c88f63d76782e9a4405ab7.jpeg
https://turbo.kg/cars/DcDlKUYe,"Hyundai Palisade I 3.8, 2019",2840000,2019.0,173000.0,https://turbo.kg/images/014/805/926/9cb9f83d5a57aa8880ad116b74bdf3e5-thumb.jpg,12.0,2026-04-13T19:30:05+06:00,,2019,,3.8 л / бензин,,автомат,,внедорожник 5 дв.,,в наличии,,,полный,173000 км,,,есть,Бишкек,слева,идеальное,растаможен,,Кыргызстан,белый,2840000.0,https://turbo.kg/images/014/805/926/9cb9f83d5a57aa8880ad116b74bdf3e5.jpeg | https://turbo.kg/images/014/805/927/fc7e83323315a1f31ff745c72cce157d.jpeg | https://turbo.kg/images/014/805/928/463b7c05f47c14a9c916b56f3081c387.jpeg | https://turbo.kg/images/014/805/929/5369dccb22c8d21dfea42b9bb536d33f.jpeg | https://turbo.kg/images/014/805/930/11d93a8a341791a9f5591d323e826ac7.jpeg | https://turbo.kg/images/014/805/931/914520f9ab9b4e868351bd3cdc8b0fb4.jpeg | https://turbo.kg/images/014/805/932/6267f07df12849cdbd4259aac9f794e6.jpeg | https://turbo.kg/images/014/805/933/b4378dcde65a239f4e47470aa33ab62f.jpeg | https://turbo.kg/images/014/805/934/0f74b93a8c1fe57e499aefa760433114.jpeg | https://turbo.kg/images/014/805/935/bd107b4c0acaa4ee6ae4e0c087cfbfb0.jpeg | https://turbo.kg/images/014/805/936/eaf4b79bdab55e23c83f5d5234e09c7a.jpeg | https://turbo.kg/images/014/805/937/b1f18cd0bff8dee7cfb853e4d18bb131.jpeg
https://turbo.kg/cars/cKyHOMEV,"Toyota Camry VIII (XV70) 2.5, 2018",1390000,2018.0,157000.0,https://turbo.kg/images/014/805/911/e0c8f497cc661eeb31f4c436d364d0e4-thumb.jpg,8.0,2026-04-13T19:20:05+06:00,,2018,,2.5 л / бензин,,автомат,,седан,,в наличии,,,передний,157000 км,,,,Бишкек,слева,хорошее,растаможен,,Кыргызстан,черный,1390000.0,https://turbo.kg/images/014/805/911/e0c8f497cc661eeb31f4c436d364d0e4.jpeg | https://turbo.kg/images/014/805/912/7e3d0df98ed68a9e25f32b29f37a6bdd.jpeg | https://turbo.kg/images/014/805/913/effe6d04404c133e231523b91ed9c38a.jpeg | https://turbo.kg/images/014/805/914/4c040ca9fa201a1dc480579d90d438a0.jpeg | https://turbo.kg/images/014/805/915/f24485bae1e1cc4a131e65ef90534c9f.jpeg | https://turbo.kg/images/014/805/916/2e034f97945be9bbf4c11ac0182934ec.jpeg | https://turbo.kg/images/014/805/917/387ff4aad810a3842e3ac612c701c17a.jpeg | https://turbo.kg/images/014/805/918/0ee3858006a214ab257e405517b4414e.jpeg
https://turbo.kg/cars/7BZtqjux,"Changan Qiyuan Q05 II Electro AT (210 кВт), 2026",1250000,2026.0,44.0,https://turbo.kg/images/014/805/886/ebf96cd2ab1617c9b8cb67dd021aafd8-thumb.jpg,12.0,2026-04-13T18:30:06+06:00,,2026,,163 л.с. / 120 кВт / электро,,автомат,,внедорожник 5 дв.,,в наличии,,,передний,44 км,,,,Бишкек,слева,новое,растаможен,,Кыргызстан,белый,1250000.0,https://turbo.kg/images/014/805/886/ebf96cd2ab1617c9b8cb67dd021aafd8.jpeg | https://turbo.kg/images/014/805/887/e1991451ce292394c9b0b00214c37b8d.jpeg | https://turbo.kg/images/014/805/888/6814efdbda83596b7b5e8b1535ce4f37.jpeg | https://turbo.kg/images/014/805/889/20a11dd8389da77a33abb2a80a545111.jpeg | https://turbo.kg/images/014/805/890/807d181cf5c8736392e46dbd87806734.jpeg | https://turbo.kg/images/014/805/891/b81f540f54ef62ae5878bfa2d36b87d7.jpeg | https://turbo.kg/images/014/805/892/025a08a99be2b310f6009cd53e47a044.jpeg | https://turbo.kg/images/014/805/893/d29f311200c3a231dc93c3e6092bfea4.jpeg | https://turbo.kg/images/014/805/894/3f6b0e64faa50c70ee0e1c3ff13b1194.jpeg | https://turbo.kg/images/014/805/895/4674678ff286400795ac7f42d0334d0c.jpeg | https://turbo.kg/images/014/805/896/3fc888aa16974496d45fceecd02fceb5.jpeg | https://turbo.kg/images/014/805/897/fa05e77f5f1eaa2924fdec1556cd1338.jpeg
https://turbo.kg/cars/Y1O9QDMX,"BMW X5 IV (G05/G18) M50i 4.4, 2020",5418000,2020.0,85000.0,https://turbo.kg/images/014/805/858/06c424cbd2d54c907709d158cf70b5f4-thumb.jpg,11.0,2026-04-13T18:20:06+06:00,,2020,08KG888KFF,4.4 л / бензин,,автомат,,внедорожник 5 дв.,,в наличии,обмен не предлагать,,полный,85000 км,,"налог уплачен, техосмотр пройден, вложений не требует",,Бишкек,слева,идеальное,растаможен,,Кыргызстан,белый,5418000.0,https://turbo.kg/images/014/805/858/06c424cbd2d54c907709d158cf70b5f4.jpeg | https://turbo.kg/images/014/805/859/10cfc068e7384d9695e2c020ffed41e1.jpeg | https://turbo.kg/images/014/805/860/bb8139fe7532b2794845c80e0f2e1aa1.jpeg | https://turbo.kg/images/014/805/861/754fa590722c1dd307ff3a3164d99711.jpeg | https://turbo.kg/images/014/805/862/3d933ec1b6501cc2ca63a5bfe77d3d83.jpeg | https://turbo.kg/images/014/805/863/0237e6a677f7867761eea7bdb468cd36.jpeg | https://turbo.kg/images/014/805/864/e1536776d33e128ef102688663f07b69.jpeg | https://turbo.kg/images/014/805/865/2955f7055dbd8089979dfecb1874e679.jpeg | https://turbo.kg/images/014/805/866/9060613f97db58fdf4b0c552a91289ee.jpeg | https://turbo.kg/images/014/805/867/46abcc7de9c1542d4f052112eafa4dbe.jpeg | https://turbo.kg/images/014/805/868/094664c4a4a730a3940afe94aca4f408.jpeg
https://turbo.kg/cars/9bXbo6tL,"Lexus RX II Рестайлинг 350 3.5, 2008",1267000,2008.0,,https://turbo.kg/images/014/806/341/f9cad27d22a6869b06341965faedb681-thumb.jpg,,,,,,,,,,,,,,,,,,,,,,,,,,,,
https://turbo.kg/cars/6Kc13BSd,"Subaru Forester IV Рестайлинг 2 2.5, 2017",1092000,2017.0,181656.0,https://turbo.kg/images/014/805/567/51bc27d8ae91cc4fefe0939c523f7a9a-thumb.jpg,5.0,2026-04-13T12:30:06+06:00,,2017,04KG758AJF,2.5 л / бензин,,вариатор,,внедорожник 5 дв.,,в наличии,,,полный,181656 км,,,,Бишкек,слева,хорошее,растаможен,,Кыргызстан,черный,1092000.0,https://turbo.kg/images/014/805/567/51bc27d8ae91cc4fefe0939c523f7a9a.jpeg | https://turbo.kg/images/014/805/568/69e3f989f63a1fc8900ce6bad74c284d.jpeg | https://turbo.kg/images/014/805/569/2b2e7f9df1ceb143082f30befa4bb7d7.jpeg | https://turbo.kg/images/014/805/570/f40b656ccbdc92697eb5959eae09217e.jpeg | https://turbo.kg/images/014/805/571/9e3dfaf8018b6bd42cb17aa9e1e4a5f8.jpeg
https://turbo.kg/cars/oq1teZ1C,"Hyundai Santa Fe IV 2.0, 2019",1398000,2019.0,75000.0,https://turbo.kg/images/014/805/550/eff4c3c7e78b349d23652327d9c188e0-thumb.jpg,9.0,2026-04-13T12:10:05+06:00,,2019,,2.0 л / дизель,,автомат,,внедорожник 5 дв.,,в наличии,с доплатой покупателя,,передний,75000 км,,свежепригнан,есть,Бишкек,слева,хорошее,растаможен,,Кыргызстан,белый,1398000.0,https://turbo.kg/images/014/805/550/eff4c3c7e78b349d23652327d9c188e0.jpeg | https://turbo.kg/images/014/805/551/f51cea79938bc86da9e4ff9897c0d61d.jpeg | https://turbo.kg/images/014/805/552/ea14a673e6c396494d4bb95157ec5177.jpeg | https://turbo.kg/images/014/805/553/c66556f126a929e8d40aee09d00f5ee7.jpeg | https://turbo.kg/images/014/805/554/2668f6f939ac44c5fcff74ee48eb2a11.jpeg | https://turbo.kg/images/014/805/555/170f97ac562ad53fc29fc35f0ac3ad61.jpeg | https://turbo.kg/images/014/805/556/ab926e9b873392e4a142971cfe3702e9.jpeg | https://turbo.kg/images/014/805/557/df98438f967131ae1d2f52bab12a307b.jpeg | https://turbo.kg/images/014/805/558/c0eb0c479c953b500b1993c6bb277a4d.jpeg
https://turbo.kg/cars/4Y6DRUjo,"Kia Sportage V 2.0, 2021",1634000,2021.0,127000.0,https://turbo.kg/images/014/805/532/01435d4b96caaefdf7cb579f28ba4548-thumb.jpg,8.0,2026-04-13T11:45:06+06:00,,2021,,2.0 л / дизель,,автомат,,внедорожник 5 дв.,,в наличии,обмен не предлагать,,передний,127000 км,,,,Бишкек,слева,идеальное,растаможен,,Кыргызстан,серый,1634000.0,https://turbo.kg/images/014/805/532/01435d4b96caaefdf7cb579f28ba4548.jpeg | https://turbo.kg/images/014/805/533/4e23121dabaab937fdee78ef9dda5990.jpeg | https://turbo.kg/images/014/805/534/5388d9aa3cae21e36d4fb1bb3136a44e.jpeg | https://turbo.kg/images/014/805/535/2f693154c574127e56f4f6c933e249e6.jpeg | https://turbo.kg/images/014/805/536/cd6a605cc5be2a52db7a9bfe4a9a6d70.jpeg | https://turbo.kg/images/014/805/537/4a0d141b83bb63f07409c7be63d78a1f.jpeg | https://turbo.kg/images/014/805/538/570e368854c00162b0747487ab01b47c.jpeg | https://turbo.kg/images/014/805/539/df2dcaf08b12fbfaf678ca0132360048.jpeg
https://turbo.kg/cars/d8FqMm5B,"Hyundai Sonata VII (LF) Рестайлинг 2.0, 2019",944000,2019.0,278000.0,https://turbo.kg/images/014/805/323/014ee49098762b47fda02213346ac884-thumb.jpg,10.0,2026-04-12T22:55:06+06:00,KMH**************,2019,,2.0 л / газ,,автомат,,седан,,в наличии,рассмотрю варианты,,передний,278000 км,,свежепригнан,,Бишкек,слева,хорошее,растаможен,,Не стоит на учёте,белый,944000.0,https://turbo.kg/images/014/805/323/014ee49098762b47fda02213346ac884.jpeg | https://turbo.kg/images/014/805/324/5bf6af247822d0db2611f8a7f63b5e0e.jpeg | https://turbo.kg/images/014/805/325/db8a006121c7ad7178c76b4c9819fb10.jpeg | https://turbo.kg/images/014/805/326/871c2d07884b0bc8e1b4f6f7a024f056.jpeg | https://turbo.kg/images/014/805/327/48fedc995313fa9c5ab8e828d572be5a.jpeg | https://turbo.kg/images/014/805/328/b8c24f0af06369baf46be0c445e87a59.jpeg | https://turbo.kg/images/014/805/329/333aeac9bc785f39860facbd02f7f515.jpeg | https://turbo.kg/images/014/805/330/86bcf4621ff2a194aa388fec9175b7ac.jpeg | https://turbo.kg/images/014/805/331/3c464461f375a42cc347d720e1478edb.jpeg | https://turbo.kg/images/014/805/332/2c5bd6b19d51aa64bc9c7f1c5dbd3d78.jpeg
https://turbo.kg/cars/z4XrRtNn,"Toyota Levin XII (E210) Рестайлинг 1.8, 2023",1031000,2023.0,132000.0,https://turbo.kg/images/014/805/278/eefc7455dd5e6de7a2b8801e0c2ed35c-thumb.jpg,9.0,2026-04-12T21:45:06+06:00,,2023,,1.8 л / гибрид,,вариатор,,седан,,в наличии,обмен не предлагать,,передний,132000 км,,свежепригнан,,Бишкек,слева,хорошее,растаможен,,Не стоит на учёте,белый,1031000.0,https://turbo.kg/images/014/805/278/eefc7455dd5e6de7a2b8801e0c2ed35c.jpeg | https://turbo.kg/images/014/805/279/315ef692b4ad4abdb197b240cad339ad.jpeg | https://turbo.kg/images/014/805/280/d03a2ae559dd4aa351bacbe10cf1832c.jpeg | https://turbo.kg/images/014/805/281/15d1aa1bd48686ce2a7513e3120b5995.jpeg | https://turbo.kg/images/014/805/282/d2588199fac920e10379e095e154d06d.jpeg | https://turbo.kg/images/014/805/283/897f0774103e8790bee708897494be09.jpeg | https://turbo.kg/images/014/805/284/eb50aa9d9e51ebc7ae28606ec6b749f1.jpeg | https://turbo.kg/images/014/805/285/c86c4e3937aa1a99a2cf553e05fbdd5a.jpeg | https://turbo.kg/images/014/805/286/fe1a55c664cae5d81182f847ae3b00c1.jpeg
https://turbo.kg/cars/TLbr7JXd,"Lexus RX II 330 3.3, 2004",1049000,2004.0,270000.0,https://turbo.kg/images/014/805/264/15db15d6f72750856e87ec04c050cef9-thumb.jpg,11.0,2026-04-12T21:25:06+06:00,,2004,O33ABA,3.3 л / бензин,,автомат,,внедорожник 5 дв.,,в наличии,рассмотрю варианты,,полный,270000 км,,,,Бишкек,слева,хорошее,растаможен,,Кыргызстан,серый,1049000.0,https://turbo.kg/images/014/805/264/15db15d6f72750856e87ec04c050cef9.jpeg | https://turbo.kg/images/014/805/265/8eadece4db086ed5470e3fa3cf4d3745.jpeg | https://turbo.kg/images/014/805/266/fb0e67ede0844605c23b33a9a17d40d3.jpeg | https://turbo.kg/images/014/805/267/87f532e88633d630df0671868899eff4.jpeg | https://turbo.kg/images/014/805/268/8f2c2d23718021ba74c59a4f7006bc87.jpeg | https://turbo.kg/images/014/805/269/825db7113e9b2dc01acbb0765d75a981.jpeg | https://turbo.kg/images/014/805/270/0d86b697a58aa6673412b055b62171d6.jpeg | https://turbo.kg/images/014/805/271/bcdd76936468140711217870c1c1a2ad.jpeg | https://turbo.kg/images/014/805/272/41bdb62a43bde988af0d91c984f30bdb.jpeg | https://turbo.kg/images/014/805/273/bcc4d974d046397ed1fb6eaf0976c4ac.jpeg | https://turbo.kg/images/014/805/274/1b6178dd66479ae7462a2cddb179f398.jpeg
https://turbo.kg/cars/vEByYK3I,"Kia K5 II Седан 2.0, 2019",1215000,2019.0,122000.0,https://turbo.kg/images/014/805/236/28377ba5f32bf583ef8d30fb49eed7b4-thumb.jpg,5.0,2026-04-12T20:40:06+06:00,,2019,,2.0 л / бензин,,автомат,,седан,,в наличии,обмен не предлагать,,передний,122000 км,,"свежепригнан, налог уплачен, техосмотр пройден, вложений не требует",,Бишкек,слева,идеальное,растаможен,,Кыргызстан,черный,1215000.0,https://turbo.kg/images/014/805/236/28377ba5f32bf583ef8d30fb49eed7b4.jpeg | https://turbo.kg/images/014/805/237/621e1b5aa759d1e554f873d39c867409.jpeg | https://turbo.kg/images/014/805/238/97147e7599db6e967447ae27bb74feea.jpeg | https://turbo.kg/images/014/805/239/36eadd1a3e81365a11614de74928f70a.jpeg | https://turbo.kg/images/014/805/240/a9166a6df8eb0603ece3ec961359d738.jpeg
https://turbo.kg/cars/qoGVFllw,"Lexus NX I Рестайлинг 300 2.0, 2019",2246000,2019.0,79000.0,https://turbo.kg/images/014/805/136/8a89db4510703e5db6a3aabc8309a474-thumb.jpg,8.0,2026-04-12T18:35:06+06:00,,2019,07KG979AAQ,2.0 л / бензин,,автомат,,внедорожник 5 дв.,,в наличии,,,полный,79000 км,,,,Бишкек,слева,идеальное,растаможен,,Кыргызстан,серый,2246000.0,https://turbo.kg/images/014/805/136/8a89db4510703e5db6a3aabc8309a474.jpeg | https://turbo.kg/images/014/805/137/5435a2e36ad6432da248d964cdd8b31c.jpeg | https://turbo.kg/images/014/805/138/a88d999565db8583b41175027b9b915b.jpeg | https://turbo.kg/images/014/805/139/1938e84293c752f81002db25478a6b89.jpeg | https://turbo.kg/images/014/805/140/83e337faebb63dc722bf050640b4b269.jpeg | https://turbo.kg/images/014/805/141/cbaf4f5f5347b69871b8a838df9409c7.jpeg | https://turbo.kg/images/014/805/142/d5445075aee34b4821e9400c16880270.jpeg | https://turbo.kg/images/014/805/143/1827d5830fca8171317f75a4a2db8539.jpeg
https://turbo.kg/cars/f2cmVAVH,"Hyundai Starex (H-1) II Рестайлинг 2 2.5, 2019",1092000,2019.0,255000.0,https://turbo.kg/images/014/805/092/d0f041608cb28b47d019020620473a12-thumb.jpg,10.0,2026-04-12T18:05:06+06:00,,2019,,2.5 л / дизель,,автомат,,фургон,,в наличии,,,задний,255000 км,,"свежепригнан, налог уплачен, техосмотр пройден, вложений не требует",,"Ош, Ошская область",слева,идеальное,растаможен,,Кыргызстан,серебристый,1092000.0,https://turbo.kg/images/014/805/092/d0f041608cb28b47d019020620473a12.jpeg | https://turbo.kg/images/014/805/093/b2469e95c94454b9ebd3437eb4d92a2b.jpeg | https://turbo.kg/images/014/805/094/b9cab658f3ef980e6df6033239aefcc6.jpeg | https://turbo.kg/images/014/805/095/7473da2ea47754b31164b8c45f7d547c.jpeg | https://turbo.kg/images/014/805/096/b3507e883d29e59eaeab2e8176632cef.jpeg | https://turbo.kg/images/014/805/097/440bfbe7cf28a78ad75ee3ac57425f6f.jpeg | https://turbo.kg/images/014/805/098/ab760f7faea85d8e56600ba1a6c7ddc8.jpeg | https://turbo.kg/images/014/805/099/26562cacce9e665e882d763e165a3d24.jpeg | https://turbo.kg/images/014/805/100/3d0b2acdf768a0229c11d1b44fe448ec.jpeg | https://turbo.kg/images/014/805/101/73569948c1ddab5333de15f8ca17064b.jpeg
https://turbo.kg/cars/BA2gVGDv,"Hongqi HS5 I 2.0, 2023",1791000,2023.0,100000.0,https://turbo.kg/images/014/805/033/46b0c4fe549791f7ad0e7c437c550865-thumb.jpg,2.0,2026-04-12T17:20:06+06:00,,2023,,2.0 л / бензин,,автомат,,внедорожник 5 дв.,,в наличии,,,полный,100000 км,,,,Бишкек,слева,новое,растаможен,,Кыргызстан,черный,1791000.0,https://turbo.kg/images/014/805/033/46b0c4fe549791f7ad0e7c437c550865.jpeg | https://turbo.kg/images/014/805/034/930906d640decc44c461ec4cec70f2b3.jpeg
https://turbo.kg/cars/0qmZG70a,"Kia K5 III Рестайлинг Седан 1.6, 2023",2753000,2023.0,12000.0,https://turbo.kg/images/014/804/916/8d402e805b787fc74bdb8e7821635eff-thumb.jpg,7.0,2026-04-12T12:10:05+06:00,,2023,08KG930AWN,1.6 л / бензин,,автомат,,седан,,в наличии,рассмотрю варианты,,передний,12000 км,,свежепригнан,,Бишкек,слева,идеальное,растаможен,,Кыргызстан,белый,2753000.0,https://turbo.kg/images/014/804/916/8d402e805b787fc74bdb8e7821635eff.jpeg | https://turbo.kg/images/014/804/917/14a236b98b585a5189e90430cf639ddc.jpeg | https://turbo.kg/images/014/804/918/f9f214f73258f84e754dd54a3f008e48.jpeg | https://turbo.kg/images/014/804/919/d854de6f45d9dbb71871d5fe2b90fec0.jpeg | https://turbo.kg/images/014/804/920/be219d80fee57386ba203339000a638f.jpeg | https://turbo.kg/images/014/804/921/0a07de6c9fb7027b18238d8e6d27e26a.jpeg | https://turbo.kg/images/014/804/922/1786d708a778ec26bf5add4ed1078981.jpeg
https://turbo.kg/cars/Bfmamsev,"Mazda Premacy I (CP) 1.8, 2002",380000,2002.0,440000.0,https://turbo.kg/images/014/804/911/ee1c81085a1c3e58ea84afee2fdfdc31-thumb.jpg,5.0,2026-04-12T12:00:05+06:00,,2002,06KG308AOJ,1.8 л / бензин,,механика,,компактвэн,,в наличии,,,передний,440000 км,,,,Бишкек,слева,хорошее,растаможен,,Кыргызстан,синий,380000.0,https://turbo.kg/images/014/804/911/ee1c81085a1c3e58ea84afee2fdfdc31.jpeg | https://turbo.kg/images/014/804/912/24f7e803d482591cba3332d34814a07f.jpeg | https://turbo.kg/images/014/804/913/6146d4b86b0957683a688c212864ce1e.jpeg | https://turbo.kg/images/014/804/914/a092a97c0c5ac23306c069ef85381707.jpeg | https://turbo.kg/images/014/804/915/b6114815110710613160526ed5aa88b5.jpeg
https://turbo.kg/cars/VxOtx9q4,"Ford Focus I Рестайлинг 1.6, 2004",320000,2004.0,270000.0,https://turbo.kg/images/014/804/905/ec83410eee3c69b86342295dd076649a-thumb.jpg,6.0,2026-04-12T11:55:05+06:00,,2004,B4119AH,1.6 л / бензин,,механика,,универсал,,в наличии,,,передний,270000 км,,,,Бишкек,слева,хорошее,растаможен,,Кыргызстан,серебристый,320000.0,https://turbo.kg/images/014/804/905/ec83410eee3c69b86342295dd076649a.jpeg | https://turbo.kg/images/014/804/906/7a13c8ac9e72e9a0c175f64017dfe381.jpeg | https://turbo.kg/images/014/804/907/33759478baca9aae5380f9a59cfb6319.jpeg | https://turbo.kg/images/014/804/908/f4906497d3b1b1d56f25aaaf68412a43.jpeg | https://turbo.kg/images/014/804/909/c5e79f1bbc15d3f60d50744b8ae7e070.jpeg | https://turbo.kg/images/014/804/910/eeb7c42e56daae5378167c5f59139d93.jpeg
https://turbo.kg/cars/PQlHsOUR,"Honda Civic VII 1.7, 2003",410000,2003.0,230000.0,https://turbo.kg/images/014/804/899/454480f321a6d3a1dbd10c779ca602e0-thumb.jpg,6.0,2026-04-12T11:50:07+06:00,,2003,08KG205ARQ,1.7 л / бензин,,автомат,,седан,,в наличии,,,передний,230000 км,,,,Бишкек,слева,хорошее,растаможен,,Кыргызстан,синий,410000.0,https://turbo.kg/images/014/804/899/454480f321a6d3a1dbd10c779ca602e0.jpeg | https://turbo.kg/images/014/804/900/e56c283fce4c4253c8651e5c6246db47.jpeg | https://turbo.kg/images/014/804/901/e5de18666fcd5376216211379033bb3f.jpeg | https://turbo.kg/images/014/804/902/52385ed91482071bcb15a49e90c63cf4.jpeg | https://turbo.kg/images/014/804/903/361594fabf536f60d8996d337dfa86b3.jpeg | https://turbo.kg/images/014/804/904/163d8906d2dc1f21043564efff4924e4.jpeg
https://turbo.kg/cars/ZTi7NsaK,"Toyota Ipsum II (M20) 2.4, 2003",682000,2003.0,225000.0,https://turbo.kg/images/014/804/876/e351a4b45829837458ba2bc5c92e5d21-thumb.jpg,11.0,2026-04-12T11:50:05+06:00,,2003,,2.4 л / бензин,,автомат,,компактвэн,,в наличии,,,полный,225000 км,,,,Бишкек,справа,идеальное,растаможен,,Кыргызстан,белый,682000.0,https://turbo.kg/images/014/804/876/e351a4b45829837458ba2bc5c92e5d21.jpeg | https://turbo.kg/images/014/804/877/a7beb19611220ee113e00e6a9118c97a.jpeg | https://turbo.kg/images/014/804/878/b20f427aa7eee872f40083f4543a10ff.jpeg | https://turbo.kg/images/014/804/879/e49fa8eeb9bc7f989522b9e651758c50.jpeg | https://turbo.kg/images/014/804/880/83afdae664d017573dd37449f0e34a1f.jpeg | https://turbo.kg/images/014/804/881/c09b3e09b5f9e1e953c448f2111a5125.jpeg | https://turbo.kg/images/014/804/882/3321178c46e95c36b5026045696e87f4.jpeg | https://turbo.kg/images/014/804/883/227f366e8516d80a4d7d374ed360f90a.jpeg | https://turbo.kg/images/014/804/884/701e383e85083a6656b472210f07d265.jpeg | https://turbo.kg/images/014/804/885/9acf39afae056a2f404d5624b1825047.jpeg | https://turbo.kg/images/014/804/886/a598e9e984bf16d4ba8420b7f6ddb56d.jpeg
https://turbo.kg/cars/JWHpUcya,"Volkswagen Passat B5 2.3, 1999",450000,1999.0,183358.0,https://turbo.kg/images/014/804/865/b3a0e15f41bb3589fef0965dcaffb83d-thumb.jpg,8.0,2026-04-12T11:45:05+06:00,,1999,,2.3 л / бензин,,автомат,,универсал,,в наличии,обмен не предлагать,,передний,183358 км,,вложений не требует,,Бишкек,слева,хорошее,растаможен,,Кыргызстан,бирюзовый,450000.0,https://turbo.kg/images/014/804/865/b3a0e15f41bb3589fef0965dcaffb83d.jpeg | https://turbo.kg/images/014/804/866/05d8f214d4e844625dbcc4d7c360ca39.jpeg | https://turbo.kg/images/014/804/867/5b4a9c282374e7abe86b35b353c88f5e.jpeg | https://turbo.kg/images/014/804/868/44af77d50b7f25449272c869250aba1b.jpeg | https://turbo.kg/images/014/804/869/d2a387c46aaeb34c7a1fe5273734d796.jpeg | https://turbo.kg/images/014/804/870/b7551a8ad2bff103080140a3fa32b737.jpeg | https://turbo.kg/images/014/804/871/5c1f3ddc8b0892d07a764b30fa416aaf.jpeg | https://turbo.kg/images/014/804/872/636adc59c1d6263ae55b4c9cc512e1c1.jpeg
https://turbo.kg/cars/fa6Et7Ya,"Toyota Land Cruiser Prado 120 Series 4.0, 2008",2054000,2008.0,265000.0,https://turbo.kg/images/014/804/845/e33135af1bdb29673e429241c672f3a1-thumb.jpg,10.0,2026-04-12T11:10:07+06:00,,2008,,4.0 л / бензин,,автомат,,внедорожник 5 дв.,,в наличии,рассмотрю варианты,,полный,265000 км,,,,Бишкек,слева,хорошее,растаможен,,Кыргызстан,черный,2054000.0,https://turbo.kg/images/014/804/845/e33135af1bdb29673e429241c672f3a1.jpeg | https://turbo.kg/images/014/804/846/dc77ee0a424c4b14082ad51edd974220.jpeg | https://turbo.kg/images/014/804/847/756f71179871ba35c36c1b7aaf5a4c19.jpeg | https://turbo.kg/images/014/804/848/656686da9bdf3d0d6ab35f4defdb1b2d.jpeg | https://turbo.kg/images/014/804/849/4d1c75eafe89f2c9ab907556717b805d.jpeg | https://turbo.kg/images/014/804/850/943e28b4d2793424f4757a4c1274e1af.jpeg | https://turbo.kg/images/014/804/851/534e1a929adc5ff4903b5ff00ea97348.jpeg | https://turbo.kg/images/014/804/852/ff7f39086733cb8befac2215784ce07a.jpeg | https://turbo.kg/images/014/804/853/b2cc185241e2776987e771c9480eb500.jpeg | https://turbo.kg/images/014/804/854/dd0c74cb762bdf918dc4ca2590436b99.jpeg
https://turbo.kg/cars/IVwS0aY8,"Mercedes-Benz C-Класс II (W203) 200 2.0, 2001",260000,2001.0,200000.0,https://turbo.kg/images/014/804/835/d9eb1ad7e9bbe8080cd097d9ef2d3463-thumb.jpg,10.0,2026-04-12T11:10:06+06:00,,2001,,2.0 л / бензин,,автомат,,седан,,в наличии,,,задний,200000 км,,,,Бишкек,слева,хорошее,растаможен,,Кыргызстан,серебристый,260000.0,https://turbo.kg/images/014/804/835/d9eb1ad7e9bbe8080cd097d9ef2d3463.jpeg | https://turbo.kg/images/014/804/836/127b718995b4eaa60633d5956a9192fb.jpeg | https://turbo.kg/images/014/804/837/e96478623dde3c00180ee684d5eccd81.jpeg | https://turbo.kg/images/014/804/838/b875e1658420ee89a7e5d143877ff954.jpeg | https://turbo.kg/images/014/804/839/2e2754f7a42e044eebdeb47e3cf4fcd7.jpeg | https://turbo.kg/images/014/804/840/9cb0d4bdfae2a6ff7b612f9d788d5d8b.jpeg | https://turbo.kg/images/014/804/841/6523b1303415fac64d40b436820db49e.jpeg | https://turbo.kg/images/014/804/842/82a3cc2b083d04edd6d1bf6e9d54629d.jpeg | https://turbo.kg/images/014/804/843/0c8507e8e62f84e68732e5ccfe50fe7a.jpeg | https://turbo.kg/images/014/804/844/ccf231f000396e4fe90a48be59ed2dd9.jpeg
https://turbo.kg/cars/D9DMdMo6,"Mercedes-Benz E-Класс II (W210, S210) 280 2.8, 1998",250000,1998.0,300000.0,https://turbo.kg/images/014/804/823/31cd03ba0b2ad2e34f50dd8ea2685c05-thumb.jpg,12.0,2026-04-12T11:00:06+06:00,,1998,08KG760ANC,2.8 л / бензин,,механика,,седан,,в наличии,обмен не предлагать,,задний,300000 км,,,есть,Бишкек,слева,хорошее,растаможен,,Кыргызстан,серебристый,250000.0,https://turbo.kg/images/014/804/823/31cd03ba0b2ad2e34f50dd8ea2685c05.jpeg | https://turbo.kg/images/014/804/824/e86e1bb6c7333c1aa3b6aed08d3610b4.jpeg | https://turbo.kg/images/014/804/825/66a48b26042c391c93caaf1684533067.jpeg | https://turbo.kg/images/014/804/826/e14b3ffc845fd36dca6e9f809092f5f3.jpeg | https://turbo.kg/images/014/804/827/843116c21028c9d6457857c53f626366.jpeg | https://turbo.kg/images/014/804/828/cc1f17a8e7362acab93e447be6205845.jpeg | https://turbo.kg/images/014/804/829/a5275a71acb61d00c22b0086ecd314dd.jpeg | https://turbo.kg/images/014/804/830/b2d78acf5132f75b5b515c0380ba19a3.jpeg | https://turbo.kg/images/014/804/831/5cd7c549ef2155152966d523539a2e0c.jpeg | https://turbo.kg/images/014/804/832/73ff50e52125170241fb088b85168166.jpeg | https://turbo.kg/images/014/804/833/66b0f97b4ce84f1f46bf7362924c45c0.jpeg | https://turbo.kg/images/014/804/834/cfdb8b68277f1c59a9b93f1a5d9b4d4d.jpeg
https://turbo.kg/cars/Y5f4TdjU,"Chevrolet Onix II 1.0, 2020",682000,2020.0,25000.0,https://turbo.kg/images/014/805/176/734d328d23221ec06c6971699dc582de-thumb.jpg,1.0,2026-04-11T19:00:08+06:00,,2020,,1.0 л / бензин,,автомат,,седан,,в наличии,обмен не предлагать,,передний,25000 км,,,есть,Бишкек,слева,хорошее,растаможен,,Кыргызстан,белый,682000.0,https://turbo.kg/images/014/805/176/734d328d23221ec06c6971699dc582de.jpeg
https://turbo.kg/cars/qjj6cjd0,"Honda CR-V II 2.0, 2003",730000,2003.0,85000.0,https://turbo.kg/images/014/804/647/89f39656170206977cc72efbfeaab798-thumb.jpg,7.0,2026-04-11T19:00:06+06:00,,2003,,2.0 л / бензин,,автомат,,внедорожник 5 дв.,,в наличии,обмен не предлагать,,передний,85000 км,,,есть,Бишкек,справа,хорошее,растаможен,,Кыргызстан,серебристый,730000.0,https://turbo.kg/images/014/804/647/89f39656170206977cc72efbfeaab798.jpeg | https://turbo.kg/images/014/804/648/e4e62e15fb380e9b096eacc0e8149a8f.jpeg | https://turbo.kg/images/014/804/649/8aaeff5854fe2e6083c67505ca123c9a.jpeg | https://turbo.kg/images/014/804/650/d37743ec41fb723928d4d0f4ab7679e0.jpeg | https://turbo.kg/images/014/804/651/36540d14f9391f78f246d6fda53111ac.jpeg | https://turbo.kg/images/014/804/652/3c20f6af0063446886a3a3373cee32bc.jpeg | https://turbo.kg/images/014/804/653/34aaedb37c5bf57f0e50a7f14fc1ebe9.jpeg
https://turbo.kg/cars/h7Ldjz69,"Honda Odyssey II 2.3, 2001",500000,2001.0,255500.0,https://turbo.kg/images/014/804/637/c3873f9cfcf150626639b0337358c77c-thumb.jpg,10.0,2026-04-11T18:55:06+06:00,,2001,08KG054AUJ,2.3 л / бензин,,автомат,,минивэн,,в наличии,рассмотрю варианты,,передний,255500 км,,,,Бишкек,справа,хорошее,растаможен,,Кыргызстан,белый,500000.0,https://turbo.kg/images/014/804/637/c3873f9cfcf150626639b0337358c77c.jpeg | https://turbo.kg/images/014/804/638/567a3933b5c111b458da80fd979a1a2d.jpeg | https://turbo.kg/images/014/804/639/3b40304173d4cc9fdbc4893b1a0d1b64.jpeg | https://turbo.kg/images/014/804/640/05ef828e85328a21ce26697aeb29f77c.jpeg | https://turbo.kg/images/014/804/641/fbe2e2ae219eaa4660e4bafba273cd1b.jpeg | https://turbo.kg/images/014/804/642/c7e409691464dcbc5b466168e627e48f.jpeg | https://turbo.kg/images/014/804/643/93599b93c9970f9db4dd51b14c39fb8b.jpeg | https://turbo.kg/images/014/804/644/79954694f042d6a1a9576ef18f8d293d.jpeg | https://turbo.kg/images/014/804/645/fccb0eb82bbe16240cc919986221e449.jpeg | https://turbo.kg/images/014/804/646/2ba7469b6806147f41ba4ab9577b5926.jpeg
https://turbo.kg/cars/XihlStMg,"Honda Odyssey II 2.3, 2002",500000,2002.0,240000.0,https://turbo.kg/images/014/804/625/19f874ed3cee474f8d5db4a15f5c20d0-thumb.jpg,6.0,2026-04-11T18:50:05+06:00,,2002,,2.3 л / бензин,,автомат,,минивэн,,в наличии,обмен не предлагать,,передний,240000 км,,,есть,Бишкек,справа,хорошее,растаможен,,Кыргызстан,белый,500000.0,https://turbo.kg/images/014/804/625/19f874ed3cee474f8d5db4a15f5c20d0.jpeg | https://turbo.kg/images/014/804/626/f89daa99e8d9e4603ef87bdc8bdb9243.jpeg | https://turbo.kg/images/014/804/627/2778239449d0be2efc791bc30c452456.jpeg | https://turbo.kg/images/014/804/628/4bc99019ea687d55369dd8b8081b88f3.jpeg | https://turbo.kg/images/014/804/629/07379f3bc2264a2d6b0cd93820ac4991.jpeg | https://turbo.kg/images/014/804/630/e28a8f2f90f3a12c6fd2f6d98197bd05.jpeg
https://turbo.kg/cars/o7nbN6YV,"Honda Odyssey II 2.3, 2000",400000,2000.0,485000.0,https://turbo.kg/images/014/804/619/7164fecaa73756900025d51ced80eceb-thumb.jpg,6.0,2026-04-11T18:45:06+06:00,,2000,,2.3 л / бензин,,автомат,,минивэн,,в наличии,обмен не предлагать,,передний,485000 км,,,есть,Сокулук,справа,хорошее,растаможен,,Кыргызстан,белый,400000.0,https://turbo.kg/images/014/804/619/7164fecaa73756900025d51ced80eceb.jpeg | https://turbo.kg/images/014/804/620/4f6c86e5af905bd713d31a3a71d37b98.jpeg | https://turbo.kg/images/014/804/621/b172fdb2bee60075e9c387b9c36bba0d.jpeg | https://turbo.kg/images/014/804/622/2cf613eb490c52d0604d042ad51b17a5.jpeg | https://turbo.kg/images/014/804/623/7a717528ae40a0b8836830993bee54e1.jpeg | https://turbo.kg/images/014/804/624/a9a2e5e5d46c8e4ab1b5c28aa260270f.jpeg
https://turbo.kg/cars/SlfTGXLu,"BMW 5 серии III (E34) 525i 2.5, 1994",300000,1994.0,200000.0,https://turbo.kg/images/014/804/612/50ff0c33bedf4115ec3de68c89ec874f-thumb.jpg,7.0,2026-04-11T18:35:08+06:00,,1994,S9064AK,2.5 л / бензин,,механика,,седан,,в наличии,рассмотрю варианты,,задний,200000 км,,,,Бишкек,слева,хорошее,растаможен,,Кыргызстан,синий,300000.0,https://turbo.kg/images/014/804/612/50ff0c33bedf4115ec3de68c89ec874f.jpeg | https://turbo.kg/images/014/804/613/b4bb5a133dd40daf616c323f8c6a746a.jpeg | https://turbo.kg/images/014/804/614/eeb9dcd4a9d456aeb6113213c58532da.jpeg | https://turbo.kg/images/014/804/615/5dc8a7376824f1e4a88ac172480c03e3.jpeg | https://turbo.kg/images/014/804/616/9e6cf4871f9fe67afadc67b3dfa5f689.jpeg | https://turbo.kg/images/014/804/617/ed3ec3b29d9b2efb77afdf16dff8effd.jpeg | https://turbo.kg/images/014/804/618/1a6c5516411acf059e7eef687bc08ca2.jpeg
https://turbo.kg/cars/vym2vjna,"Lexus ES VII 300h 2.5, 2019",2491000,2019.0,113000.0,https://turbo.kg/images/014/804/573/12422f28bc07f42a4a4d60cf24903af5-thumb.jpg,6.0,2026-04-11T18:25:06+06:00,,2019,,2.5 л / гибрид,,вариатор,,седан,,в наличии,,,передний,113000 км,,"свежепригнан, налог уплачен, техосмотр пройден, вложений не требует",,Бишкек,слева,идеальное,растаможен,,Кыргызстан,белый,2491000.0,https://turbo.kg/images/014/804/573/12422f28bc07f42a4a4d60cf24903af5.jpeg | https://turbo.kg/images/014/804/574/554c184d59e3af3f63353e6a6edd11b9.jpeg | https://turbo.kg/images/014/804/575/7dcb97bae1a1b991e8b515d839f90e25.jpeg | https://turbo.kg/images/014/804/576/4179f348417afe841a57ddb0e1c3a50d.jpeg | https://turbo.kg/images/014/804/577/04fb741bf98823e288cb5ee42d67be6d.jpeg | https://turbo.kg/images/014/804/578/e55697c0a08a9bc54a3d0ab71cc44b25.jpeg
https://turbo.kg/cars/Ct0yZ4tS,"BMW 5 серии VII (G30/G31) 540i xDrive 3.0, 2019",2928000,2019.0,120000.0,https://turbo.kg/images/014/804/548/f3577d25040301f58d790ea47bdd3d3d-thumb.jpg,12.0,2026-04-11T17:55:05+06:00,,2019,,3.0 л / бензин,,автомат,,седан,,в наличии,рассмотрю варианты,,полный,120000 км,,вложений не требует,,Бишкек,слева,идеальное,растаможен,,Кыргызстан,черный,2928000.0,https://turbo.kg/images/014/804/548/f3577d25040301f58d790ea47bdd3d3d.jpeg | https://turbo.kg/images/014/804/549/5e8f05c8e52661a8b286987a6222eb5e.jpeg | https://turbo.kg/images/014/804/550/c6395e754e7f2209f409e835b7bf5de2.jpeg | https://turbo.kg/images/014/804/551/a2680a28eecd33566beebdca4214beeb.jpeg | https://turbo.kg/images/014/804/552/24737bc755bb08d50f7c28828d7926d3.jpeg | https://turbo.kg/images/014/804/553/74922944014b06c05bd100e706e65028.jpeg | https://turbo.kg/images/014/804/554/e78f9f3410d16de629e4ecc8e2180c10.jpeg | https://turbo.kg/images/014/804/555/4c7c06acb4614484874cd63a28cff6be.jpeg | https://turbo.kg/images/014/804/556/a80f99c5310381de31bf8fd834511abc.jpeg | https://turbo.kg/images/014/804/557/82599ae94b4ee2191ebef5940102224a.jpeg | https://turbo.kg/images/014/804/558/9d7a5f5561032db404c76029a55e9217.jpeg | https://turbo.kg/images/014/804/559/d9ef25258057ac1cb7a3e5ad61f5fea1.jpeg
https://turbo.kg/cars/VscocE39,"Hyundai Avante VI 1.6, 2018",830000,2018.0,180000.0,https://turbo.kg/images/014/804/499/e6efe0db866fd372ab75e6538aa589ce-thumb.jpg,5.0,2026-04-11T16:35:05+06:00,,2018,04KG379AOT,1.6 л / бензин,,автомат,,седан,,в наличии,,,передний,180000 км,,,,Бишкек,слева,хорошее,растаможен,,Кыргызстан,белый,830000.0,https://turbo.kg/images/014/804/499/e6efe0db866fd372ab75e6538aa589ce.jpeg | https://turbo.kg/images/014/804/500/1f0d85590655f52412db4badde865a78.jpeg | https://turbo.kg/images/014/804/501/fc1b2d8ba8061cb8a6f346cedf7da118.jpeg | https://turbo.kg/images/014/804/502/a696c5dd7c83a20f93e1b5c889430da0.jpeg | https://turbo.kg/images/014/804/503/a4473607464ce9ba74e578fb94414f79.jpeg
https://turbo.kg/cars/asIQGGQ1,"Audi 100 IV (C4) 2.6, 1994",330000,1994.0,400000.0,https://turbo.kg/images/014/804/495/9f4ccbe59460d87dc3d76bbdf4922156-thumb.jpg,4.0,2026-04-11T16:15:06+06:00,,1994,07KG039ACF,2.6 л / бензин,,механика,,седан,,в наличии,,,передний,400000 км,,вложений не требует,,"Бакай-Ата, Таласская область",слева,хорошее,растаможен,,Кыргызстан,бордовый,330000.0,https://turbo.kg/images/014/804/495/9f4ccbe59460d87dc3d76bbdf4922156.jpeg | https://turbo.kg/images/014/804/496/1923b525e8bc2a30a6f0229cb9966970.jpeg | https://turbo.kg/images/014/804/497/cc3790668f27bcb346f9469468298496.jpeg | https://turbo.kg/images/014/804/498/aa455308921edd06adc93b54b7ff841d.jpeg
https://turbo.kg/cars/QOaI5h2K,"Mercedes-Benz E-Класс II (W210, S210) Рестайлинг 220 2.2, 2001",550000,2001.0,,https://turbo.kg/images/014/804/463/2eba026b638fd1508c0c911be99829b7-thumb.jpg,,,,,,,,,,,,,,,,,,,,,,,,,,,,
https://turbo.kg/cars/8eYnWnPl,"Lexus RX I 300 3.0, 2002",720000,2002.0,,https://turbo.kg/images/014/804/455/5d2c748eadf511d80c12068c868fdef5-thumb.jpg,,,,,,,,,,,,,,,,,,,,,,,,,,,,
https://turbo.kg/cars/UFtgrvph,"Kia Sportage IV Рестайлинг 2.0, 2020",1293000,2020.0,157000.0,https://turbo.kg/images/014/804/166/a34aa5f4beb27a3da159d81c35da0a2e-thumb.jpg,12.0,2026-04-11T10:30:06+06:00,KNA**************,2020,,2.0 л / дизель,,автомат,,внедорожник 5 дв.,,в наличии,рассмотрю варианты,,передний,157000 км,,"свежепригнан, вложений не требует",,Бишкек,слева,идеальное,растаможен,,Не стоит на учёте,белый,1293000.0,https://turbo.kg/images/014/804/166/a34aa5f4beb27a3da159d81c35da0a2e.jpeg | https://turbo.kg/images/014/804/167/fa797b5a30cfe4bf2eeba760ee9426de.jpeg | https://turbo.kg/images/014/804/168/f5508bf0ea7eb07d9cd8a2bcc732d178.jpeg | https://turbo.kg/images/014/804/169/56ec2c8b1356328592d7efd99b16e12a.jpeg | https://turbo.kg/images/014/804/170/a5b72118a0581bee96a069f2efd3c622.jpeg | https://turbo.kg/images/014/804/171/7fdf54553ecf6f373a7d54f8abf67cc0.jpeg | https://turbo.kg/images/014/804/172/7a2e867618e806d6f8ded585b38f58fe.jpeg | https://turbo.kg/images/014/804/173/57d2a45e1e77266c71410374a3aec8a5.jpeg | https://turbo.kg/images/014/804/174/6b0a72337fbd9d00a61f2563a7634757.jpeg | https://turbo.kg/images/014/804/175/9a792216783c0ce3c84027b8cc1b05e7.jpeg | https://turbo.kg/images/014/804/176/895a7f20e57b9b01705777e6a5e4260a.jpeg | https://turbo.kg/images/014/804/177/48938f35bb710f3f0480ba8ca77d47ed.jpeg
https://turbo.kg/cars/uHCN3E8B,"Mitsubishi Pajero iO 1.8, 2004",481000,2004.0,240000.0,https://turbo.kg/images/014/803/983/84d9acb3867d38514688f5e3f6a38b53-thumb.jpg,7.0,2026-04-10T20:25:05+06:00,,2004,,1.8 л / бензин,,автомат,,внедорожник 5 дв.,,в наличии,,,полный,240000 км,,,,Бишкек,справа,идеальное,растаможен,,Кыргызстан,бирюзовый,481000.0,https://turbo.kg/images/014/803/983/84d9acb3867d38514688f5e3f6a38b53.jpeg | https://turbo.kg/images/014/803/984/9b3cf600a2edf7730a7e70706e13c5b5.jpeg | https://turbo.kg/images/014/803/986/5c8c959107f0c50bd97359268e836c08.jpeg | https://turbo.kg/images/014/803/981/17f497bb831bfc3aee4264f7f9182927.jpeg | https://turbo.kg/images/014/803/982/d203ab2a8020300db20b76e8deb209fa.jpeg | https://turbo.kg/images/014/803/985/a80d8f18c6c23bc361aec1ee33c55a71.jpeg | https://turbo.kg/images/014/803/987/6d88d377a65507520020e7c5cf012ae3.jpeg
https://turbo.kg/cars/n6l0kyU2,"Kia Sportage IV Рестайлинг 2.4, 2019",1337000,2019.0,106045.0,https://turbo.kg/images/014/803/973/82036deafc31bdb04fff855826c40d4f-thumb.jpg,8.0,2026-04-10T20:15:07+06:00,KND**************,2019,,2.4 л / бензин,,автомат,,внедорожник 5 дв.,,в наличии,обмен не предлагать,,передний,106045 км,,"налог уплачен, вложений не требует",,Бишкек,слева,хорошее,растаможен,,Кыргызстан,синий,1337000.0,https://turbo.kg/images/014/803/973/82036deafc31bdb04fff855826c40d4f.jpeg | https://turbo.kg/images/014/803/974/550e9fcf302fce22e7cb3d67f7e652cc.jpeg | https://turbo.kg/images/014/803/975/86528914e9a091d22a124134b98b9b23.jpeg | https://turbo.kg/images/014/803/976/f054e191d309ae8cbd3a088ffe8f2a09.jpeg | https://turbo.kg/images/014/803/977/003a262230eb5aeadc2a5dcee0869737.jpeg | https://turbo.kg/images/014/803/978/e68f2f37d5789b7659492bcc82506eb1.jpeg | https://turbo.kg/images/014/803/979/56ff17384baa4d6b59610b6211c46fe0.jpeg | https://turbo.kg/images/014/803/980/1f3ed2078e19db5f3b383b32aa0e6113.jpeg
https://turbo.kg/cars/i1F4abXr,"BMW X5 III (F15) 35i 3.0, 2017",2360000,2017.0,300000.0,https://turbo.kg/images/014/803/962/fee521e43a5f9889ba08aca8747d53b0-thumb.jpg,11.0,2026-04-10T19:55:06+06:00,,2017,08KG860AUY,3.0 л / бензин,,автомат,,внедорожник 5 дв.,,в наличии,,,полный,300000 км,,,,Бишкек,слева,хорошее,растаможен,,Кыргызстан,белый,2360000.0,https://turbo.kg/images/014/803/962/fee521e43a5f9889ba08aca8747d53b0.jpeg | https://turbo.kg/images/014/803/963/2c462a364362c4652693ee0b45ccd320.jpeg | https://turbo.kg/images/014/803/964/5de737dce523b62e44d34629134dae0b.jpeg | https://turbo.kg/images/014/803/965/9f6ca1bd08200bdcc906bf1a51654a53.jpeg | https://turbo.kg/images/014/803/966/3de6390921746788247a975031d53cfb.jpeg | https://turbo.kg/images/014/803/967/110075117c3b87d29cae8bcedc1d1af4.jpeg | https://turbo.kg/images/014/803/968/dfdce7acff38108f860c0468c1554367.jpeg | https://turbo.kg/images/014/803/969/89affe1b8ef9828a698dde043a129738.jpeg | https://turbo.kg/images/014/803/970/6816c6a18cfc6ca8613f080f76a5440a.jpeg | https://turbo.kg/images/014/803/971/a4829d2ed12e7bef1d2cd603eec4be31.jpeg | https://turbo.kg/images/014/803/972/3fa93225840d934a722dddb0dda4f1fe.jpeg
https://turbo.kg/cars/w3VXc4Kx,"Kia Ray I Рестайлинг 1.0, 2020",590000,2020.0,170000.0,https://turbo.kg/images/014/803/884/9dbb1769dd6a22dc798f0490a364d77a-thumb.jpg,20.0,2026-04-10T18:00:05+06:00,,2020,,1.0 л / бензин,,автомат,,микровэн,,в наличии,обмен не предлагать,,передний,170000 км,,,,"Ош, Ошская область",слева,хорошее,растаможен,,Кыргызстан,белый,590000.0,https://turbo.kg/images/014/803/884/9dbb1769dd6a22dc798f0490a364d77a.jpeg | https://turbo.kg/images/014/803/885/9a583de113ed8882bb9ebf73a199766b.jpeg | https://turbo.kg/images/014/803/886/851d902ddf8db98b4cae873f24364be4.jpeg | https://turbo.kg/images/014/803/887/03e39559f47e90055d52441fddc420b1.jpeg | https://turbo.kg/images/014/803/888/2243cc4ee5b4c080eb5c6dafdc9ee04b.jpeg | https://turbo.kg/images/014/803/889/40b63b7d11349d3c2866052b4451d7a1.jpeg | https://turbo.kg/images/014/803/890/2e0ff68ed81a77521a6bd8fc906dee6f.jpeg | https://turbo.kg/images/014/803/891/b49e407be7b0f1df9280a2a75c49294b.jpeg | https://turbo.kg/images/014/803/892/038fc9b9aa012c4a0f353ef90938a15e.jpeg | https://turbo.kg/images/014/803/893/21e66d9d88692619cc4e50635d5cd9ef.jpeg | https://turbo.kg/images/014/803/894/c7cc0f96c58095d6a1a434c753b3646e.jpeg | https://turbo.kg/images/014/803/895/97f0c2154b5cd4cd4373d7b00d8ef4de.jpeg | https://turbo.kg/images/014/803/896/fe7bbefbeb8167c1bcf5d32f6b7c39d1.jpeg | https://turbo.kg/images/014/803/897/377b7e70cf62e0f478e778212e42d9b9.jpeg | https://turbo.kg/images/014/803/898/12ec8be0ea285e0340bf6a7517497d07.jpeg | https://turbo.kg/images/014/803/899/5f892acc68d1d320eeaf35630c8110c6.jpeg | https://turbo.kg/images/014/803/900/e896ec6b7e7c0b69e5db583242e805f9.jpeg | https://turbo.kg/images/014/803/901/b978470ea609376278ac7666fb3e1d55.jpeg | https://turbo.kg/images/014/803/902/850dcba6db4a91231f6970ffc5f1d86c.jpeg | https://turbo.kg/images/014/803/903/808ebadff158552240ad656687fe9422.jpeg
https://turbo.kg/cars/jLpfdMCX,"MINI Hatch II Рестайлинг Cooper 1.6, 2011",760000,2011.0,106000.0,https://turbo.kg/images/014/803/862/abcbc6bc740c4bb6b53604c484c1e006-thumb.jpg,5.0,2026-04-10T16:40:05+06:00,,2011,,1.6 л / бензин,,автомат,,хэтчбек 3 дв.,,в наличии,рассмотрю варианты,,передний,106000 км,,,,Бишкек,слева,идеальное,растаможен,,Кыргызстан,оранжевый,760000.0,https://turbo.kg/images/014/803/862/abcbc6bc740c4bb6b53604c484c1e006.jpeg | https://turbo.kg/images/014/803/863/493eb0eb430485ea13edd7c1d4ccb03d.jpeg | https://turbo.kg/images/014/803/864/d8b0cb49ad3889cc8f11d43ed893b240.jpeg | https://turbo.kg/images/014/803/865/1214e235c9f7b7ab19208ad9c073abcb.jpeg | https://turbo.kg/images/014/803/866/9a58bde22090f1a413ffa6522b86aa1d.jpeg
https://turbo.kg/cars/dAplDi57,"Mercedes-Benz S-Класс VI (W222, C217) Рестайлинг 560 Long 4.0, 2019",5069000,2019.0,89000.0,https://turbo.kg/images/014/803/856/60fd15750095020436d594847cfaad93-thumb.jpg,7.0,2026-04-10T15:30:06+06:00,,2019,,4.0 л / бензин,,автомат,,седан,,в наличии,рассмотрю варианты,,полный,89000 км,,"свежепригнан, налог уплачен, техосмотр пройден, вложений не требует",,Бишкек,слева,идеальное,растаможен,,Кыргызстан,черный,5069000.0,https://turbo.kg/images/014/803/856/60fd15750095020436d594847cfaad93.jpeg | https://turbo.kg/images/014/803/857/52d1729798ab3c23fcc30b77e3b655da.jpeg | https://turbo.kg/images/014/803/858/fa8c0cb1a407af8ed79e29eb4b1eb1df.jpeg | https://turbo.kg/images/014/803/859/0e626468dc3f5166bc0acf606f65f467.jpeg | https://turbo.kg/images/014/803/860/5d2edd0676acfb6093a57970adbe0cef.jpeg | https://turbo.kg/images/014/803/861/3c040fc797a8c18eac7481e112b4dd6a.jpeg | https://turbo.kg/images/014/804/494/e75002e232938274267780a774397992.jpeg
https://turbo.kg/cars/gG6E7qqQ,"Chery Fulwin A8 1.5, 2024",1442000,2024.0,,https://turbo.kg/images/014/803/815/8f6a9c04a92471bf6109d100cbd7cb7b-thumb.jpg,,,,,,,,,,,,,,,,,,,,,,,,,,,,
https://turbo.kg/cars/baQ9R8gv,"Hyundai Sonata VII (LF) Рестайлинг 2.0, 2018",1050000,2018.0,,https://turbo.kg/images/014/803/809/fc7c87f0a40d0d9f5334632250b0d0bf-thumb.jpg,,,,,,,,,,,,,,,,,,,,,,,,,,,,
https://turbo.kg/cars/YY6zEyKg,"Toyota Camry VIII (XV70) 2.5, 2021",2228000,2021.0,,https://turbo.kg/images/014/803/793/e8736b25f95a7d6f42c5ad047f8ac06d-thumb.jpg,,,,,,,,,,,,,,,,,,,,,,,,,,,,
https://turbo.kg/cars/CHihDOKT,"SsangYong Tivoli I Рестайлинг 1.5, 2019",953000,2019.0,,https://turbo.kg/images/014/803/783/8b39c8f818b45cc2ec971053ec89383c-thumb.jpg,,,,,,,,,,,,,,,,,,,,,,,,,,,,
https://turbo.kg/cars/zPzfpWOF,"BYD Yuan Plus Standard Range Electro AT (150 кВт), 2023",1416000,2023.0,37175.0,https://turbo.kg/images/014/803/779/e87f9e71747487bf03e2b31a54c0564b-thumb.jpg,4.0,2026-04-10T13:50:06+06:00,,2023,,204 л.с. / 150 кВт / электро,,автомат,,внедорожник 5 дв.,,в наличии,,,передний,37175 км,,"налог уплачен, вложений не требует",,Бишкек,слева,идеальное,растаможен,,Кыргызстан,серый,1416000.0,https://turbo.kg/images/014/803/779/e87f9e71747487bf03e2b31a54c0564b.jpeg | https://turbo.kg/images/014/803/780/557900b882cc5115cfd9c60d086ce0a8.jpeg | https://turbo.kg/images/014/803/781/9885f6d51e1f263503e38c7a89279f6d.jpeg | https://turbo.kg/images/014/803/782/ebd953e7da03ba89b6fc5d2799cfdc3e.jpeg
https://turbo.kg/cars/DkLt5i9s,"Dodge RAM IV (DS/DJ) 5.7, 2021",3933000,2021.0,150000.0,https://turbo.kg/images/014/803/769/8d51b84a1afe200fbcdc9681bf6f47b4-thumb.jpg,10.0,2026-04-10T13:40:06+06:00,,2021,05KG088TIM,5.7 л / бензин,,автомат,,пикап одинарная кабина,,в наличии,,,полный,150000 км,,,,Бишкек,слева,идеальное,растаможен,,Кыргызстан,черный,3933000.0,https://turbo.kg/images/014/803/769/8d51b84a1afe200fbcdc9681bf6f47b4.jpeg | https://turbo.kg/images/014/803/770/018046f007373f9b9a8a888dce507824.jpeg | https://turbo.kg/images/014/803/771/27f0be8b9cae6c77141bfa5ec9d6f9bc.jpeg | https://turbo.kg/images/014/803/772/78363f4f537c4aa5ff3689c17fc7f9b5.jpeg | https://turbo.kg/images/014/803/773/5b7d5b2c61c373ac5fedd77c040540eb.jpeg | https://turbo.kg/images/014/803/774/9b96d6bd72da61ef72cccda2f7d8f4c5.jpeg | https://turbo.kg/images/014/803/775/226a185afcbfcf8eb2238ba1b5d70e90.jpeg | https://turbo.kg/images/014/803/776/836037ebfb2f401e08e6744844cd3e80.jpeg | https://turbo.kg/images/014/803/777/d812ee3800587b059c4d581bb6c8aca6.jpeg | https://turbo.kg/images/014/803/778/6652180e3be6f5871cd524849af7065b.jpeg
https://turbo.kg/cars/3Y175JkM,"SsangYong Korando IV 1.6, 2019",1049000,2019.0,80000.0,https://turbo.kg/images/014/803/673/7dbed820e7e0ecf7e01cfc4f14500012-thumb.jpg,4.0,2026-04-10T09:40:05+06:00,,2019,,1.6 л / дизель,,автомат,,внедорожник 5 дв.,,в наличии,рассмотрю варианты,,передний,80000 км,,"свежепригнан, налог уплачен, техосмотр пройден, вложений не требует",,"Ош, Ошская область",слева,хорошее,растаможен,,Кыргызстан,синий,1049000.0,https://turbo.kg/images/014/803/673/7dbed820e7e0ecf7e01cfc4f14500012.jpeg | https://turbo.kg/images/014/803/674/a5707ae744712b979e3b499dfa0683db.jpeg | https://turbo.kg/images/014/803/675/91b81781aeaddeab439e24bc01c5ef9e.jpeg | https://turbo.kg/images/014/803/676/8d0da2bed92b704321d35add9f110689.jpeg
https://turbo.kg/cars/eruBgHAQ,"Kia Sportage (China) III (NP) Рестайлинг 1.5, 2026",2578000,2026.0,1.0,https://turbo.kg/images/014/803/662/d970c91ce162cd859d547faf5d7ee9f0-thumb.jpg,11.0,2026-04-10T09:30:05+06:00,,2026,,1.5 л / бензин,,робот,,внедорожник 5 дв.,,в наличии,,,передний,1 км,,,,Бишкек,слева,хорошее,растаможен,,Не стоит на учёте,белый,2578000.0,https://turbo.kg/images/014/803/662/d970c91ce162cd859d547faf5d7ee9f0.jpeg | https://turbo.kg/images/014/803/663/1488fd743110d65469a41d1ef92294d9.jpeg | https://turbo.kg/images/014/803/664/437f167415c429a907baedf675642085.jpeg | https://turbo.kg/images/014/803/665/104869a474b5517407e891f46fa5372d.jpeg | https://turbo.kg/images/014/803/666/0bc9d7e5dae1cefe67c547e4279bd9bf.jpeg | https://turbo.kg/images/014/803/667/7ec99e752b24d696339025cbe0878a1a.jpeg | https://turbo.kg/images/014/803/668/90e99353f3d4bbcb43e91c4e058db1f1.jpeg | https://turbo.kg/images/014/803/669/3c3d72203f4e6bc0f12e033a4beecb02.jpeg | https://turbo.kg/images/014/803/670/7cd25fd15538d3f25840045e6f0048cf.jpeg | https://turbo.kg/images/014/803/671/40c30315d86a583019c6a2b1bf4bc320.jpeg | https://turbo.kg/images/014/803/672/95735971abd339572519b03c739f6665.jpeg
https://turbo.kg/cars/mjuwUtFp,"Toyota Camry (Japan) XV70 рестайлинг 2.5, 2022",2421000,2022.0,66100.0,https://turbo.kg/images/014/803/650/940b165683b8f5d945b72735f5d7c443-thumb.jpg,12.0,2026-04-10T08:30:05+06:00,,2022,,2.5 л / гибрид,,автомат,,седан,,в наличии,,,передний,66100 км,,,,Бишкек,слева,хорошее,растаможен,,Кыргызстан,красный,2421000.0,https://turbo.kg/images/014/803/650/940b165683b8f5d945b72735f5d7c443.jpeg | https://turbo.kg/images/014/803/651/38bf1c78fb22257a04097979e576329a.jpeg | https://turbo.kg/images/014/803/652/9118c98f4339cde1a4b60cb92829b730.jpeg | https://turbo.kg/images/014/803/653/a3d11abb29be71d1b1be03097ab8007d.jpeg | https://turbo.kg/images/014/803/654/a003fa1983750c0572fa5b839160a1c7.jpeg | https://turbo.kg/images/014/803/655/3fa9b8a3e8cea3acb68142db71cd34de.jpeg | https://turbo.kg/images/014/803/656/ed6212f0b0b9ddf7c7eab0c53f796556.jpeg | https://turbo.kg/images/014/803/657/c470e5f01eab2452c20f1c0fa104ea05.jpeg | https://turbo.kg/images/014/803/658/79adadaecf74fe6d6d24cb8173760b57.jpeg | https://turbo.kg/images/014/803/659/7c4545bc24ce5fb655b6e52550ab72ae.jpeg | https://turbo.kg/images/014/803/660/410ec0bccd3bfb7bd3bbc7a70fe36fb8.jpeg | https://turbo.kg/images/014/803/661/fb6736f2aa6790b924a02974c13d3240.jpeg
https://turbo.kg/cars/GNVcHPc8,"Honda CR-V I 2.0, 1999",420000,1999.0,258745.0,https://turbo.kg/images/014/803/395/bc0dba7168e88e3c8e29e86f050426f2-thumb.jpg,1.0,2026-04-09T20:00:05+06:00,,1999,05KG491ABO,2.0 л / бензин,,автомат,,внедорожник 5 дв.,,в наличии,рассмотрю варианты,,полный,258745 км,,,,Бишкек,справа,хорошее,растаможен,,Кыргызстан,синий,420000.0,https://turbo.kg/images/014/803/395/bc0dba7168e88e3c8e29e86f050426f2.jpeg
https://turbo.kg/cars/bs8X4sBG,"BYD Song Plus I Рестайлинг 71.8, 2024",1503000,2024.0,47000.0,https://turbo.kg/images/014/803/370/06c74ac1787bb97f27f3d1722d12fed6-thumb.jpg,6.0,2026-04-09T18:45:06+06:00,,2024,,204 л.с. / 150 кВт / электро,,вариатор,,внедорожник 5 дв.,,в наличии,,,передний,47000 км,,"свежепригнан, налог уплачен, техосмотр пройден, вложений не требует",,Бишкек,слева,хорошее,растаможен,,Не стоит на учёте,серебристый,1503000.0,https://turbo.kg/images/014/803/370/06c74ac1787bb97f27f3d1722d12fed6.jpeg | https://turbo.kg/images/014/803/371/2d6577307481132a263fb550451280e0.jpeg | https://turbo.kg/images/014/803/372/f5b36619533991f7b542be967db5e14c.jpeg | https://turbo.kg/images/014/803/373/d19bf05e2e0811ee11d1c8de1cf265e8.jpeg | https://turbo.kg/images/014/803/374/5ca8569af7c93b36e81825d1385b9f75.jpeg | https://turbo.kg/images/014/803/375/61366312aee05c04754e40200e9e9057.jpeg
https://turbo.kg/cars/9CxUTLSk,"Chevrolet Spark IV Рестайлинг 1.0, 2020",615000,2020.0,43000.0,https://turbo.kg/images/014/803/361/c4120c122c0cf1a2fb722e4b5b8cd772-thumb.jpg,6.0,2026-04-09T18:30:06+06:00,,2020,,1.0 л / бензин,,вариатор,,хэтчбек 5 дв.,,в наличии,рассмотрю варианты,,передний,43000 км,,,,Бишкек,слева,идеальное,растаможен,,Кыргызстан,белый,615000.0,https://turbo.kg/images/014/803/361/c4120c122c0cf1a2fb722e4b5b8cd772.jpeg | https://turbo.kg/images/014/803/362/bb06b1119b7508f66ce702fdb65b8967.jpeg | https://turbo.kg/images/014/803/363/2c766a72916b874937e38dd0520818d1.jpeg | https://turbo.kg/images/014/803/364/ff28d7a6101ba5b321b11ea552ccfb48.jpeg | https://turbo.kg/images/014/803/365/7f53bf73bfef4f25fc11338a7be3bc86.jpeg | https://turbo.kg/images/014/803/366/db514a112fe5971be456494c60b206be.jpeg
https://turbo.kg/cars/UpmruTzP,"Kia K3 II 1.6, 2018",1005000,2018.0,154000.0,https://turbo.kg/images/014/803/904/b00552b4a195e84bc030a84f40ce39e6-thumb.jpg,10.0,2026-04-09T17:40:05+06:00,,2018,,1.6 л / бензин,,вариатор,,седан,,в наличии,,,передний,154000 км,,,,"Манас (Джалал-Абад), Джалал-Абадская область",слева,хорошее,растаможен,,Кыргызстан,белый,1005000.0,https://turbo.kg/images/014/803/904/b00552b4a195e84bc030a84f40ce39e6.jpeg | https://turbo.kg/images/014/803/905/193f758cf9aeca87bd4637c9ce3371c9.jpeg | https://turbo.kg/images/014/803/906/8ccdde27e98316f407e97a97fa4e2b78.jpeg | https://turbo.kg/images/014/803/907/cf21ae6a8d6ca266dcccd1768db33802.jpeg | https://turbo.kg/images/014/803/908/a96fb7b950a0da71a72e280d66ea6547.jpeg | https://turbo.kg/images/014/803/909/8a898a86d624d1c234b3e3bf0d32c7e0.jpeg | https://turbo.kg/images/014/803/910/8f50552c12e1881530e4bc50de476681.jpeg | https://turbo.kg/images/014/803/911/2c2cf556752b0eeac023b1e920962948.jpeg | https://turbo.kg/images/014/803/912/c27ab9fce9cfe78d0aaace0606ec97a0.jpeg | https://turbo.kg/images/014/803/913/350329a93a074e4b3bdf15b6467cbf0f.jpeg
https://turbo.kg/cars/ZoF4cXfC,"Chevrolet Spark IV Рестайлинг 1.0, 2019",712000,2019.0,53000.0,https://turbo.kg/images/014/803/290/40e7529142c1f786e07b8a14c8aeca72-thumb.jpg,12.0,2026-04-09T15:55:05+06:00,,2019,08KG008GUF,1.0 л / бензин,,вариатор,,хэтчбек 5 дв.,,в наличии,,,передний,53000 км,,свежепригнан,,Бишкек,слева,идеальное,растаможен,,Кыргызстан,серый,712000.0,https://turbo.kg/images/014/803/290/40e7529142c1f786e07b8a14c8aeca72.jpeg | https://turbo.kg/images/014/803/291/ea8e5e45b33153e777eca4e8a3fe12cd.jpeg | https://turbo.kg/images/014/803/292/231907f69399a7eb884f58e9d2333b9e.jpeg | https://turbo.kg/images/014/803/293/b54fbfdff3653c342ace2c2c8a0696b0.jpeg | https://turbo.kg/images/014/803/294/a1619d17b4bb361d6c169b826344a68f.jpeg | https://turbo.kg/images/014/803/295/1ed52d2566d64256d2b33a8dd2648b85.jpeg | https://turbo.kg/images/014/803/296/47e41763644cb084ba2b67845416df88.jpeg | https://turbo.kg/images/014/803/297/2e55a8e0a17f8ac218bee23b8b431595.jpeg | https://turbo.kg/images/014/803/298/1035b4b26a1343bdf77e875c1aa05ae7.jpeg | https://turbo.kg/images/014/803/299/444397d4cb65ba2b97abfc6d7762e368.jpeg | https://turbo.kg/images/014/803/300/8a2f2e7fc2056bb8877a6ffc555797cf.jpeg | https://turbo.kg/images/014/803/301/b462295c9c5f6c971aef9fb37af888e1.jpeg
https://turbo.kg/cars/JIFWlUVA,"Toyota Highlander I (U20) 3.0, 2003",918000,2003.0,280000.0,https://turbo.kg/images/014/803/278/b5878d655bf62cff04a3cba5b78d9edd-thumb.jpg,5.0,2026-04-09T15:10:05+06:00,,2003,04KG777URI,3.0 л / бензин,,автомат,,внедорожник 5 дв.,,в наличии,,,передний,280000 км,,,,"Манас (Джалал-Абад), Джалал-Абадская область",слева,хорошее,растаможен,,Кыргызстан,белый,918000.0,https://turbo.kg/images/014/803/278/b5878d655bf62cff04a3cba5b78d9edd.jpeg | https://turbo.kg/images/014/803/279/746fde446f17b5539772a88c8e7b0f0a.jpeg | https://turbo.kg/images/014/803/280/ff4be9cba600dc8ea2dfc3e01efaf301.jpeg | https://turbo.kg/images/014/803/281/7be29973229255458a3c5a026c7706aa.jpeg | https://turbo.kg/images/014/803/282/5589f2450d1ac447be8abfe0b49e811e.jpeg
https://turbo.kg/cars/GAbse7RQ,"Hyundai Grandeur VI Рестайлинг 2.4, 2020",1599000,2020.0,155000.0,https://turbo.kg/images/014/803/266/9889a2b7f9d792515c3db680728d1527-thumb.jpg,12.0,2026-04-09T15:00:05+06:00,,2020,,2.4 л / гибрид,,автомат,,седан,,в наличии,,,передний,155000 км,,,,Бишкек,слева,идеальное,растаможен,,Кыргызстан,белый,1599000.0,https://turbo.kg/images/014/803/266/9889a2b7f9d792515c3db680728d1527.jpeg | https://turbo.kg/images/014/803/267/8bdc316fbaa85f99610ab8be3689c4f4.jpeg | https://turbo.kg/images/014/803/268/a197315ccb1784c0f8314c8eeb0f4b51.jpeg | https://turbo.kg/images/014/803/269/f8e0ec524114a33dee802b315dada9ff.jpeg | https://turbo.kg/images/014/803/270/2fb5b9e1cd02d537a5c5557ad0246132.jpeg | https://turbo.kg/images/014/803/271/f81c977122180ff35852c94aa56c0c5b.jpeg | https://turbo.kg/images/014/803/272/0799da554a11e771449b67526b9ed1ac.jpeg | https://turbo.kg/images/014/803/273/da95e0f77d31e6ffaef6d85c351696b6.jpeg | https://turbo.kg/images/014/803/274/ce2afc3b70c7c64f0c4ca6f1bb537748.jpeg | https://turbo.kg/images/014/803/275/59d9c2c5ed949f96727731165c8d3769.jpeg | https://turbo.kg/images/014/803/276/602f24ec436cdc13860ceaa207221e5f.jpeg | https://turbo.kg/images/014/803/277/e9fe307b07252720ab6b37fdf37d349b.jpeg
https://turbo.kg/cars/Lke3xfvz,"Lexus RX V 500h 2.4, 2026",6712000,2026.0,1.0,https://turbo.kg/images/014/803/256/c39ccaa8083247024331a41f309fc039-thumb.jpg,10.0,2026-04-09T14:40:05+06:00,,2026,,2.4 л / гибрид,,автомат,,внедорожник 5 дв.,,на заказ,,,полный,1 км,,,,Турция,слева,новое,не растаможен,,Другая страна,серый,6712000.0,https://turbo.kg/images/014/803/256/c39ccaa8083247024331a41f309fc039.jpeg | https://turbo.kg/images/014/803/257/455f7aeef97fb20325a31bdabebbdee4.jpeg | https://turbo.kg/images/014/803/258/99744dde49339914c3b1fb63fb44191d.jpeg | https://turbo.kg/images/014/803/259/f7acb42599c2a041987e41d8cf3b4eb5.jpeg | https://turbo.kg/images/014/803/260/bd7e2e7dfabe1381431f6c6930371097.jpeg | https://turbo.kg/images/014/803/261/1a167c8e6d952157c0f5f56f5880138c.jpeg | https://turbo.kg/images/014/803/262/1db3b6e04105473f1485b7a9bb907892.jpeg | https://turbo.kg/images/014/803/263/3ef8360764e38250ba22a03ad775e5c1.jpeg | https://turbo.kg/images/014/803/264/240e3c5a11d52d7d529302527367bfde.jpeg | https://turbo.kg/images/014/803/265/f167699f765c67adf35579066c902689.jpeg
https://turbo.kg/cars/SEoerb5x,"Lexus RX II Рестайлинг 300 3.0, 2005",1049000,2005.0,,https://turbo.kg/images/014/803/242/2431ec70ed65b3f34828589e287b82ff-thumb.jpg,,,,,,,,,,,,,,,,,,,,,,,,,,,,
https://turbo.kg/cars/O9v5K9tr,"RAM 1500 V Quad Cab 3.6, 2019",2447000,2019.0,172199.0,https://turbo.kg/images/014/803/222/45969cd1a9dd2a25eb8d6aa8a50727af-thumb.jpg,9.0,2026-04-09T13:10:06+06:00,,2019,,3.6 л / бензин,,автомат,,пикап двойная кабина,,в наличии,рассмотрю варианты,,полный,172199 км,,"свежепригнан, налог уплачен, техосмотр пройден, вложений не требует",,Бишкек,слева,хорошее,растаможен,,Кыргызстан,синий,2447000.0,https://turbo.kg/images/014/803/222/45969cd1a9dd2a25eb8d6aa8a50727af.jpeg | https://turbo.kg/images/014/803/223/1f778ed504836ce6fd4a08278bc0a6ef.jpeg | https://turbo.kg/images/014/803/224/c1aa083c6dad15bfd29b133824f04854.jpeg | https://turbo.kg/images/014/803/225/22d6eb8d541f2f4a1f2f9abd69ff7929.jpeg | https://turbo.kg/images/014/803/226/5ae62127e0be3159a888873fece08fb5.jpeg | https://turbo.kg/images/014/803/227/1cdbc6f273229c354e73a382debaa49f.jpeg | https://turbo.kg/images/014/803/228/7932aa75ea0d60a2c2d70eb8c219880c.jpeg | https://turbo.kg/images/014/803/229/d6fd3b481fe375ea278fb9239d2ca59c.jpeg | https://turbo.kg/images/014/803/230/4ed0a191dcae3de01ef671891bc2097a.jpeg
https://turbo.kg/cars/X8QLPiLu,"Changan Qiyuan Q05 II Electro AT (210 кВт), 2026",1197000,2026.0,1.0,https://turbo.kg/images/014/803/166/a6f9cbfdd10cf2de7076486547854c65-thumb.jpg,10.0,2026-04-09T09:10:05+06:00,,2026,,163 л.с. / 120 кВт / электро,,автомат,,внедорожник 5 дв.,,на заказ,обмен не предлагать,,передний,1 км,,,,Китай,слева,хорошее,не растаможен,,Не стоит на учёте,белый,1197000.0,https://turbo.kg/images/014/803/166/a6f9cbfdd10cf2de7076486547854c65.jpeg | https://turbo.kg/images/014/803/167/cf35d71e736540ebc32c1b61fb5df23b.jpeg | https://turbo.kg/images/014/803/168/86aed0a772b7c7a4a9c896708d9b4b9c.jpeg | https://turbo.kg/images/014/803/169/2dc86d6471111034431a8a0df021a472.jpeg | https://turbo.kg/images/014/803/170/d3a0a2fcb7cdf344ea6d6865eed28fa8.jpeg | https://turbo.kg/images/014/803/171/b7e6db2f33b067a2df00ad687850afc6.jpeg | https://turbo.kg/images/014/803/172/9958f6ea6e99cc97298fa6730ff4e076.jpeg | https://turbo.kg/images/014/803/173/9ea41915ef66d64fa1654a32070a2327.jpeg | https://turbo.kg/images/014/803/174/20d26f6a650676c0d9a382d6a7551c82.jpeg | https://turbo.kg/images/014/803/175/d541c551667c89538a17b951064fe1dc.jpeg
https://turbo.kg/cars/FmqzOU7S,"Hyundai Palisade I 2.2, 2020",2097000,2020.0,160000.0,https://turbo.kg/images/014/802/930/56ffb7194b2af407845619e4e9c9dbc1-thumb.jpg,7.0,2026-04-08T18:05:06+06:00,,2020,,2.2 л / дизель,,автомат,,внедорожник 5 дв.,,в наличии,,,полный,160000 км,,"свежепригнан, вложений не требует",,Сокулук,слева,идеальное,растаможен,,Не стоит на учёте,белый,2097000.0,https://turbo.kg/images/014/802/930/56ffb7194b2af407845619e4e9c9dbc1.jpeg | https://turbo.kg/images/014/802/931/3143891916ab956a27a9345f85505599.jpeg | https://turbo.kg/images/014/802/932/d1af7e534d37d16b209bc4633656c7d0.jpeg | https://turbo.kg/images/014/802/933/500ecf7d849f4ab88aa495d46a05ff47.jpeg | https://turbo.kg/images/014/802/934/40a447b3771d2887d5f9d581d157a082.jpeg | https://turbo.kg/images/014/802/935/3e4ae4d3b74a37963549da63e1515759.jpeg | https://turbo.kg/images/014/802/936/b2c48a90c5652c5fd80bf8fb1c006720.jpeg
https://turbo.kg/cars/X7CH3dIa,Chevrolet Orlando 2017 года за ~1 184 300 сом,1184300,2017.0,266266.0,https://turbo.kg/images/014/802/918/189d57de57e29123d862b0246fd037fb-thumb.jpg,12.0,2026-04-08T18:00:10+06:00,,,,"1.8 л, газ",,,автомат,минивэн,,,,,,266266 км,,,,,слева,,,,,белая,1184300.0,https://turbo.kg/images/014/802/918/189d57de57e29123d862b0246fd037fb.jpeg | https://turbo.kg/images/014/802/919/880d8b8de5e06f12e3416a9d4738da14.jpeg | https://turbo.kg/images/014/802/920/720905816a187a360588e513465f02c6.jpeg | https://turbo.kg/images/014/802/921/bec25572b069f7962bd59d589631af37.jpeg | https://turbo.kg/images/014/802/922/99b6e9cd9ad0be2d599805f6f18f8d8d.jpeg | https://turbo.kg/images/014/802/923/cc0ca4310b2845753e41f105070ba4f3.jpeg | https://turbo.kg/images/014/802/924/fe0266504e3ed56691cc12738898eacd.jpeg | https://turbo.kg/images/014/802/925/fca1c712389254eb45130a5dfc16e2d9.jpeg | https://turbo.kg/images/014/802/926/6459f385676ea992c78aa10dbf9ac1f9.jpeg | https://turbo.kg/images/014/802/927/e7d4e41e654aea3add11be3b5f7b802a.jpeg | https://turbo.kg/images/014/802/928/c295c1b5b2deb89cf7bb3ea4f00bc572.jpeg | https://turbo.kg/images/014/802/929/47861be828910bc327383f825c75f16f.jpeg
https://turbo.kg/cars/zMIFX2jW,"BMW 3 серии VII (G2x) Рестайлинг 2 M340i xDrive 3.0, 2024",6117000,2024.0,25000.0,https://turbo.kg/images/014/802/894/665896372677bad6a8f6c4deeedd97a3-thumb.jpg,11.0,2026-04-08T17:30:05+06:00,,2024,01KG555BTC,3.0 л / бензин,,автомат,,универсал,,в наличии,рассмотрю варианты,,полный,25000 км,,,,Бишкек,слева,новое,растаможен,,Кыргызстан,белый,6117000.0,https://turbo.kg/images/014/802/894/665896372677bad6a8f6c4deeedd97a3.jpeg | https://turbo.kg/images/014/802/891/90b8ace79f1ee039e7cd167288109a55.jpeg | https://turbo.kg/images/014/802/892/0aa08348ebc1f0b17ff454b104358086.jpeg | https://turbo.kg/images/014/802/893/322423f663afc71b6424a20ecdd74d20.jpeg | https://turbo.kg/images/014/802/895/6b6e0d9a9113a0a3f15115123acee1a1.jpeg | https://turbo.kg/images/014/802/896/d99485573b43a8ad37cc81a2c3b6253c.jpeg | https://turbo.kg/images/014/802/897/5af8d0ce31882a380078f8a7c0080759.jpeg | https://turbo.kg/images/014/802/898/6aed561afb8478e0242bce85d9423530.jpeg | https://turbo.kg/images/014/802/899/26610c18e5c4ccd4e31673c1c80a9907.jpeg | https://turbo.kg/images/014/802/900/8ca631047a0587e4bcc27c76712c971b.jpeg | https://turbo.kg/images/014/802/901/2dbe01d73c0c77387e425b86e1b11724.jpeg
https://turbo.kg/cars/wjy9ErYe,"BMW X5 IV (G05/G18) 40i 3.0, 2019",3495000,2019.0,191000.0,https://turbo.kg/images/014/802/858/2a2e62dafcfd0870dad6b93738c5a0d2-thumb.jpg,12.0,2026-04-08T16:45:06+06:00,,2019,,3.0 л / бензин,,автомат,,внедорожник 5 дв.,,в наличии,,,полный,191000 км,,,,Бишкек,слева,идеальное,растаможен,,Кыргызстан,синий,3495000.0,https://turbo.kg/images/014/802/858/2a2e62dafcfd0870dad6b93738c5a0d2.jpeg | https://turbo.kg/images/014/802/859/11ebf0be4de6193d2b648c1b5ffb45bf.jpeg | https://turbo.kg/images/014/802/860/8be6dd29ebe93291ff8dbac0d7cb751c.jpeg | https://turbo.kg/images/014/802/861/afebfed633682fe9db6dc80e6e3ea563.jpeg | https://turbo.kg/images/014/802/862/c8f11f250ea78135567daf552dd437c4.jpeg | https://turbo.kg/images/014/802/863/566d516f3730fe48169b6ed6d37875e8.jpeg | https://turbo.kg/images/014/802/864/350c1cee362fd84a0d04f250ca7d2b0a.jpeg | https://turbo.kg/images/014/802/865/6be7f999daa59e5fcae6f5a337ca1b25.jpeg | https://turbo.kg/images/014/802/866/014128f4f0db7c33766a617c0ccdffc8.jpeg | https://turbo.kg/images/014/802/867/4605cae0f5a7b7e93712d9e4933d1b47.jpeg | https://turbo.kg/images/014/802/868/86e19bb96a88cd3824a86c9d1cd5ca7f.jpeg | https://turbo.kg/images/014/802/869/f8e991ff1ee83e7b8711030e09740fdb.jpeg
https://turbo.kg/cars/KxP05jQC,"Mercedes-Benz G-Класс II (W463) 500 5.0, 2001",2185000,2001.0,300000.0,https://turbo.kg/images/014/802/775/fd88b6505855ee433ba274473ac05cb0-thumb.jpg,12.0,2026-04-08T15:10:06+06:00,,2001,08kg259aoi,5.0 л / бензин,,автомат,,внедорожник 5 дв.,,в наличии,ключ на ключ,,полный,300000 км,,,,Бишкек,слева,хорошее,растаможен,,Кыргызстан,черный,2185000.0,https://turbo.kg/images/014/802/775/fd88b6505855ee433ba274473ac05cb0.jpeg | https://turbo.kg/images/014/802/776/9e0e3bf23157eadaaf5ad88370dcc361.jpeg | https://turbo.kg/images/014/802/777/be04d88731fff288b30f1b3f9138e4cd.jpeg | https://turbo.kg/images/014/802/778/d01e9b70ee598198e94b1e1dfb37fcc1.jpeg | https://turbo.kg/images/014/802/779/8ee517a253fd2bc6f8464e8a5ae22558.jpeg | https://turbo.kg/images/014/802/780/d5f694218d67732a777c9dc7048d3f19.jpeg | https://turbo.kg/images/014/802/781/f7147e7b72122aca5d90ff53661decee.jpeg | https://turbo.kg/images/014/802/782/10ff1899bf649fd465eebff2d3802a0a.jpeg | https://turbo.kg/images/014/802/783/55963e1b4c95a655f5ecd5a71ae646e7.jpeg | https://turbo.kg/images/014/802/784/4c157ef38a4b1ef24404bbc482fe2b68.jpeg | https://turbo.kg/images/014/802/785/34d9b8aa5c7272c97b2c91b01cb7eda7.jpeg | https://turbo.kg/images/014/802/786/0a2295fb030accda2b8f14f8dd7d2704.jpeg
https://turbo.kg/cars/1q6dTqs2,"Mitsubishi Delica IV 3.0, 2003",2185000,2003.0,150000.0,https://turbo.kg/images/014/802/743/b63dae7ea158138f3279a756162b0f91-thumb.jpg,10.0,2026-04-08T14:40:06+06:00,,2003,09KG341AHN,3.0 л / бензин,,автомат,,минивэн,,в наличии,,,полный,150000 км,,"налог уплачен, техосмотр пройден, вложений не требует",,"Чолпон-Ата, Иссык-Кульская область",справа,идеальное,растаможен,,Кыргызстан,синий,2185000.0,https://turbo.kg/images/014/802/743/b63dae7ea158138f3279a756162b0f91.jpeg | https://turbo.kg/images/014/802/744/089b005d8b62a13f73f28b993b888bcb.jpeg | https://turbo.kg/images/014/802/745/8f16bf71b4ba09daff8dc29801c73b58.jpeg | https://turbo.kg/images/014/802/746/4657be681a289a17ba32991a8d8de912.jpeg | https://turbo.kg/images/014/802/747/f7e607a34459b0b617e53fd3dbdb4428.jpeg | https://turbo.kg/images/014/802/748/75a7570cbefa938d697608663e311652.jpeg | https://turbo.kg/images/014/802/749/bbe381d4f42f20fef357f8d36c8df619.jpeg | https://turbo.kg/images/014/802/750/e5b48f3194e8c7d6de58d986522198f1.jpeg | https://turbo.kg/images/014/802/751/e5e8af5bf96bc0e48573a270f4dbe315.jpeg | https://turbo.kg/images/014/802/752/809b7c34d3a2311373a23456552f697c.jpeg
https://turbo.kg/cars/HQ5v7QQM,"BMW X6 III (G06) 3.0, 2021",6292000,2021.0,67000.0,https://turbo.kg/images/014/802/734/ad50f8f92533095fea799b5ae5df7354-thumb.jpg,9.0,2026-04-08T14:25:05+06:00,,2021,,3.0 л / бензин,,автомат,,внедорожник 5 дв.,,в наличии,рассмотрю варианты,,полный,67000 км,,,,Бишкек,слева,идеальное,растаможен,,Кыргызстан,белый,6292000.0,https://turbo.kg/images/014/802/734/ad50f8f92533095fea799b5ae5df7354.jpeg | https://turbo.kg/images/014/802/735/2f5fdb3a0221aa3175dd3125a97e203b.jpeg | https://turbo.kg/images/014/802/736/28fe8eb61c7ff9609aaaac0c13be4b81.jpeg | https://turbo.kg/images/014/802/737/c3b1b4d20e211909ea19ab72e7e4b8aa.jpeg | https://turbo.kg/images/014/802/738/d4335fdb30ef0b56e0e8d19fcd7ab7c1.jpeg | https://turbo.kg/images/014/802/739/cb55c8a7b551878986ee309a1736aa0a.jpeg | https://turbo.kg/images/014/802/740/b33f9df7f8cb42d049edd7b5105875a4.jpeg | https://turbo.kg/images/014/802/741/52d0e007ac8fd75387b27dd3c8d3569f.jpeg | https://turbo.kg/images/014/802/742/2f4f4c14400daecb2c439a94673402e0.jpeg
https://turbo.kg/cars/M7C94opr,"Kia K5 III Седан LPi 2.0, 2021",1285000,2021.0,97226.0,https://turbo.kg/images/014/802/727/87193930591c1cf312c7cc718a0bab41-thumb.jpg,5.0,2026-04-08T14:05:05+06:00,,2021,,2.0 л / газ,,автомат,,седан,,в наличии,с доплатой покупателя,,передний,97226 км,,,,"Ош, Ошская область",слева,идеальное,растаможен,,Кыргызстан,белый,1285000.0,https://turbo.kg/images/014/802/727/87193930591c1cf312c7cc718a0bab41.jpeg | https://turbo.kg/images/014/802/728/71bc353646b56dd27efb410287a20328.jpeg | https://turbo.kg/images/014/802/729/ee6739162b0348819712741fc15ccd8b.jpeg | https://turbo.kg/images/014/802/730/c857d6e3c61cdf6a9b0e8943bd583998.jpeg | https://turbo.kg/images/014/802/731/9a1d1d7864f0d6ec497e9a99d17ddf4a.jpeg
https://turbo.kg/cars/P8tfBqT2,"Toyota Corolla IX (E120, E130) 1.6, 2002",330000,2002.0,230000.0,https://turbo.kg/images/014/802/671/75991611ab69ddfbfdd4192661e6ee6d-thumb.jpg,9.0,2026-04-08T11:50:05+06:00,,2002,06KG372ALG,1.6 л / бензин,,автомат,,седан,,в наличии,обмен не предлагать,,передний,230000 км,,,,"Майлуу-Суу, Джалал-Абадская область",слева,хорошее,растаможен,,Кыргызстан,золотистый,330000.0,https://turbo.kg/images/014/802/671/75991611ab69ddfbfdd4192661e6ee6d.jpeg | https://turbo.kg/images/014/802/672/9e44e4bd385ee22e04a4cd4b61c22e08.jpeg | https://turbo.kg/images/014/802/673/732016b18695728b31e2b709eb21b0c6.jpeg | https://turbo.kg/images/014/802/674/da2ed7d2d5816648899830eb75294146.jpeg | https://turbo.kg/images/014/802/675/b0d996c6e455a6591a0e3fab3c8447c5.jpeg | https://turbo.kg/images/014/802/676/f1629872f9ac847f09e836bb9c1545c2.jpeg | https://turbo.kg/images/014/802/677/aa12921207ce6cb88b3e46cf5c13b42b.jpeg | https://turbo.kg/images/014/802/678/8413302bd865fd5fce6b672ae099b36d.jpeg | https://turbo.kg/images/014/802/679/876eb05d0dbcd81f7e38909f19ca61c8.jpeg
https://turbo.kg/cars/GsOgIY4q,"Hyundai Santa Fe IV 2.0, 2020",1503000,2020.0,156000.0,https://turbo.kg/images/014/802/647/8931e54d21869516c22229e210388514-thumb.jpg,12.0,2026-04-08T11:25:05+06:00,,2020,,2.0 л / дизель,,автомат,,внедорожник 5 дв.,,в наличии,обмен не предлагать,,передний,156000 км,,"свежепригнан, техосмотр пройден, вложений не требует",есть,Бишкек,слева,идеальное,растаможен,,Кыргызстан,серый,1503000.0,https://turbo.kg/images/014/802/647/8931e54d21869516c22229e210388514.jpeg | https://turbo.kg/images/014/802/648/722e3ce71c6abf2e143ded6b25fb8f10.jpeg | https://turbo.kg/images/014/802/649/dc0f292ee6c560d5e30112364b0d50e4.jpeg | https://turbo.kg/images/014/802/650/babc6b981514935562c4806de794aeed.jpeg | https://turbo.kg/images/014/802/651/acbac62651fb9ba4d2e5c65ecf6b36be.jpeg | https://turbo.kg/images/014/802/652/8d8ae5a441bc2de60c0336180c5578f2.jpeg | https://turbo.kg/images/014/802/653/8a1d81f2aa077c7e32215b87f1839249.jpeg | https://turbo.kg/images/014/802/654/02b357c7fd71feca370765167007586b.jpeg | https://turbo.kg/images/014/802/655/a416a94ae97b81a3adbb900c358f9467.jpeg | https://turbo.kg/images/014/802/656/fe369b3100f26fb4b3c6e6c2f93ae056.jpeg | https://turbo.kg/images/014/802/657/452025857ed29560b5b77360da8eb585.jpeg | https://turbo.kg/images/014/802/658/9fb3c06a45e87ce32cd6167ef2b90ecc.jpeg
https://turbo.kg/cars/MwxZJc6c,"Toyota Camry VI (XV40) Рестайлинг 2.5, 2011",1005000,2011.0,352446.0,https://turbo.kg/images/014/802/323/30dcd20827e33a54704640de6ce0175f-thumb.jpg,12.0,2026-04-07T16:50:05+06:00,,2011,07KG007XOO,2.5 л / бензин,,автомат,,седан,,в наличии,,,передний,352446 км,,"налог уплачен, техосмотр пройден, вложений не требует",,Бишкек,слева,идеальное,растаможен,,Кыргызстан,черный,1005000.0,https://turbo.kg/images/014/802/323/30dcd20827e33a54704640de6ce0175f.jpeg | https://turbo.kg/images/014/802/324/e32fd9f77c9bb282d513cfe2f3cc8589.jpeg | https://turbo.kg/images/014/802/325/fb7baf4dad17a0e4a59db0a250ceea4b.jpeg | https://turbo.kg/images/014/802/326/1f14db4a459be4c59234aee52ade462c.jpeg | https://turbo.kg/images/014/802/327/8a342c2d1719c117c58e937872861579.jpeg | https://turbo.kg/images/014/802/328/3efbff14078d9bce132c3fea78e3f449.jpeg | https://turbo.kg/images/014/802/329/da694a5f872158c7e465bc00844183ee.jpeg | https://turbo.kg/images/014/802/330/4e22f75c09872b1a62da92ea1ff57462.jpeg | https://turbo.kg/images/014/802/331/e27dca900b4a8dbb550c57db5a859b50.jpeg | https://turbo.kg/images/014/802/332/17ff343592afd17c4a362a4880eec701.jpeg | https://turbo.kg/images/014/802/333/0eaef7f3248f4b045a68aa3a691affb6.jpeg | https://turbo.kg/images/014/802/334/e61f5a7a0eab7601a3bbebf4f94f510b.jpeg
https://turbo.kg/cars/aqIPwjzO,"Honda CR-V III 2.4, 2009",961000,2009.0,255000.0,https://turbo.kg/images/014/802/226/0765bbad8aacabda70d1016fa7c7d125-thumb.jpg,7.0,2026-04-07T12:25:06+06:00,,2009,,2.4 л / бензин,,автомат,,внедорожник 5 дв.,,в наличии,обмен не предлагать,,полный,255000 км,,вложений не требует,,"Кочкор-Ата, Джалал-Абадская область",слева,идеальное,растаможен,,Кыргызстан,синий,961000.0,https://turbo.kg/images/014/802/226/0765bbad8aacabda70d1016fa7c7d125.jpeg | https://turbo.kg/images/014/802/227/a909f6e1620067fb3692fe430f717727.jpeg | https://turbo.kg/images/014/802/228/725ce331af8ce20ad746b78390bc3101.jpeg | https://turbo.kg/images/014/802/229/c68f6517d7c439e0f16b5904001817f2.jpeg | https://turbo.kg/images/014/802/230/02ff922e76261292601ad4efc80571fa.jpeg | https://turbo.kg/images/014/802/231/e18a36878d56d683729fcb7a069ced92.jpeg | https://turbo.kg/images/014/802/232/0607a03545e45bc73cb6b175579700d7.jpeg
https://turbo.kg/cars/9Xymucz6,"Mercedes-Benz E-Класс II (W210, S210) 280 2.8, 1998",3933000,1998.0,13550.0,https://turbo.kg/images/014/802/203/8680a7d0473b31eb0c10827c9059df84-thumb.jpg,11.0,2026-04-07T12:15:06+06:00,,1998,,2.8 л / бензин,,автомат,,седан,,в наличии,рассмотрю варианты,,полный,13550 км,,,,"Базар-Коргон, Джалал-Абадская область",слева,хорошее,растаможен,,Кыргызстан,зеленый,3933000.0,https://turbo.kg/images/014/802/203/8680a7d0473b31eb0c10827c9059df84.jpeg | https://turbo.kg/images/014/802/204/87f4a3234efc9e1e7cf2a107aca5a4f5.jpeg | https://turbo.kg/images/014/802/205/6d3944a092e8b2307dd2eded9f8a8630.jpeg | https://turbo.kg/images/014/802/206/ee562e317cab5e1a09818d0539035221.jpeg | https://turbo.kg/images/014/802/207/3f510b29ec22f5bb3a64f3e46dac469b.jpeg | https://turbo.kg/images/014/802/208/cd9a88e5544c6922dbf2bb2bfc36f6c5.jpeg | https://turbo.kg/images/014/802/209/4e8b60b19a66d9a5be091c7de344f2f8.jpeg | https://turbo.kg/images/014/802/210/e257d0593dc5338717c2b88224fc969e.jpeg | https://turbo.kg/images/014/802/211/acd03db2bafafe129540af74f13581e4.jpeg | https://turbo.kg/images/014/802/212/907f77caf49d223d8be23bd9b31b6684.jpeg | https://turbo.kg/images/014/802/213/7d26ef45e83f5b131b8559ff83e54bd8.jpeg
https://turbo.kg/cars/WTWAcFKi,"Hyundai Palisade I Рестайлинг 3.8, 2022",3312000,2022.0,54109.0,https://turbo.kg/images/014/801/734/91666f10d8b0f149d0878a446f7177e9-thumb.jpg,12.0,2026-04-06T17:50:05+06:00,,2022,,3.8 л / бензин,,автомат,,внедорожник 5 дв.,,в наличии,обмен не предлагать,,полный,54109 км,,свежепригнан,,Бишкек,слева,идеальное,растаможен,,Кыргызстан,серый,3312000.0,https://turbo.kg/images/014/801/734/91666f10d8b0f149d0878a446f7177e9.jpeg | https://turbo.kg/images/014/801/735/6d611383a55b2673f347c8ac0197d33b.jpeg | https://turbo.kg/images/014/801/736/6c773c4512997ceea311c51a5a1f4e10.jpeg | https://turbo.kg/images/014/801/737/74df23087cb7c424d728899e830026a1.jpeg | https://turbo.kg/images/014/801/738/200cf993754757f4a574e3efd5ffbb93.jpeg | https://turbo.kg/images/014/801/739/b42be655e81b3585bb8ecfc415b3ee72.jpeg | https://turbo.kg/images/014/801/740/ccf589c732f4a6eb354176399c65264f.jpeg | https://turbo.kg/images/014/801/741/7e1bfa01793567b3500dcb3faebc5df8.jpeg | https://turbo.kg/images/014/801/742/c269d07698148800789f03fa1bd787ed.jpeg | https://turbo.kg/images/014/801/743/1ba83b0574fba0587482ae48a871fcbc.jpeg | https://turbo.kg/images/014/801/744/42f7340c3fc863f7d17ccc7122edf78f.jpeg | https://turbo.kg/images/014/801/745/8d22125d89f6fc18781718272c181337.jpeg
https://turbo.kg/cars/Byr24dsS,"Subaru Forester V 2.5, 2021",1521000,2021.0,158198.0,https://turbo.kg/images/014/801/666/a8e4f033b382d94f6ddfcfc13cca45ae-thumb.jpg,5.0,2026-04-06T17:05:13+06:00,,2021,,2.5 л / бензин,,вариатор,,внедорожник 5 дв.,,в наличии,,,полный,158198 км,,,,Бишкек,слева,хорошее,растаможен,,Не стоит на учёте,серебристый,1521000.0,https://turbo.kg/images/014/801/666/a8e4f033b382d94f6ddfcfc13cca45ae.jpeg | https://turbo.kg/images/014/801/667/cb953ee39271eb874fa17875c1836291.jpeg | https://turbo.kg/images/014/801/668/10ff21c4fdda6cf9a261f221be53471f.jpeg | https://turbo.kg/images/014/801/669/82ed56fc31a2ea74111e21ba36e2ec82.jpeg | https://turbo.kg/images/014/801/670/80ba2d8cdc682077d91d219023f8e7bf.jpeg
https://turbo.kg/cars/602BmVm8,"Toyota Highlander II (U40) Рестайлинг 3.5, 2013",1660000,2013.0,260000.0,https://turbo.kg/images/014/801/658/b2bbffdc618009c65f2de3ebfe2ecefd-thumb.jpg,8.0,2026-04-06T17:05:12+06:00,,2013,04KG007ACF,3.5 л / бензин,,автомат,,внедорожник 5 дв.,,в наличии,рассмотрю варианты,,полный,260000 км,,,,"Базар-Коргон, Джалал-Абадская область",слева,хорошее,растаможен,,Кыргызстан,черный,1660000.0,https://turbo.kg/images/014/801/658/b2bbffdc618009c65f2de3ebfe2ecefd.jpeg | https://turbo.kg/images/014/801/659/7a112c65bdc441ab6dd7e2756fa9e1ec.jpeg | https://turbo.kg/images/014/801/660/463679e4a4ac7c50f3cb9134179a70c6.jpeg | https://turbo.kg/images/014/801/661/38d8db188a297ebcfca5ea95d5657ae1.jpeg | https://turbo.kg/images/014/801/662/b4faef918e276280c13b8a478a117548.jpeg | https://turbo.kg/images/014/801/663/1ba75949312d68946518f24b3392a1aa.jpeg | https://turbo.kg/images/014/801/664/f85dbf2409a82219f156ddcf6234ed55.jpeg | https://turbo.kg/images/014/801/665/55cbb7cbf0d007cfd857263b20e409ac.jpeg
https://turbo.kg/cars/GMfBCnNH,"Hyundai Sonata VIII (DN8) LPi 2.0, 2019",1049000,2019.0,170000.0,https://turbo.kg/images/014/801/649/02adafdc917f8323975fc86794cf6d72-thumb.jpg,9.0,2026-04-06T17:05:11+06:00,,2019,,2.0 л / газ,,автомат,,седан,,в наличии,,,передний,170000 км,,,,Бишкек,слева,хорошее,растаможен,,Кыргызстан,белый,1049000.0,https://turbo.kg/images/014/801/649/02adafdc917f8323975fc86794cf6d72.jpeg | https://turbo.kg/images/014/801/650/21214fe4a400d1147d24dfa082c58b0d.jpeg | https://turbo.kg/images/014/801/651/d5524cecd5b43553ec7c23cad3b9a80e.jpeg | https://turbo.kg/images/014/801/652/ce6baf724a0a025fb53d0836b1715491.jpeg | https://turbo.kg/images/014/801/653/1b33d9329ffbabc4c307b98f43e51bd8.jpeg | https://turbo.kg/images/014/801/654/aef51675ac76d4e4ad241f04f2351853.jpeg | https://turbo.kg/images/014/801/655/91708adf782137bdfd827050f34930e0.jpeg | https://turbo.kg/images/014/801/656/3105a53a0d5a56eddea6eef9d105fafe.jpeg | https://turbo.kg/images/014/801/657/b064c4e6483624370158115e45bc26cd.jpeg
https://turbo.kg/cars/erPU5644,"Kia Optima IV Рестайлинг 2.4, 2018",961000,2018.0,107000.0,https://turbo.kg/images/014/801/602/cc08932f9d96e3af3d77401b08d19cd5-thumb.jpg,8.0,2026-04-06T17:05:06+06:00,,2018,,2.4 л / бензин,,автомат,,седан,,в наличии,,,передний,107000 км,,"вложений не требует, техосмотр пройден, налог уплачен, свежепригнан",,Бишкек,слева,идеальное,растаможен,,Кыргызстан,белый,961000.0,https://turbo.kg/images/014/801/602/cc08932f9d96e3af3d77401b08d19cd5.jpeg | https://turbo.kg/images/014/801/603/84f80a0f8432cf49fcdd3a440807500c.jpeg | https://turbo.kg/images/014/801/604/5da8c19d97289656c9ceb223341070f5.jpeg | https://turbo.kg/images/014/801/605/52b091c9680bf14d0f6f8591991b403f.jpeg | https://turbo.kg/images/014/801/606/d0b45161700dd3b3693ac3782669e9f5.jpeg | https://turbo.kg/images/014/801/607/e68a0829e82c4557b06f59b74b09bd41.jpeg | https://turbo.kg/images/014/801/608/49fb956599d81aea4d0a1f77ac0ed8c7.jpeg | https://turbo.kg/images/014/801/609/4291b172967745a54b44ca57541de419.jpeg
https://turbo.kg/cars/B5j3hjr1,"Audi Q2L I Рестайлинг 35 TFSI 1.4, 2026",2526000,2026.0,1.0,https://turbo.kg/images/014/804/699/c8f3a94f14f26453e43dcc6ab211e0e5-thumb.jpg,5.0,2026-04-06T17:00:05+06:00,,2026,,1.4 л / бензин,,робот,,внедорожник 5 дв.,,в наличии,,,передний,1 км,,,,Бишкек,слева,новое,растаможен,,Кыргызстан,серый,2526000.0,https://turbo.kg/images/014/804/699/c8f3a94f14f26453e43dcc6ab211e0e5.jpeg | https://turbo.kg/images/014/804/700/b8185af1e225a4d6ab230655e541aac4.jpeg | https://turbo.kg/images/014/804/701/95541aa2363fbd16d4ac50106a116877.jpeg | https://turbo.kg/images/014/804/702/d352f6009dc21491049ec62037ba582b.jpeg | https://turbo.kg/images/014/804/703/69890c1a431364a3a9c9b79ecb8623eb.jpeg
https://turbo.kg/cars/u13sY4gk,"Changan Qiyuan Q05 II Electro AT (210 кВт), 2025",1250000,2025.0,150.0,https://turbo.kg/images/014/801/567/d41b524cabd95a6ee88ec5e5ecacc1be-thumb.jpg,10.0,2026-04-06T16:10:06+06:00,,2025,,163 л.с. / 120 кВт / электро,,автомат,,внедорожник 5 дв.,,в наличии,обмен не предлагать,,передний,150 км,,техосмотр пройден,,Бишкек,слева,идеальное,растаможен,,Кыргызстан,коричневый,1250000.0,https://turbo.kg/images/014/801/567/d41b524cabd95a6ee88ec5e5ecacc1be.jpeg | https://turbo.kg/images/014/801/568/354c6d5d53be154c5007e749ea5659f5.jpeg | https://turbo.kg/images/014/801/569/6841f756e3a1940a3144d82e00628105.jpeg | https://turbo.kg/images/014/801/570/335ad98b9e24e25188022a13a539ce0e.jpeg | https://turbo.kg/images/014/801/571/4354004578044926134fd07a744ace6a.jpeg | https://turbo.kg/images/014/801/572/19b5845453111464a7ebbf7e754ec705.jpeg | https://turbo.kg/images/014/801/573/863f4bdbaa1b617f85e54e5dae07b9bf.jpeg | https://turbo.kg/images/014/801/574/7cded8769a21f58adf14005c0fa72fbf.jpeg | https://turbo.kg/images/014/801/575/c9f847bed671c6083417c83827a563d7.jpeg | https://turbo.kg/images/014/801/576/f37a0156bb556bc2e2bd776080f44a95.jpeg
https://turbo.kg/cars/Oq7qYHt3,"Land Rover Range Rover V P530 Long 4.4, 2024",17260000,2024.0,70000.0,https://turbo.kg/images/014/801/546/7075ac0d7b6585908928f12cdd341706-thumb.jpg,8.0,2026-04-06T15:00:06+06:00,,2024,,4.4 л / бензин,,автомат,,внедорожник 5 дв.,,в наличии,с доплатой покупателя,,полный,70000 км,,вложений не требует,,Бишкек,слева,идеальное,растаможен,,Кыргызстан,черный,17260000.0,https://turbo.kg/images/014/801/546/7075ac0d7b6585908928f12cdd341706.jpeg | https://turbo.kg/images/014/801/547/7d8a8070b6334862a0808d1e7655bdec.jpeg | https://turbo.kg/images/014/801/548/2394a9a2704c110080435123a97ebc95.jpeg | https://turbo.kg/images/014/801/549/90caf9eb8f22ae4cb1c33e3b5819621c.jpeg | https://turbo.kg/images/014/801/550/457283625c316bb48b4d4457be66faec.jpeg | https://turbo.kg/images/014/801/551/6734246c03e50050368445eaa50c056b.jpeg | https://turbo.kg/images/014/801/552/87b24f5580c46de0ea819976a58dabb1.jpeg | https://turbo.kg/images/014/801/553/c375afc69a860341c72b6119cd864b11.jpeg
https://turbo.kg/cars/yd4FCZhk,"Toyota Camry V (XV30) 2.4, 2003",787000,2003.0,270000.0,https://turbo.kg/images/014/801/117/d93a54d63fbe1656eff8c9fc2ada8f6d-thumb.jpg,8.0,2026-04-05T17:00:08+06:00,,2003,,2.4 л / бензин,,автомат,,седан,,в наличии,,,передний,270000 км,,,,Бишкек,справа,хорошее,растаможен,,Кыргызстан,белый,787000.0,https://turbo.kg/images/014/801/117/d93a54d63fbe1656eff8c9fc2ada8f6d.jpeg | https://turbo.kg/images/014/801/118/86f4c38ee47f7c41d0fdc0ed15ae814b.jpeg | https://turbo.kg/images/014/801/119/8d4422c53efff5dc3cb4eea594bb0919.jpeg | https://turbo.kg/images/014/801/120/64d9baa0dd29ed658ef78e933212618b.jpeg | https://turbo.kg/images/014/801/121/e62089abebd60bd0f5fb473241021fd9.jpeg | https://turbo.kg/images/014/801/122/f426e2e45666799ae97c67ed364e8895.jpeg | https://turbo.kg/images/014/801/123/80a040782ab810ea1804a95aaf2a37e1.jpeg | https://turbo.kg/images/014/801/124/246c1f534c1bf7d6f1802d80890a2185.jpeg
https://turbo.kg/cars/YsT4EpEj,"Toyota RAV4 III (XA30) 2.0, 2006",856000,2006.0,277500.0,https://turbo.kg/images/014/801/108/80d1d174041cd1f49afedbc00d8fd171-thumb.jpg,9.0,2026-04-05T17:00:06+06:00,,2006,01KG278AEL,2.0 л / бензин,,автомат,,внедорожник 5 дв.,,в наличии,обмен не предлагать,,полный,277500 км,,,есть,Бишкек,слева,идеальное,растаможен,,Кыргызстан,черный,856000.0,https://turbo.kg/images/014/801/108/80d1d174041cd1f49afedbc00d8fd171.jpeg | https://turbo.kg/images/014/801/109/20b9f267a3560202361012599815a6e4.jpeg | https://turbo.kg/images/014/801/110/087b153585961b24fec1f666910dd6eb.jpeg | https://turbo.kg/images/014/801/111/db79b8f493b16e14a66bf4b40381b2e5.jpeg | https://turbo.kg/images/014/801/112/100293e14384669c36aef269d145071f.jpeg | https://turbo.kg/images/014/801/113/ea9fa79aebbb09b647f461ab636b1334.jpeg | https://turbo.kg/images/014/801/114/4e1eec4ba0ef1dcef2f90023b8e7e8fa.jpeg | https://turbo.kg/images/014/801/115/23d802bf186d3df488eb5d9ed8ad6a2d.jpeg | https://turbo.kg/images/014/801/116/2045ab04d31c49cb9eefe27e8878639f.jpeg
https://turbo.kg/cars/WmzDFRJX,"Toyota Avensis I Рестайлинг 2.0, 2002",320000,2002.0,528000.0,https://turbo.kg/images/014/801/089/b4fa7e6ab75223c45eb6503467b0a1bd-thumb.jpg,6.0,2026-04-05T16:55:05+06:00,,2002,04KG561ADQ,2.0 л / дизель,,механика,,универсал,,в наличии,рассмотрю варианты,,передний,528000 км,,,,Бишкек,слева,хорошее,растаможен,,Кыргызстан,серебристый,320000.0,https://turbo.kg/images/014/801/089/b4fa7e6ab75223c45eb6503467b0a1bd.jpeg | https://turbo.kg/images/014/801/090/f2550e95721c97ee3fbc8880394a7323.jpeg | https://turbo.kg/images/014/801/091/c2a8dc707ac9ef4f96e9e506abbc61f7.jpeg | https://turbo.kg/images/014/801/092/155a0a121a94d1c2873cf55e61f08bbe.jpeg | https://turbo.kg/images/014/801/093/20dcd315ce8e3634e66735be16360074.jpeg | https://turbo.kg/images/014/801/094/4a1eaa8fba1b2760552b355b2cbb6a51.jpeg
https://turbo.kg/cars/COHyF9Zx,"Audi 100 III (C3) 2.2, 1986",370000,1986.0,204000.0,https://turbo.kg/images/014/801/071/02c5f25bd399ad8abd402a0edec2e3d9-thumb.jpg,11.0,2026-04-05T16:45:05+06:00,,1986,,2.2 л / бензин,,механика,,седан,,в наличии,обмен не предлагать,,передний,204000 км,,,есть,Бишкек,слева,идеальное,растаможен,,Кыргызстан,золотистый,370000.0,https://turbo.kg/images/014/801/071/02c5f25bd399ad8abd402a0edec2e3d9.jpeg | https://turbo.kg/images/014/801/072/e17772d49d6997efd904f49ffc7f7aa2.jpeg | https://turbo.kg/images/014/801/073/694f83aed500ad9c1ca9afc1e03d4659.jpeg | https://turbo.kg/images/014/801/074/91cf6badbcff039571e5fbcf07e2b877.jpeg | https://turbo.kg/images/014/801/075/d40d1cbd3394a3cdd2398da0dd8a28e7.jpeg | https://turbo.kg/images/014/801/076/98928e61f6acaa8af08af92ec3522290.jpeg | https://turbo.kg/images/014/801/077/4e2a8a0ad3d901eac7ed7d3c30cadff5.jpeg | https://turbo.kg/images/014/801/078/88c846ad17e1f83009081324e75f3bd6.jpeg | https://turbo.kg/images/014/801/079/6e2baff40758f880ace30f5bbe292a7f.jpeg | https://turbo.kg/images/014/801/080/c5f8e97d6a52b737ce5636852dd80f3a.jpeg | https://turbo.kg/images/014/801/081/a45fdeeb2dfd19b0ef38cd5347fc8779.jpeg
https://turbo.kg/cars/KfYikBMK,"Honda CR-V I Рестайлинг 2.0, 2000",682000,2000.0,247000.0,https://turbo.kg/images/014/801/062/e8485e8f7f7d3f22d8e8bb0eb2acd767-thumb.jpg,9.0,2026-04-05T16:40:05+06:00,,2000,,2.0 л / бензин,,механика,,внедорожник 5 дв.,,в наличии,рассмотрю варианты,,полный,247000 км,,,есть,Бишкек,слева,идеальное,растаможен,,Кыргызстан,черный,682000.0,https://turbo.kg/images/014/801/062/e8485e8f7f7d3f22d8e8bb0eb2acd767.jpeg | https://turbo.kg/images/014/801/063/9e1b464937306a519d5d77c57155cb87.jpeg | https://turbo.kg/images/014/801/064/a1890b8258d98689cc544548959d0299.jpeg | https://turbo.kg/images/014/801/065/5fa3c557827c0a4763c6ffc39d7f800d.jpeg | https://turbo.kg/images/014/801/066/9edccc1edec11f9f10777894b4ef3b57.jpeg | https://turbo.kg/images/014/801/067/0b1f047c8523891cddfc0afb8dc354d8.jpeg | https://turbo.kg/images/014/801/068/a662fcf35960d4b94b3204a618e0ef5b.jpeg | https://turbo.kg/images/014/801/069/ac1f441ef8e851ebc2c4fa3cde698630.jpeg | https://turbo.kg/images/014/801/070/c1a2b69c3dd764a65faa60f8de97d2be.jpeg
https://turbo.kg/cars/SAwCATwn,"BMW 5 серии IV (E39) Рестайлинг 525i 2.5, 2002",655000,2002.0,365000.0,https://turbo.kg/images/014/801/054/d4bb19121f92d3c36be5868d04973d02-thumb.jpg,7.0,2026-04-05T16:30:06+06:00,,2002,08KG769APN,2.5 л / бензин,,автомат,,седан,,в наличии,обмен не предлагать,,задний,365000 км,,,,Бишкек,слева,хорошее,растаможен,,Кыргызстан,зеленый,655000.0,https://turbo.kg/images/014/801/054/d4bb19121f92d3c36be5868d04973d02.jpeg | https://turbo.kg/images/014/801/055/3d2ad5004a3a9283847b72c34b3d329d.jpeg | https://turbo.kg/images/014/801/056/ad257dad81fc8a35d810eb01d92e3848.jpeg | https://turbo.kg/images/014/801/057/c886402f74017ec9ca404aaa959b72e4.jpeg | https://turbo.kg/images/014/801/058/a52765b02d82d5dadc5825582bf79abd.jpeg | https://turbo.kg/images/014/801/059/1aec37517a20c90ea41b85ed82f23f9c.jpeg | https://turbo.kg/images/014/801/060/d74c58a2cb1d4fa59c1cdb44a71b3ee2.jpeg
https://turbo.kg/cars/1BSsNCjT,"Hyundai Sonata VII (LF) Рестайлинг 2.0, 2020",1101000,2020.0,127000.0,https://turbo.kg/images/014/801/050/9f68e304b364350142e3177d3b0e81cb-thumb.jpg,4.0,2026-04-05T16:25:10+06:00,,2020,03KG792AGI,2.0 л / газ,,автомат,,седан,,в наличии,,,передний,127000 км,,"вложений не требует, техосмотр пройден, налог уплачен",,Бишкек,слева,идеальное,растаможен,,Кыргызстан,серебристый,1101000.0,https://turbo.kg/images/014/801/050/9f68e304b364350142e3177d3b0e81cb.jpeg | https://turbo.kg/images/014/801/051/502c2233d2df44bed0c060b5723c2fad.jpeg | https://turbo.kg/images/014/801/052/7aa079f03dda549741f66ccbf743412e.jpeg | https://turbo.kg/images/014/801/053/b8443c27b60f36a5da3830ab9901e89a.jpeg
https://turbo.kg/cars/3sh898F6,"Chevrolet Spark IV 1.0, 2016",577000,2016.0,234800.0,https://turbo.kg/images/014/801/032/31208a70c0b3479c9e5c0af07c261f84-thumb.jpg,6.0,2026-04-05T16:25:08+06:00,,2016,04KG817APM,1.0 л / бензин,,вариатор,,хэтчбек 5 дв.,,в наличии,,,передний,234800 км,,,,Бишкек,слева,идеальное,растаможен,,Кыргызстан,белый,577000.0,https://turbo.kg/images/014/801/032/31208a70c0b3479c9e5c0af07c261f84.jpeg | https://turbo.kg/images/014/801/033/a3a22ed9e30dd3ff3895d33e6fc5f6ce.jpeg | https://turbo.kg/images/014/801/034/b504709ddf7b41e97ae7d24c7a52e134.jpeg | https://turbo.kg/images/014/801/035/9b1c587823b321ecc4a331999083c41d.jpeg | https://turbo.kg/images/014/801/036/a6d576cec14ef5bb38777d730291359c.jpeg | https://turbo.kg/images/014/801/037/504955a4046c2103d373f26a8c1a6f54.jpeg
https://turbo.kg/cars/tcaL9USm,"Chevrolet Onix II 1.0, 2020",708000,2020.0,56000.0,https://turbo.kg/images/014/801/026/1144bb01ddb94c48712c78fb79baaffb-thumb.jpg,6.0,2026-04-05T16:25:07+06:00,,2020,,1.0 л / бензин,,автомат,,седан,,в наличии,,,передний,56000 км,,"свежепригнан, налог уплачен, техосмотр пройден, вложений не требует",,Бишкек,слева,хорошее,растаможен,,Кыргызстан,белый,708000.0,https://turbo.kg/images/014/801/026/1144bb01ddb94c48712c78fb79baaffb.jpeg | https://turbo.kg/images/014/801/027/35a71717324ed434bb4e158c933a3e86.jpeg | https://turbo.kg/images/014/801/028/1a837dfd4cf5e081e9a631b6f57e6b9c.jpeg | https://turbo.kg/images/014/801/029/70dbec98e7c27d2f822d4ad7fc32132d.jpeg | https://turbo.kg/images/014/801/030/e6d01b63fe77f76467abd7d9c8b331b6.jpeg | https://turbo.kg/images/014/801/031/2b59490825a750c496814acada02dcbf.jpeg
https://turbo.kg/cars/XfBbLdBX,"Renault Samsung QM6 I 2.0, 2019",1092000,2019.0,114000.0,https://turbo.kg/images/014/801/022/39415a46307fd4e5bcccba1ef60bacca-thumb.jpg,4.0,2026-04-05T16:25:06+06:00,,2019,01KG274AYO,2.0 л / дизель,,вариатор,,внедорожник 5 дв.,,в наличии,,,передний,114000 км,,,,Бишкек,слева,идеальное,растаможен,,Кыргызстан,белый,1092000.0,https://turbo.kg/images/014/801/022/39415a46307fd4e5bcccba1ef60bacca.jpeg | https://turbo.kg/images/014/801/023/0b9a1c083f13f350a40321cfbd2b2ae9.jpeg | https://turbo.kg/images/014/801/024/060b4be0e36ace0096ad8e35384781ef.jpeg | https://turbo.kg/images/014/801/025/03e0765bcc34ae1a7108f2e4d60e0846.jpeg
https://turbo.kg/cars/HPz8oIvj,"Kia Sorento IV 1.6, 2022",1888000,2022.0,130000.0,https://turbo.kg/images/014/801/012/86599130e569c77c7ed47725e9651628-thumb.jpg,9.0,2026-04-05T16:20:11+06:00,,2022,08KG983AUO,1.6 л / гибрид,,автомат,,внедорожник 5 дв.,,в наличии,,,полный,130000 км,,"свежепригнан, вложений не требует",,Бишкек,слева,идеальное,растаможен,,Не стоит на учёте,серебристый,1888000.0,https://turbo.kg/images/014/801/012/86599130e569c77c7ed47725e9651628.jpeg | https://turbo.kg/images/014/801/013/9021e74c39ac88f5ff13bc99d1ee683f.jpeg | https://turbo.kg/images/014/801/014/6e803e266e1fd4452eed11ca54ba2a5f.jpeg | https://turbo.kg/images/014/801/015/b9f307132ce68057eb773bb292ca4552.jpeg | https://turbo.kg/images/014/801/016/8c92fa294253ad87a255c0a3b0cb8947.jpeg | https://turbo.kg/images/014/801/017/fe8c5f46498463b278110c3d2c8975f4.jpeg | https://turbo.kg/images/014/801/018/788900020a3b6b474a5e98635cbe9bde.jpeg | https://turbo.kg/images/014/801/019/a486a98ce8e9fef10c1d3c732d43e420.jpeg | https://turbo.kg/images/014/801/020/05751478486b7c6f0b6b143f404e2620.jpeg
https://turbo.kg/cars/2QQ7H1iH,"Hyundai Sonata VII (LF) Рестайлинг 2.0, 2020",1049000,2020.0,350000.0,https://turbo.kg/images/014/801/007/a15b729322c7c8d777c00dac2319532d-thumb.jpg,5.0,2026-04-05T16:20:10+06:00,,2020,,2.0 л / газ,,автомат,,седан,,в наличии,,,передний,350000 км,,,,Бишкек,слева,хорошее,растаможен,,Кыргызстан,белый,1049000.0,https://turbo.kg/images/014/801/007/a15b729322c7c8d777c00dac2319532d.jpeg | https://turbo.kg/images/014/801/008/636f72ec790120b2654beca43192f927.jpeg | https://turbo.kg/images/014/801/009/72348af9eec435c01e23e77f0a2ee15a.jpeg | https://turbo.kg/images/014/801/010/a91815ad632911a4598f57141abcaa16.jpeg | https://turbo.kg/images/014/801/011/5eb8b0c75e859ed0da6f27458e83e0af.jpeg
https://turbo.kg/cars/LKnV8Ewx,"Hyundai Grandeur VI 3.0, 2019",1390000,2019.0,15900.0,https://turbo.kg/images/014/801/001/84ed85bc963c0afbb09f6919cce5501f-thumb.jpg,6.0,2026-04-05T16:20:09+06:00,,2019,07KG912AED,3.0 л / газ,,автомат,,седан,,в наличии,,,передний,15900 км,,,,Бишкек,слева,хорошее,растаможен,,Кыргызстан,черный,1390000.0,https://turbo.kg/images/014/801/001/84ed85bc963c0afbb09f6919cce5501f.jpeg | https://turbo.kg/images/014/801/002/04dfc8b4884f4e52c05b1a8daa587257.jpeg | https://turbo.kg/images/014/801/003/92a1cd2d280633627ffbaaeee718c6c6.jpeg | https://turbo.kg/images/014/801/004/3546d178d047551b1eb4af20b0a5f4e3.jpeg | https://turbo.kg/images/014/801/005/40a24117035d704bf82b267be54cdaeb.jpeg | https://turbo.kg/images/014/801/006/4ad836fcb46d27aa4810b9ac60491f23.jpeg
https://turbo.kg/cars/LwbbuEMb,"Kia K5 II Седан 2.0, 2019",1215000,2019.0,92000.0,https://turbo.kg/images/014/800/996/150e4248028abede2bc56aebe089a939-thumb.jpg,5.0,2026-04-05T16:20:08+06:00,,2019,,2.0 л / газ,,автомат,,седан,,в наличии,,,передний,92000 км,,,,Бишкек,слева,хорошее,растаможен,,Кыргызстан,белый,1215000.0,https://turbo.kg/images/014/800/996/150e4248028abede2bc56aebe089a939.jpeg | https://turbo.kg/images/014/800/997/71ebe87bd45c5cecde1f14b4dbce3b8a.jpeg | https://turbo.kg/images/014/800/998/fa122026c38f123224c664590c1c88a9.jpeg | https://turbo.kg/images/014/800/999/cc40802de4056f5ab25dc588852f8b09.jpeg | https://turbo.kg/images/014/801/000/90ddf41c1c407530523f9b6049bfb98d.jpeg
https://turbo.kg/cars/FDpzUPWN,"Hyundai Sonata VII (LF) Рестайлинг 2.0, 2019",743000,2019.0,520903.0,https://turbo.kg/images/014/800/991/c69a5524a394dbe9352d10ba1213e21d-thumb.jpg,5.0,2026-04-05T16:20:07+06:00,,2019,04KG401ALA,2.0 л / газ,,автомат,,седан,,в наличии,обмен не предлагать,,передний,520903 км,,,,Бишкек,слева,идеальное,растаможен,,Кыргызстан,оранжевый,743000.0,https://turbo.kg/images/014/800/991/c69a5524a394dbe9352d10ba1213e21d.jpeg | https://turbo.kg/images/014/800/992/4bb5e89feceb5b404eab53782c66b342.jpeg | https://turbo.kg/images/014/800/993/7553521475b4d8f65eab9c1ee169eb61.jpeg | https://turbo.kg/images/014/800/994/0fbbae1846c319806c4a0b47520e706e.jpeg | https://turbo.kg/images/014/800/995/8c5581bd314f5061fcf8ba1c281e5881.jpeg
https://turbo.kg/cars/GMB8prSl,"Kia Sportage IV Рестайлинг 2.0, 2020",1092000,2020.0,197730.0,https://turbo.kg/images/014/800/985/546880f9e71962d576e31c71a7ff067c-thumb.jpg,6.0,2026-04-05T16:20:06+06:00,,2020,01KG560AVR,2.0 л / дизель,,автомат,,внедорожник 5 дв.,,в наличии,,,передний,197730 км,,,,Бишкек,слева,хорошее,растаможен,,Кыргызстан,серебристый,1092000.0,https://turbo.kg/images/014/800/985/546880f9e71962d576e31c71a7ff067c.jpeg | https://turbo.kg/images/014/800/986/2ef9732c0c83fbfdd1d6738020d985f1.jpeg | https://turbo.kg/images/014/800/987/0000c9f75f1afdd8f997b641296bfba4.jpeg | https://turbo.kg/images/014/800/988/290a220e529f468ca83654a18a699d0c.jpeg | https://turbo.kg/images/014/800/989/dd8a9af99a8639303829a35b371cfe59.jpeg | https://turbo.kg/images/014/800/990/64d2b60fc43cf3e61e9cac008f2d9c3f.jpeg
https://turbo.kg/cars/JyexXeLh,"Zeekr 001 I Рестайлинг 100 kWh Electro AT (580 кВт) 4WD, 2025",3129000,2025.0,5000.0,https://turbo.kg/images/014/800/973/fef36ef4c05590c3f3f9027ae3900598-thumb.jpg,8.0,2026-04-05T16:10:05+06:00,,2025,,789 л.с. / 580 кВт / электро,,автомат,,лифтбек,,на заказ,обмен не предлагать,,полный,5000 км,,,,Китай,слева,хорошее,не растаможен,,Другая страна,белый,3129000.0,https://turbo.kg/images/014/800/973/fef36ef4c05590c3f3f9027ae3900598.jpeg | https://turbo.kg/images/014/800/974/57a0e353a7acb8b32588d25ad2965b84.jpeg | https://turbo.kg/images/014/800/975/02c195bef399dd5dbb6a856c4394599d.jpeg | https://turbo.kg/images/014/800/976/c1727e34d17d8abc9d549e8ece7bcfd7.jpeg | https://turbo.kg/images/014/800/977/ac1f5f84994ffe888b73a8784b4032b1.jpeg | https://turbo.kg/images/014/800/978/8b63e7b6c3cae16b4b2aebfeacfa66b2.jpeg | https://turbo.kg/images/014/800/979/0bdcf0d8b289b76cd879b0d3de7addb5.jpeg | https://turbo.kg/images/014/800/980/1d10d64b0a6580e8e96514fb5d003a26.jpeg
https://turbo.kg/cars/XNplGakm,"BMW X5 I (E53) 3.0, 2001",874000,2001.0,300000.0,https://turbo.kg/images/014/800/967/bd8c041a448dc2e128db9e7c09263c71-thumb.jpg,6.0,2026-04-05T15:55:06+06:00,,2001,01KG694AXY,3.0 л / бензин,,автомат,,внедорожник 5 дв.,,в наличии,,,полный,300000 км,,,,Бишкек,слева,хорошее,растаможен,,Кыргызстан,серебристый,874000.0,https://turbo.kg/images/014/800/967/bd8c041a448dc2e128db9e7c09263c71.jpeg | https://turbo.kg/images/014/800/968/82282ce38f52896b96c98838c6da6914.jpeg | https://turbo.kg/images/014/800/969/e2b439cb4771d59e346eab05104deb2c.jpeg | https://turbo.kg/images/014/800/970/54aab5f0d4f1c04157a41654023a8ecc.jpeg | https://turbo.kg/images/014/800/971/394ae85cdc05e783431abe2c1e6086ce.jpeg | https://turbo.kg/images/014/800/972/e1b22adfe514830231c1275d57c269f7.jpeg
https://turbo.kg/cars/3qQSSGb4,"Kia K5 II Седан 2.0, 2018",1197000,2018.0,196000.0,https://turbo.kg/images/014/800/951/67ae8f6800594afd70263568189ce2a3-thumb.jpg,4.0,2026-04-05T15:15:08+06:00,,2018,,2.0 л / газ,,автомат,,седан,,в наличии,,,передний,196000 км,,,,Бишкек,слева,хорошее,не растаможен,,Не стоит на учёте,белый,1197000.0,https://turbo.kg/images/014/800/951/67ae8f6800594afd70263568189ce2a3.jpeg | https://turbo.kg/images/014/800/952/682d83ef7f44e7621e4cbe8eca29039d.jpeg | https://turbo.kg/images/014/800/953/bdbf3c93c8f37096076dad5246da75d7.jpeg | https://turbo.kg/images/014/800/954/6fdef9eb6f8b15005f3e7ef32b8f71b4.jpeg
https://turbo.kg/cars/9ecc2OUG,"Opel Zafira A 1.8, 2000",420000,2000.0,400000.0,https://turbo.kg/images/014/800/941/d60ddf17a172a65556dca1df2bdb6922-thumb.jpg,7.0,2026-04-05T15:10:06+06:00,,2000,08KG137AVP,1.8 л / бензин,,автомат,,компактвэн,,в наличии,рассмотрю варианты,,передний,400000 км,,,есть,Кант,слева,идеальное,растаможен,,Кыргызстан,черный,420000.0,https://turbo.kg/images/014/800/941/d60ddf17a172a65556dca1df2bdb6922.jpeg | https://turbo.kg/images/014/800/942/d860cabf44df098b83d2cac33809b648.jpeg | https://turbo.kg/images/014/800/943/ef419bb399d7c4a472a2695df7035c9b.jpeg | https://turbo.kg/images/014/800/944/b6d4e78249c633ecd3d770cd9ec1002f.jpeg | https://turbo.kg/images/014/800/945/7dfe880b729400768c8ffd7094767425.jpeg | https://turbo.kg/images/014/800/946/7721a8fcd8f4958592a937c7928fda91.jpeg | https://turbo.kg/images/014/800/947/e9273283ff1be10a708c322e3fa26945.jpeg
https://turbo.kg/cars/oqdctAaq,"Hyundai Grandeur VI 3.0, 2018",1049000,2018.0,287000.0,https://turbo.kg/images/014/800/930/61475fd2cab70dbf97942a3dbada42a3-thumb.jpg,5.0,2026-04-05T15:00:07+06:00,,2018,,3.0 л / газ,,автомат,,седан,,в наличии,рассмотрю варианты,,передний,287000 км,,,,Бишкек,слева,идеальное,растаможен,,Кыргызстан,серебристый,1049000.0,https://turbo.kg/images/014/800/930/61475fd2cab70dbf97942a3dbada42a3.jpeg | https://turbo.kg/images/014/800/931/2d21124358febd0fc95530d69fde0aa9.jpeg | https://turbo.kg/images/014/800/932/770bd7ce9b0b517ce7d186a069cc344e.jpeg | https://turbo.kg/images/014/800/933/74ab1905a0550b32ed9418ee76b303c8.jpeg | https://turbo.kg/images/014/800/934/c4ef8bdbcaeda18f3e46134982e1751b.jpeg
https://turbo.kg/cars/khE8TcEN,"Lexus NX I Рестайлинг 300 2.0, 2020",2010000,2020.0,68000.0,https://turbo.kg/images/014/800/925/b35e491624660a065e736459320ccfb2-thumb.jpg,5.0,2026-04-05T15:00:06+06:00,,2020,,2.0 л / бензин,,автомат,,внедорожник 5 дв.,,в наличии,обмен не предлагать,,полный,68000 км,,,,Бишкек,слева,идеальное,растаможен,,Кыргызстан,серебристый,2010000.0,https://turbo.kg/images/014/800/925/b35e491624660a065e736459320ccfb2.jpeg | https://turbo.kg/images/014/800/926/9d79727e1a248c8fb1508c231651ad82.jpeg | https://turbo.kg/images/014/800/927/4fc6875bc71fd63b02cb3d5d4acbec46.jpeg | https://turbo.kg/images/014/800/928/a3a9bfc8aabeb183961dc0e4645cc88c.jpeg | https://turbo.kg/images/014/800/929/d896ea8d087cb802a88ebb064f9145a6.jpeg
https://turbo.kg/cars/NrbVbjiU,"Subaru Outback II 2.5, 2003",470000,2003.0,228526.0,https://turbo.kg/images/014/800/919/0970f2885e01dda224ed045790d9fbac-thumb.jpg,6.0,2026-04-05T15:00:05+06:00,,2003,08KG043AVT,2.5 л / бензин,,автомат,,универсал,,в наличии,обмен не предлагать,,полный,228526 км,,,,Бишкек,слева,хорошее,растаможен,,Кыргызстан,бордовый,470000.0,https://turbo.kg/images/014/800/919/0970f2885e01dda224ed045790d9fbac.jpeg | https://turbo.kg/images/014/800/920/b0a4ebb0500b2edbe03c219ef4e291ac.jpeg | https://turbo.kg/images/014/800/921/9a6e2895e618b4409eeb5abb0b415b6a.jpeg | https://turbo.kg/images/014/800/922/9edb55302820ad0b417fbaf350ba138a.jpeg | https://turbo.kg/images/014/800/923/2d95c7b33f39d9aa39c6e1b46061f58e.jpeg | https://turbo.kg/images/014/800/924/61ba79952db6a8474aedcb36f3cd42cf.jpeg
https://turbo.kg/cars/3k2SKFYz,"Toyota Ist I 1.3, 2003",481000,2003.0,250000.0,https://turbo.kg/images/014/800/903/0679da1419a7584a205ffb4b607eb6b0-thumb.jpg,4.0,2026-04-05T14:00:06+06:00,,2003,,1.3 л / бензин,,автомат,,хэтчбек 5 дв.,,в наличии,,,передний,250000 км,,,,Бишкек,справа,хорошее,растаможен,,Кыргызстан,серый,481000.0,https://turbo.kg/images/014/800/903/0679da1419a7584a205ffb4b607eb6b0.jpeg | https://turbo.kg/images/014/800/904/eb6af8cda842bf278a71a77f07331b4f.jpeg | https://turbo.kg/images/014/800/905/5e8be6a4e5ef570526818600f7fc4e72.jpeg | https://turbo.kg/images/014/800/906/08fe336791becd19b0af65a3c55d08db.jpeg
https://turbo.kg/cars/NNh47sot,"Honda Stream I Рестайлинг 1.7, 2005",520000,2005.0,25600.0,https://turbo.kg/images/014/800/896/4956b06f701fd7f4c3d5db9feaface9b-thumb.jpg,7.0,2026-04-05T14:00:05+06:00,,2005,,1.7 л / бензин,,автомат,,компактвэн,,в наличии,,,передний,25600 км,,,,Бишкек,справа,хорошее,растаможен,,Кыргызстан,золотистый,520000.0,https://turbo.kg/images/014/800/896/4956b06f701fd7f4c3d5db9feaface9b.jpeg | https://turbo.kg/images/014/800/897/ca372c9dcdccb085ea9025e26ad61e09.jpeg | https://turbo.kg/images/014/800/898/50ca29e5079ddcedc4f9c40e5b2bcc5f.jpeg | https://turbo.kg/images/014/800/899/33c463151ea4bc13d6b5bda7608fceda.jpeg | https://turbo.kg/images/014/800/900/932812df8f40428cd35992eb291cfd9c.jpeg | https://turbo.kg/images/014/800/901/10d6262d6fa5068794313f268307ecfb.jpeg | https://turbo.kg/images/014/800/902/1607dccdfbb8b18a2656c6693a03cb4f.jpeg
https://turbo.kg/cars/MSnf1jXl,"Honda Accord VI 2.3, 2002",280000,2002.0,256000.0,https://turbo.kg/images/014/800/880/14cc7ebfc478f4a4cc97e657b4ad3b2a-thumb.jpg,6.0,2026-04-05T13:45:05+06:00,,2002,05KG154ADX,2.3 л / бензин,,автомат,,хэтчбек 5 дв.,,в наличии,,,передний,256000 км,,,есть,Бишкек,справа,идеальное,растаможен,,Кыргызстан,бордовый,280000.0,https://turbo.kg/images/014/800/880/14cc7ebfc478f4a4cc97e657b4ad3b2a.jpeg | https://turbo.kg/images/014/800/881/f628787f0f7c752076d424d7c21115e2.jpeg | https://turbo.kg/images/014/800/882/f1db1d38de481ddf67f66990446692c3.jpeg | https://turbo.kg/images/014/800/883/2c99f5ee9d602f13f06a44cf9699e60f.jpeg | https://turbo.kg/images/014/800/884/1e977e015f62b595870089b6119193c3.jpeg | https://turbo.kg/images/014/800/885/5a43ebbb2659255db1d84f821fe67b5e.jpeg
https://turbo.kg/cars/j7e9bmA6,"Nissan Almera Tino 1.8, 2004",440000,2004.0,400000.0,https://turbo.kg/images/014/800/860/693a6772db3b3ceb0be10c8802bb5f05-thumb.jpg,8.0,2026-04-05T13:30:05+06:00,,2004,,1.8 л / бензин,,механика,,компактвэн,,в наличии,обмен не предлагать,,передний,400000 км,,,есть,Сокулук,слева,идеальное,растаможен,,Кыргызстан,серый,440000.0,https://turbo.kg/images/014/800/860/693a6772db3b3ceb0be10c8802bb5f05.jpeg | https://turbo.kg/images/014/800/861/5acf137017d4060085b60e157104a0a3.jpeg | https://turbo.kg/images/014/800/862/cc266866786c9c17094d69580e89ed0c.jpeg | https://turbo.kg/images/014/800/863/c3037f38cc3e6f472307787615580aef.jpeg | https://turbo.kg/images/014/800/864/5d81ce76599f51be26fa5b39309a23d7.jpeg | https://turbo.kg/images/014/800/865/74b4d3f4f099be4f6906cf72941d1612.jpeg | https://turbo.kg/images/014/800/866/d53617f68b9eb893c56a5cf44d1e5886.jpeg | https://turbo.kg/images/014/800/867/365a5d5d2a36084d70eca8f7ac598f3e.jpeg
https://turbo.kg/cars/UoV7j6Yo,"Toyota Ist I 1.5, 2004",450000,2004.0,370000.0,https://turbo.kg/images/014/800/840/f89d588d97c8c3d73472e67d052c73bd-thumb.jpg,8.0,2026-04-05T13:20:05+06:00,,2004,,1.5 л / бензин,,автомат,,хэтчбек 5 дв.,,в наличии,рассмотрю варианты,,передний,370000 км,,,есть,Бишкек,справа,хорошее,растаможен,,Кыргызстан,белый,450000.0,https://turbo.kg/images/014/800/840/f89d588d97c8c3d73472e67d052c73bd.jpeg | https://turbo.kg/images/014/800/841/75e3a24df6245b194c0c40e3356f7665.jpeg | https://turbo.kg/images/014/800/842/e5aedc9b86dc9f452d1d133b2320c56e.jpeg | https://turbo.kg/images/014/800/843/d34a886c3ec318c2e382ef24d1ca34c2.jpeg | https://turbo.kg/images/014/800/844/8c482d9d06bf23d75341d6be34942031.jpeg | https://turbo.kg/images/014/800/845/72cfc6f923cc368565468ac72cbd9643.jpeg | https://turbo.kg/images/014/800/846/9cda91d28302976a1a9c13ab04e68792.jpeg | https://turbo.kg/images/014/800/847/8b7558457efd6ce4ab3597dfbf8fb143.jpeg
https://turbo.kg/cars/bAKtU14R,"Subaru Outback III 2.5, 2005",620000,2005.0,350000.0,https://turbo.kg/images/014/800/835/905eb247444badc36a676a69a7c18e60-thumb.jpg,5.0,2026-04-05T13:15:10+06:00,,2005,,2.5 л / бензин,,автомат,,универсал,,в наличии,,,полный,350000 км,,,,Бишкек,слева,хорошее,растаможен,,Кыргызстан,синий,620000.0,https://turbo.kg/images/014/800/835/905eb247444badc36a676a69a7c18e60.jpeg | https://turbo.kg/images/014/800/836/a1c75eb818d31e713fc7a196444d059d.jpeg | https://turbo.kg/images/014/800/837/7b9a71f9615816c19d507a9e1baf66c5.jpeg | https://turbo.kg/images/014/800/838/57134b0c1633923b4a1c56ec4b6276dc.jpeg | https://turbo.kg/images/014/800/839/91c7bba1ebb957db5c6bec764f68d441.jpeg
https://turbo.kg/cars/mbLunJ0E,"Honda Inspire IV 3.0, 2004",655000,2004.0,300000.0,https://turbo.kg/images/014/800/825/f3422527ecb391105c5cba96db1d3382-thumb.jpg,5.0,2026-04-05T13:15:08+06:00,,2004,,3.0 л / бензин,,автомат,,седан,,в наличии,,,передний,300000 км,,,,Бишкек,справа,хорошее,растаможен,,Кыргызстан,серебристый,655000.0,https://turbo.kg/images/014/800/825/f3422527ecb391105c5cba96db1d3382.jpeg | https://turbo.kg/images/014/800/826/48647935ef7653d2b07fae6827c700a1.jpeg | https://turbo.kg/images/014/800/827/b5068fb20d18ef508fefd3ec600de58b.jpeg | https://turbo.kg/images/014/800/828/832ad4bbbe9f7bc1149b6d65432b5b9c.jpeg | https://turbo.kg/images/014/800/829/d269a7b3623157ff072b51f1e77a9d95.jpeg
https://turbo.kg/cars/mRnWzRHL,"Daihatsu Cuore VI (L251) 1.0, 2005",245000,2005.0,250000.0,https://turbo.kg/images/014/800/809/09b56a6b0de7fed29a02d64189e5b30a-thumb.jpg,5.0,2026-04-05T13:10:06+06:00,,2005,08KG037AVS,1.0 л / бензин,,механика,,хэтчбек 5 дв.,,в наличии,,,передний,250000 км,,,,Бишкек,слева,хорошее,растаможен,,Кыргызстан,розовый,245000.0,https://turbo.kg/images/014/800/809/09b56a6b0de7fed29a02d64189e5b30a.jpeg | https://turbo.kg/images/014/800/810/e1490d343fa2bdd6739ab6d9adee4ada.jpeg | https://turbo.kg/images/014/800/811/b5759470a379dbbdf9eb3e9557dd5958.jpeg | https://turbo.kg/images/014/800/812/5fa6625388b343c0ef214a196996ca19.jpeg | https://turbo.kg/images/014/800/813/f0991bd85d1f9410512a657baf045925.jpeg
https://turbo.kg/cars/Mq4yV0iN,"Lexus RX I 300 3.0, 2002",918000,2002.0,182315.0,https://turbo.kg/images/014/800/804/482d99f351f958c59f6a85866d86ce12-thumb.jpg,5.0,2026-04-05T13:10:05+06:00,,2002,D6273U,3.0 л / бензин,,автомат,,внедорожник 5 дв.,,в наличии,рассмотрю варианты,,полный,182315 км,,,есть,Бишкек,слева,хорошее,растаможен,,Кыргызстан,серебристый,918000.0,https://turbo.kg/images/014/800/804/482d99f351f958c59f6a85866d86ce12.jpeg | https://turbo.kg/images/014/800/805/4eeffe122972e7b9f9e9011c1933951f.jpeg | https://turbo.kg/images/014/800/806/dc382ff264f8810a07a1a59cd7d3c3ad.jpeg | https://turbo.kg/images/014/800/807/07b8cb9e0d9946f95f84c160a6cc8587.jpeg | https://turbo.kg/images/014/800/808/39ab2d797d254c9e260c665ec09c890c.jpeg
https://turbo.kg/cars/qAdJjP8x,"Subaru Forester V Рестайлинг 2.5, 2022",1730000,2022.0,70000.0,https://turbo.kg/images/014/800/794/d38c43d335f8d5ec8825c31e47e079cc-thumb.jpg,10.0,2026-04-05T13:00:05+06:00,,2022,,2.5 л / бензин,,вариатор,,внедорожник 5 дв.,,в наличии,,,полный,70000 км,,"налог уплачен, техосмотр пройден",,Бишкек,слева,хорошее,растаможен,,Кыргызстан,серый,1730000.0,https://turbo.kg/images/014/800/794/d38c43d335f8d5ec8825c31e47e079cc.jpeg | https://turbo.kg/images/014/800/795/88e2f020f164f565ab79ab5bda414306.jpeg | https://turbo.kg/images/014/800/796/b707d70c09f8281c3424bd1d81a528bf.jpeg | https://turbo.kg/images/014/800/797/e4cdea3300bb6c5e6cb772d85e60ac6e.jpeg | https://turbo.kg/images/014/800/798/c574729f22c6738bc2f5f0a9c990946a.jpeg | https://turbo.kg/images/014/800/799/16fc3133f3788c1b2672a01331807964.jpeg | https://turbo.kg/images/014/800/800/0fabb573c73f3a0327d40762708164f2.jpeg | https://turbo.kg/images/014/800/801/af176305508a4e22682f4886da8d4765.jpeg | https://turbo.kg/images/014/800/802/291962bb604eaa571da49efb2e09d151.jpeg | https://turbo.kg/images/014/800/803/0293871cbfe4695ac487d7b7295741c1.jpeg
https://turbo.kg/cars/0XW66HaW,"Honda Civic VIII Hybrid 1.3, 2006",435000,2006.0,269000.0,https://turbo.kg/images/014/800/762/b036f8c1b63bd0b1d2be436d3541a421-thumb.jpg,5.0,2026-04-05T12:00:05+06:00,,2006,01KG331AIK,1.3 л / гибрид,,вариатор,,седан,,в наличии,,,передний,269000 км,,налог уплачен,,Бишкек,справа,хорошее,растаможен,,Кыргызстан,серый,435000.0,https://turbo.kg/images/014/800/762/b036f8c1b63bd0b1d2be436d3541a421.jpeg | https://turbo.kg/images/014/800/763/3ec265182c110965dde00669e760fef1.jpeg | https://turbo.kg/images/014/800/764/5ec8ee0f9b9a808b21b21650c58094a5.jpeg | https://turbo.kg/images/014/800/765/5115d409eea3573419f587679ab2a927.jpeg | https://turbo.kg/images/014/800/766/9e18208f168ef0f4a331d37a426a1206.jpeg
https://turbo.kg/cars/oKLRqvuT,"Mitsubishi Pajero II 2.5, 1993",500000,1993.0,324000.0,https://turbo.kg/images/014/800/757/59e6a24da22f105db8206216343c7df3-thumb.jpg,5.0,2026-04-05T11:55:05+06:00,,1993,08KG008MAD,2.5 л / дизель,,автомат,,внедорожник 5 дв.,,в наличии,рассмотрю варианты,,полный,324000 км,,,,Бишкек,справа,хорошее,растаможен,,Кыргызстан,бежевый,500000.0,https://turbo.kg/images/014/800/757/59e6a24da22f105db8206216343c7df3.jpeg | https://turbo.kg/images/014/800/758/9abb6e94b0cc2e42cbe1aec6abcd441e.jpeg | https://turbo.kg/images/014/800/759/174a43edaa2f7b960537ee0e78fc6916.jpeg | https://turbo.kg/images/014/800/760/ab700456ba1aac080db7c52e19b95cf6.jpeg | https://turbo.kg/images/014/800/761/260c0c02ad8e18e67f679564eae5351d.jpeg
https://turbo.kg/cars/rKX4Hp2I,"Volkswagen Passat B4 2.0, 1994",210000,1994.0,299878.0,https://turbo.kg/images/014/800/752/02c4c9c87a8b0f1e7821f986ee5c2fc2-thumb.jpg,5.0,2026-04-05T11:50:06+06:00,,1994,07KG202AAE,2.0 л / бензин,,механика,,универсал,,в наличии,рассмотрю варианты,,передний,299878 км,,,,"Талас, Таласская область",слева,хорошее,растаможен,,Кыргызстан,белый,210000.0,https://turbo.kg/images/014/800/752/02c4c9c87a8b0f1e7821f986ee5c2fc2.jpeg | https://turbo.kg/images/014/800/753/ea2c6a31abaea310a053246afd8d7655.jpeg | https://turbo.kg/images/014/800/754/9c19b63476fb0f1696528250b180c54d.jpeg | https://turbo.kg/images/014/800/755/ce9b859249ef9ef0e2a72e90aa72f039.jpeg | https://turbo.kg/images/014/800/756/2f497b7311cdd877fcbc82b335ba7aa3.jpeg
https://turbo.kg/cars/ZlRzsGjA,"Hyundai Grand Starex I Рестайлинг 2 2.5, 2020",2097000,2020.0,150000.0,https://turbo.kg/images/014/800/740/af473b4b7cd05472acc66c31613563b9-thumb.jpg,12.0,2026-04-05T11:50:05+06:00,KMH**************,2020,08KG342AWN,2.5 л / дизель,,автомат,,минивэн,,в наличии,,,полный,150000 км,,"свежепригнан, налог уплачен",,Бишкек,слева,хорошее,растаможен,,Кыргызстан,серебристый,2097000.0,https://turbo.kg/images/014/800/740/af473b4b7cd05472acc66c31613563b9.jpeg | https://turbo.kg/images/014/807/161/0454f3d076db9def67b228fe70bf2e44.jpeg | https://turbo.kg/images/014/800/741/ea72cd737cd3a574d31ffa6569bd1ba6.jpeg | https://turbo.kg/images/014/800/744/a58b1d316e40e05ba7a3fdac9a672ba6.jpeg | https://turbo.kg/images/014/800/742/7b4de2530aee63ebc3799293eeb2dc09.jpeg | https://turbo.kg/images/014/800/743/25aa2a40034b1e22f16a16e662fdb73f.jpeg | https://turbo.kg/images/014/800/745/e1c7efcafbac64f28a731e66a7f7d36b.jpeg | https://turbo.kg/images/014/800/746/217f0a29b13c44709eaab4347ef89e59.jpeg | https://turbo.kg/images/014/800/747/74c61991c23b92cd520e716f81eab3bc.jpeg | https://turbo.kg/images/014/800/748/32ef082eaa1ca23fc55ec2049412f068.jpeg | https://turbo.kg/images/014/800/750/e7c9ab4f6cff1345dea1e3ded3e62651.jpeg | https://turbo.kg/images/014/807/162/567b8ccb532f5453669a5cc31045f755.jpeg
https://turbo.kg/cars/tgsbanAR,"Volkswagen Passat B4 2.0, 1995",265000,1995.0,300000.0,https://turbo.kg/images/014/800/731/beef89910be46a331f6a2175e8a40edd-thumb.jpg,9.0,2026-04-05T11:45:07+06:00,,1995,,2.0 л / бензин,,механика,,универсал,,в наличии,обмен не предлагать,,передний,300000 км,,,есть,Кара-Балта,слева,хорошее,растаможен,,Кыргызстан,синий,265000.0,https://turbo.kg/images/014/800/731/beef89910be46a331f6a2175e8a40edd.jpeg | https://turbo.kg/images/014/800/732/58e9168d64010d11064871a4be104340.jpeg | https://turbo.kg/images/014/800/733/f3eb4b024f98fcd2bccf0273c94cf30e.jpeg | https://turbo.kg/images/014/800/734/b2d44b50f1d0293d62afcf9281bcdce0.jpeg | https://turbo.kg/images/014/800/735/8518fe6bf11792c5da34b381d16cc801.jpeg | https://turbo.kg/images/014/800/736/b92b363ff42be3f6806f680858a2c6c6.jpeg | https://turbo.kg/images/014/800/737/9aa20284bee9c491e3afee88ef47860e.jpeg | https://turbo.kg/images/014/800/738/6c076c41f5e0dc6ec995315db5718fd2.jpeg | https://turbo.kg/images/014/800/739/2bb38294d2f1dfbe26f2a9d6c1a14755.jpeg
https://turbo.kg/cars/Spw8Nw48,"Audi 100 III (C3) Рестайлинг 2.2, 1988",350000,1988.0,267000.0,https://turbo.kg/images/014/800/724/cb871381010f73ed26a236ea309da51b-thumb.jpg,7.0,2026-04-05T11:45:06+06:00,,1988,E7504C,2.2 л / бензин,,механика,,седан,,в наличии,обмен не предлагать,,передний,267000 км,,,,Бишкек,слева,хорошее,растаможен,,Кыргызстан,серый,350000.0,https://turbo.kg/images/014/800/724/cb871381010f73ed26a236ea309da51b.jpeg | https://turbo.kg/images/014/800/725/16f659493868fa049c3bc58fc08d9392.jpeg | https://turbo.kg/images/014/800/726/b4eb3baeccb448f051d9c56427d26756.jpeg | https://turbo.kg/images/014/800/727/58d5ecae417c51fb31b2dd0bf44428d9.jpeg | https://turbo.kg/images/014/800/728/4b1a2dab5a2b9a11f355f3773861894d.jpeg | https://turbo.kg/images/014/800/729/6a8b799018a5ee63b286f631eb1ecac0.jpeg | https://turbo.kg/images/014/800/730/1043f7258b06ebde7eb542a100774dbc.jpeg
https://turbo.kg/cars/VMpAwB0D,"Hyundai Sonata VIII (DN8) LPi 2.0, 2021",1154000,2021.0,112000.0,https://turbo.kg/images/014/800/713/f64f5a607f6d6e7e972e0362f511a538-thumb.jpg,11.0,2026-04-05T11:45:05+06:00,,2021,,2.0 л / газ,,автомат,,седан,,в наличии,рассмотрю варианты,,передний,112000 км,,,,Бишкек,слева,идеальное,растаможен,,Кыргызстан,белый,1154000.0,https://turbo.kg/images/014/800/713/f64f5a607f6d6e7e972e0362f511a538.jpeg | https://turbo.kg/images/014/800/714/661150a8d862af26a8ca3b2b617e2a90.jpeg | https://turbo.kg/images/014/800/715/67152d744d8a1de542eb9d24ee5e2c86.jpeg | https://turbo.kg/images/014/800/716/cbb0d4ac16de6ec50b4b4f0a28d77c9b.jpeg | https://turbo.kg/images/014/800/717/35440e4441295e97d0994f9d33df24fd.jpeg | https://turbo.kg/images/014/800/718/0fb673c9606a2ca0347106f3d9a5eaaa.jpeg | https://turbo.kg/images/014/800/719/2ee2426c399dfd4baf72ad03b5bfce0b.jpeg | https://turbo.kg/images/014/800/720/3c600cef67d67b775f80d4fb0a9163f8.jpeg | https://turbo.kg/images/014/800/721/4770ae3d71a2c43d9e4484a2e7fdcfd9.jpeg | https://turbo.kg/images/014/800/722/7cef8b999d5a13493c045b11dd69d41d.jpeg | https://turbo.kg/images/014/800/723/bb95ab1ab5cc900c3fc8b4b5ea9d96a8.jpeg
https://turbo.kg/cars/sK2nFaf5,"Subaru Outback V Рестайлинг 2.5, 2019",1180000,2019.0,148000.0,https://turbo.kg/images/014/800/701/217eeabcbd4cb7bbe069b21df56c5509-thumb.jpg,12.0,2026-04-05T11:40:05+06:00,,2019,08KG885ATJ,2.5 л / бензин,,вариатор,,универсал,,в наличии,обмен не предлагать,,полный,148000 км,,,есть,Сокулук,слева,хорошее,растаможен,,Кыргызстан,голубой,1180000.0,https://turbo.kg/images/014/800/701/217eeabcbd4cb7bbe069b21df56c5509.jpeg | https://turbo.kg/images/014/800/702/ee7717ec14d9dbfc4d405be3fb422e95.jpeg | https://turbo.kg/images/014/800/703/dee85627adc9fafc5a007e7959f38c9a.jpeg | https://turbo.kg/images/014/800/704/9a639c8288de6d92a9f951338bed1ae2.jpeg | https://turbo.kg/images/014/800/705/a0d3a7a0cb6d5b125b375b5683c22cdf.jpeg | https://turbo.kg/images/014/800/706/08334b66923a5e2a9245bbd12afc32e0.jpeg | https://turbo.kg/images/014/800/707/18b549400ce4119ea847ba17a1dc66c6.jpeg | https://turbo.kg/images/014/800/708/363534a7125905d9ee1b11461ec8bb8e.jpeg | https://turbo.kg/images/014/800/709/b868c8634a8a373e7918116b71cd392c.jpeg | https://turbo.kg/images/014/800/710/36c710e9854d0fddbeb67ad5663f8e65.jpeg | https://turbo.kg/images/014/800/711/af5929e14afd670d2dcf371d0db15145.jpeg | https://turbo.kg/images/014/800/712/377c17b3e53e5c8c6965858f3b62a0ba.jpeg
https://turbo.kg/cars/bkv2t3SF,"Hyundai Solaris II 1.6, 2018",600000,2018.0,490000.0,https://turbo.kg/images/014/800/692/1d95aed57b93cbadf8a304772be256a8-thumb.jpg,4.0,2026-04-05T11:35:08+06:00,,2018,,1.6 л / бензин,,автомат,,седан,,в наличии,рассмотрю варианты,,передний,490000 км,,"вложений не требует, техосмотр пройден, налог уплачен",,Бишкек,слева,хорошее,растаможен,,Кыргызстан,белый,600000.0,https://turbo.kg/images/014/800/692/1d95aed57b93cbadf8a304772be256a8.jpeg | https://turbo.kg/images/014/800/693/31df440dc1626ba7db4b4dd9d1d5f2c6.jpeg | https://turbo.kg/images/014/800/694/6cc3596b8bb9bc66731e008b9fee4898.jpeg | https://turbo.kg/images/014/800/695/8c746074bf036acedbb2992c72e1358c.jpeg
https://turbo.kg/cars/7tAUfGK2,"Subaru Impreza II Рестайлинг 2 1.5, 2005",385000,2005.0,297000.0,https://turbo.kg/images/014/800/690/f3f915ae590185ad42796bf94dc22795-thumb.jpg,2.0,2026-04-05T11:35:07+06:00,,2005,01KG109AYU,1.5 л / бензин,,автомат,,универсал,,в наличии,,,полный,297000 км,,,,Бишкек,справа,хорошее,растаможен,,Кыргызстан,серебристый,385000.0,https://turbo.kg/images/014/800/690/f3f915ae590185ad42796bf94dc22795.jpeg | https://turbo.kg/images/014/800/691/e8add7132a447c52efb7c70a8e0e2d82.jpeg
https://turbo.kg/cars/bEiMd3E1,"Ford Focus I 1.6, 2001",290000,2001.0,382817.0,https://turbo.kg/images/014/800/668/e66c7c7ef9b8d4eb53de84740470c4ce-thumb.jpg,6.0,2026-04-05T11:25:06+06:00,,2001,05KG865AEL,1.6 л / бензин,,механика,,универсал,,в наличии,обмен не предлагать,,передний,382817 км,,,,Бишкек,слева,хорошее,растаможен,,Кыргызстан,серебристый,290000.0,https://turbo.kg/images/014/800/668/e66c7c7ef9b8d4eb53de84740470c4ce.jpeg | https://turbo.kg/images/014/800/669/ddb25b5fc77bf807f4e1d42d0bef20d3.jpeg | https://turbo.kg/images/014/800/670/e3e1e37d402c24b2ee051655d770eeaf.jpeg | https://turbo.kg/images/014/800/671/f90d0eeebe84e2cb36449a3bc8a8e2d2.jpeg | https://turbo.kg/images/014/800/672/7c1b62f3c4a9ea8cc1d5798bfc93f100.jpeg | https://turbo.kg/images/014/800/673/ffed169873fd683244c5094f6d3ad53f.jpeg
https://turbo.kg/cars/gejrbVwr,"Volkswagen Passat B7 2.0, 2011",340000,2011.0,222000.0,https://turbo.kg/images/014/800/663/dd2f36d9e2950b39bb60a2d56ea915f6-thumb.jpg,5.0,2026-04-05T11:25:05+06:00,,2011,,2.0 л / бензин,,механика,,седан,,в наличии,обмен не предлагать,,передний,222000 км,,,,Бишкек,слева,хорошее,растаможен,,Кыргызстан,зеленый,340000.0,https://turbo.kg/images/014/800/663/dd2f36d9e2950b39bb60a2d56ea915f6.jpeg | https://turbo.kg/images/014/800/664/b9d599cd896b046a1c4b897b12dbc0c2.jpeg | https://turbo.kg/images/014/800/665/93933a1329e1ecb596ab30ca4c9f24d4.jpeg | https://turbo.kg/images/014/800/666/47f24d290e9d3d490c46f74be27b9f1d.jpeg | https://turbo.kg/images/014/800/667/a7a1606e634e75d0b62f90f3fa1e7340.jpeg
https://turbo.kg/cars/4Z4h9TV2,"Kia K7 YG (II) Рестайлинг 2.5, 2020",1529000,2020.0,185000.0,https://turbo.kg/images/014/800/648/33dccf667228b5315dad6fa152a95bf0-thumb.jpg,6.0,2026-04-05T11:20:05+06:00,,2020,,2.5 л / бензин,,автомат,,седан,,в наличии,обмен не предлагать,,передний,185000 км,,,есть,Бишкек,слева,идеальное,растаможен,,Кыргызстан,белый,1529000.0,https://turbo.kg/images/014/800/648/33dccf667228b5315dad6fa152a95bf0.jpeg | https://turbo.kg/images/014/800/649/b9e457f36586a4f9549458b3b78f2290.jpeg | https://turbo.kg/images/014/800/650/6355a8a40ff312146b920f551daeaa43.jpeg | https://turbo.kg/images/014/800/651/d7a401a2fc7870dedb550e94cf029ca2.jpeg | https://turbo.kg/images/014/800/652/7633f29607f734eb39b5b29d7b199c8b.jpeg | https://turbo.kg/images/014/800/653/537162e90a4bdd16c08ba70e611f581d.jpeg
https://turbo.kg/cars/bP08EceN,"Lexus NX I Рестайлинг 300 2.0, 2021",2753000,2021.0,50000.0,https://turbo.kg/images/014/800/618/7c9f569b4a402d2c4ba638be0439b1d5-thumb.jpg,12.0,2026-04-05T10:50:05+06:00,,2021,,2.0 л / бензин,,автомат,,внедорожник 5 дв.,,в наличии,,,полный,50000 км,,,,Бишкек,слева,идеальное,растаможен,,Не стоит на учёте,оранжевый,2753000.0,https://turbo.kg/images/014/800/618/7c9f569b4a402d2c4ba638be0439b1d5.jpeg | https://turbo.kg/images/014/800/619/46461b222a0bfbb3fcedb5184ebe322c.jpeg | https://turbo.kg/images/014/800/620/97d7ec5225a200e28879a3783d595e49.jpeg | https://turbo.kg/images/014/800/621/fb5f36e6969fc255acc70851803fdaf1.jpeg | https://turbo.kg/images/014/800/622/3c91b4742c5144042f455c080e83ceaf.jpeg | https://turbo.kg/images/014/800/623/654f921d5257bdac6b53205e4edd15a4.jpeg | https://turbo.kg/images/014/800/624/3dc61ae827cde5fbc226c38d5a025c3e.jpeg | https://turbo.kg/images/014/800/625/68eb58aec3ad65b30bfcd4c058c2d25a.jpeg | https://turbo.kg/images/014/800/626/706669365c0418010be50ce265eb7d01.jpeg | https://turbo.kg/images/014/800/627/2c752eb72e3f1c7ec4ab26d5a46ecf67.jpeg | https://turbo.kg/images/014/800/628/1c95b80927f609b1ac401d739e1e8619.jpeg | https://turbo.kg/images/014/800/629/1dbcdc546f612038a7f519c79597f3ff.jpeg
https://turbo.kg/cars/ZdMsnzkL,"Kia K8 1.6, 2021",1695000,2021.0,132000.0,https://turbo.kg/images/014/800/133/e0bd16928e941ed0c8b2622b98c58d18-thumb.jpg,12.0,2026-04-04T15:10:06+06:00,,2021,,1.6 л / гибрид,,автомат,,седан,,в наличии,обмен не предлагать,,передний,132000 км,,свежепригнан,есть,Бишкек,слева,идеальное,растаможен,,Кыргызстан,белый,1695000.0,https://turbo.kg/images/014/800/133/e0bd16928e941ed0c8b2622b98c58d18.jpeg | https://turbo.kg/images/014/800/134/dcde3d7bc25d7b683634ced9862e409c.jpeg | https://turbo.kg/images/014/800/135/e8df1d94987fba5563dec658819bf380.jpeg | https://turbo.kg/images/014/800/136/8910494d29f061414a5ec30f239ce21e.jpeg | https://turbo.kg/images/014/800/137/4f84ec8b619032e1d44f3c9079b65b1c.jpeg | https://turbo.kg/images/014/800/138/02cebb5aedb6a9c2fe1089281f582e45.jpeg | https://turbo.kg/images/014/800/139/dbf3dd823870ffc3ca81b6865cfdb7cf.jpeg | https://turbo.kg/images/014/800/140/56cde4aac25e1ba58215edba6a9bbb13.jpeg | https://turbo.kg/images/014/800/141/3cd613310e64c427efa5567d82e18647.jpeg | https://turbo.kg/images/014/800/142/fc4525705723f0e98f28216d3889fdcf.jpeg | https://turbo.kg/images/014/800/143/31992677780c7bb8820dff4854356714.jpeg | https://turbo.kg/images/014/800/144/9e0b79b0b69ace705c80fa6ec51ef8d4.jpeg
https://turbo.kg/cars/mX4lh0GK,"Chevrolet Colorado 3.6, 2020",2097000,2020.0,120000.0,https://turbo.kg/images/014/818/329/788b0634fa47e74e95cb59edc4b879a7-thumb.jpg,11.0,2026-04-04T14:40:05+06:00,,2020,,3.6 л / бензин,,автомат,,пикап двойная кабина,,в наличии,рассмотрю варианты,,полный,120000 км,,"свежепригнан, налог уплачен, техосмотр пройден, вложений не требует",,Бишкек,слева,хорошее,растаможен,,Кыргызстан,черный,2097000.0,https://turbo.kg/images/014/818/329/788b0634fa47e74e95cb59edc4b879a7.jpeg | https://turbo.kg/images/014/818/330/77735eca012353b91ed1e35f2d282c68.jpeg | https://turbo.kg/images/014/818/331/01622ad3cc9c821ff69e3889d147f846.jpeg | https://turbo.kg/images/014/818/332/1be4437b78b25d3ff515c3c496591efc.jpeg | https://turbo.kg/images/014/818/333/50829c5c86cb02c59bd3b0ea71e4a3c8.jpeg | https://turbo.kg/images/014/818/334/51107e24911e444afa0ab6d12d45eb5e.jpeg | https://turbo.kg/images/014/818/335/a7d079745c762fbc977599c4d5e65bc2.jpeg | https://turbo.kg/images/014/818/336/8a617bc58db3425de09f5825689d3fa0.jpeg | https://turbo.kg/images/014/818/337/29072428cc66697ee1676de69eae6794.jpeg | https://turbo.kg/images/014/818/841/bf82002289c1cc03b61a2e482fd3ead6.jpeg | https://turbo.kg/images/014/818/842/14d2aa816c7ba28164e7f5287fc0e6a8.jpeg
https://turbo.kg/cars/jWEbnx5o,"Hyundai Grandeur VI 2.4, 2019",1529000,2019.0,146000.0,https://turbo.kg/images/014/800/092/7f3f8ead0255bf98f8613bd6d0671a83-thumb.jpg,5.0,2026-04-04T14:35:05+06:00,,2019,,2.4 л / гибрид,,автомат,,седан,,в наличии,обмен не предлагать,,передний,146000 км,,,есть,Бишкек,слева,идеальное,растаможен,,Кыргызстан,бронза,1529000.0,https://turbo.kg/images/014/800/092/7f3f8ead0255bf98f8613bd6d0671a83.jpeg | https://turbo.kg/images/014/800/093/126f2d716d6b6ba227801b8460eb1360.jpeg | https://turbo.kg/images/014/800/094/809029b864b6802f33f345ac94ab045d.jpeg | https://turbo.kg/images/014/800/095/6f9845edf45d0f7a9af6159656d72f2a.jpeg | https://turbo.kg/images/014/800/096/3b1864fe8b8ad8d04e03ec0f24c8aaac.jpeg
https://turbo.kg/cars/YCflxZV8,"Daewoo Kalos 1.2, 2003",320000,2003.0,190000.0,https://turbo.kg/images/014/800/025/db8f701d4738993ba1936c964bf01ef6-thumb.jpg,6.0,2026-04-04T13:30:05+06:00,,2003,D6855E,1.2 л / бензин,,механика,,хэтчбек 5 дв.,,в наличии,ключ на ключ,,передний,190000 км,,,,"Базар-Коргон, Джалал-Абадская область",слева,хорошее,растаможен,,Кыргызстан,красный,320000.0,https://turbo.kg/images/014/800/025/db8f701d4738993ba1936c964bf01ef6.jpeg | https://turbo.kg/images/014/800/026/d34a84b568ce5f74464dd504a152a3ef.jpeg | https://turbo.kg/images/014/800/027/19d3ec21a6a3657458d4c2678f393dd3.jpeg | https://turbo.kg/images/014/800/028/64e9c758772d022421da6ba4edfa24db.jpeg | https://turbo.kg/images/014/800/029/67439f294475fbdd03593dbc97f5f8e6.jpeg | https://turbo.kg/images/014/800/033/d6e162f84e4e66f26ec5c442df63182c.jpeg
https://turbo.kg/cars/c4rRwABe,"Mercedes-Benz C-Класс II (W203) 200 2.0, 2000",568000,2000.0,270000.0,https://turbo.kg/images/014/800/019/e17f54a959946427f5fbf74bbfe627cf-thumb.jpg,6.0,2026-04-04T13:25:05+06:00,,2000,01KG791AWO,2.0 л / бензин,,автомат,,седан,,в наличии,рассмотрю варианты,,задний,270000 км,,,,Бишкек,слева,хорошее,растаможен,,Кыргызстан,серебристый,568000.0,https://turbo.kg/images/014/800/019/e17f54a959946427f5fbf74bbfe627cf.jpeg | https://turbo.kg/images/014/800/020/999e938c84987ee954fbceda10ab727d.jpeg | https://turbo.kg/images/014/800/021/0e6f1edde5c7ea95b3457ec19c1eb0f0.jpeg | https://turbo.kg/images/014/800/022/654e89c0380e741498c1cb631b504a8c.jpeg | https://turbo.kg/images/014/800/023/eae2e0ce9f4c6a86a41c0dae2d459b53.jpeg | https://turbo.kg/images/014/800/024/2eb8a662bfb96ea365104efbeebe2ab2.jpeg
https://turbo.kg/cars/xo4o73VW,"Mazda MPV II (LW) 2.5, 2000",500000,2000.0,341985.0,https://turbo.kg/images/014/799/972/f313bdf65b192ca1c3534cc0927280c2-thumb.jpg,9.0,2026-04-04T13:00:06+06:00,,2000,08KG917AAF,2.5 л / бензин,,автомат,,компактвэн,,в наличии,обмен не предлагать,,передний,341985 км,,,,с. Военно-Антоновка,слева,хорошее,растаможен,,Кыргызстан,золотистый,500000.0,https://turbo.kg/images/014/799/972/f313bdf65b192ca1c3534cc0927280c2.jpeg | https://turbo.kg/images/014/799/973/e493cd2a4662deb7e50a5d971b341cad.jpeg | https://turbo.kg/images/014/799/974/7684d77877e9a69d2068325aaade8b07.jpeg | https://turbo.kg/images/014/799/975/84e934509460e4f6c8b04c19d813cb77.jpeg | https://turbo.kg/images/014/799/976/6425dec53607e7c885f1a42fb1b17951.jpeg | https://turbo.kg/images/014/799/977/42626801da0d08f9a8b84228c56c5c45.jpeg | https://turbo.kg/images/014/799/978/8bed4188788ade12a01e4932dbeb9f86.jpeg | https://turbo.kg/images/014/799/979/0ad7ef118aa258960dd7578c8d843486.jpeg | https://turbo.kg/images/014/799/980/21a97cdbbc8fc366a2936a39c508ef18.jpeg
https://turbo.kg/cars/LMe3Qw9B,"Mercedes-Benz E-Класс III (W211, S211) 320 3.2, 2004",650000,2004.0,400000.0,https://turbo.kg/images/014/817/678/7540d275e5ffa1b7b017816032f4df99-thumb.jpg,8.0,2026-04-04T13:00:05+06:00,,2004,,3.2 л / дизель,,автомат,,седан,,в наличии,рассмотрю варианты,,задний,400000 км,,,есть,"Чолпон-Ата, Иссык-Кульская область",слева,хорошее,растаможен,,Кыргызстан,черный,650000.0,https://turbo.kg/images/014/817/678/7540d275e5ffa1b7b017816032f4df99.jpeg | https://turbo.kg/images/014/817/679/1e510c7940bbeefafb0ca29ae59320f5.jpeg | https://turbo.kg/images/014/817/680/1be71c8e05fd375a8bbebcf984868c00.jpeg | https://turbo.kg/images/014/817/681/1e716b66b058de819aced04c5a704ee4.jpeg | https://turbo.kg/images/014/817/682/cd6d567dc777b8539e67dabf0a09d465.jpeg | https://turbo.kg/images/014/817/683/00a19b4e205b3313e45e3661b6e712a6.jpeg | https://turbo.kg/images/014/817/684/e1fcf0b115d5f09bb138a0e14d64ebd8.jpeg | https://turbo.kg/images/014/817/685/737884917b441793b442609ee773ea7e.jpeg
https://turbo.kg/cars/ZY7E3NGd,"Toyota Prius II (XW20) 1.5, 2008",700000,2008.0,100000.0,https://turbo.kg/images/014/799/913/fa7ee0acb486830b7ec188d025f5940a-thumb.jpg,5.0,2026-04-04T12:45:05+06:00,,2008,01KG516AYX,1.5 л / гибрид,,автомат,,хэтчбек 5 дв.,,в наличии,,,передний,100000 км,,,,Бишкек,слева,хорошее,растаможен,,Кыргызстан,серый,700000.0,https://turbo.kg/images/014/799/913/fa7ee0acb486830b7ec188d025f5940a.jpeg | https://turbo.kg/images/014/799/914/a1b3b540ce3213d339a8e906ac77f31b.jpeg | https://turbo.kg/images/014/799/915/26ce17aecf939610ed964268b28491db.jpeg | https://turbo.kg/images/014/799/916/7ce1bb49c8ef08542ba11cd602063c2c.jpeg | https://turbo.kg/images/014/799/917/b386adc5abd547f841c626c9b37a888b.jpeg
https://turbo.kg/cars/o2fkACcF,"SsangYong Rodius I Рестайлинг 2.7, 2007",700000,2007.0,420000.0,https://turbo.kg/images/014/799/897/fd04669f2c2a0025c8a9e40f05ad31ce-thumb.jpg,6.0,2026-04-04T12:00:05+06:00,,2007,,2.7 л / дизель,,автомат,,минивэн,,в наличии,рассмотрю варианты,,задний,420000 км,,,есть,Бишкек,слева,хорошее,растаможен,,Кыргызстан,серый,700000.0,https://turbo.kg/images/014/799/897/fd04669f2c2a0025c8a9e40f05ad31ce.jpeg | https://turbo.kg/images/014/799/898/6a01f4130aaaed36cd1f2c11606d7cd4.jpeg | https://turbo.kg/images/014/799/899/9eb3c472d6ea97722a2f60309519f345.jpeg | https://turbo.kg/images/014/799/900/360299aba48b34341e567e08f16160fb.jpeg | https://turbo.kg/images/014/799/901/9d920b5582e34dc3a746e39f0e75af66.jpeg | https://turbo.kg/images/014/799/902/62d9465cda037000f421bbbb4521fb0b.jpeg
https://turbo.kg/cars/N9DBRK0c,"Audi 100 IV (C4) 2.0, 1992",390000,1992.0,211000.0,https://turbo.kg/images/014/799/893/c370d5de9504afecd85c4a16693a3ecb-thumb.jpg,4.0,2026-04-04T11:50:06+06:00,,1992,08KG942AVP,2.0 л / бензин,,механика,,седан,,в наличии,обмен не предлагать,,передний,211000 км,,,есть,Бишкек,слева,хорошее,растаможен,,Кыргызстан,красный,390000.0,https://turbo.kg/images/014/799/893/c370d5de9504afecd85c4a16693a3ecb.jpeg | https://turbo.kg/images/014/799/894/551ccde36cea3a76c5f38b36baf416ba.jpeg | https://turbo.kg/images/014/799/895/49735d0635b524dc8d0ed445c83355bb.jpeg | https://turbo.kg/images/014/799/896/4f52b0e75d08873ab43e1d4ff7f1a734.jpeg
https://turbo.kg/cars/DROrRsZc,"Toyota Corolla IX (E120, E130) Рестайлинг 1.5, 2004",550000,2004.0,300000.0,https://turbo.kg/images/014/799/889/983c5c842ef85edf078c667bf6595c25-thumb.jpg,4.0,2026-04-04T11:50:05+06:00,,2004,,1.5 л / бензин,,автомат,,хэтчбек 3 дв.,,в наличии,обмен не предлагать,,полный,300000 км,,,,Бишкек,справа,хорошее,растаможен,,Кыргызстан,серебристый,550000.0,https://turbo.kg/images/014/799/889/983c5c842ef85edf078c667bf6595c25.jpeg | https://turbo.kg/images/014/799/890/8ea4348f5314cbacceb7b808c9f0f6c4.jpeg | https://turbo.kg/images/014/799/891/b2406e2af78898d75f3ccedf04d7720a.jpeg | https://turbo.kg/images/014/799/892/18113b80db437619c18c5c231fe78fee.jpeg
https://turbo.kg/cars/qN161f1Z,"Mazda Tribute I 2.0, 2002",650000,2002.0,380000.0,https://turbo.kg/images/014/799/882/f41a4dba897e2b91d6c38226adec5436-thumb.jpg,7.0,2026-04-04T11:45:07+06:00,,2002,B6416AL,2.0 л / бензин,,механика,,внедорожник 5 дв.,,в наличии,рассмотрю варианты,,полный,380000 км,,,,Бишкек,слева,хорошее,растаможен,,Кыргызстан,красный,650000.0,https://turbo.kg/images/014/799/882/f41a4dba897e2b91d6c38226adec5436.jpeg | https://turbo.kg/images/014/799/883/86fad4b4243e45ed0c9a8931bbb76426.jpeg | https://turbo.kg/images/014/799/884/36fcaff95558609ebea88efd5b923fc5.jpeg | https://turbo.kg/images/014/799/885/caaa467e334afec630a7c2a027d593fd.jpeg | https://turbo.kg/images/014/799/886/86173e20177f8fc301be390d5ee9499f.jpeg | https://turbo.kg/images/014/799/887/1252cf242497a9ad4d7a5034ddeb4ca6.jpeg | https://turbo.kg/images/014/799/888/cacec294a736ef79712ef82bc7a91742.jpeg
https://turbo.kg/cars/KXeZ9CJg,"Chevrolet Spark IV Рестайлинг 1.0, 2018",585000,2018.0,147000.0,https://turbo.kg/images/014/799/873/a840752f1369f2fad357a4715a9af52e-thumb.jpg,9.0,2026-04-04T11:45:06+06:00,,2018,,1.0 л / бензин,,вариатор,,хэтчбек 5 дв.,,в наличии,обмен не предлагать,,передний,147000 км,,,есть,Бишкек,слева,хорошее,растаможен,,Кыргызстан,белый,585000.0,https://turbo.kg/images/014/799/873/a840752f1369f2fad357a4715a9af52e.jpeg | https://turbo.kg/images/014/799/874/e9ca44a53a85f1e4f5460837816d5b38.jpeg | https://turbo.kg/images/014/799/875/52f5cec0e1cc3de2808aaae1fb8a8f90.jpeg | https://turbo.kg/images/014/799/876/71add073a07cc08063f5d886ae628618.jpeg | https://turbo.kg/images/014/799/877/9ae6b05f08f71b7e21bfa4cfc460a9d8.jpeg | https://turbo.kg/images/014/799/878/0751df2eafae5d9fead2eee95c2ea160.jpeg | https://turbo.kg/images/014/799/879/06b897517058be224dd072990b63077d.jpeg | https://turbo.kg/images/014/799/880/ecc55b391500313b396e3e865d934ab8.jpeg | https://turbo.kg/images/014/799/881/145a9fa9d94744a6b5e7b021113a3fb6.jpeg
https://turbo.kg/cars/eilFEKvJ,"Mazda Demio II (DY) 1.3, 2005",380000,2005.0,15000.0,https://turbo.kg/images/014/799/502/28a6a50764522f91a1e3f3a3a1fc1f17-thumb.jpg,2.0,2026-04-03T14:50:05+06:00,,2005,05KG658ACH,1.3 л / бензин,,автомат,,хэтчбек 5 дв.,,в наличии,,,передний,15000 км,,,,"Нарын, Нарынская область",справа,хорошее,растаможен,,Кыргызстан,черный,380000.0,https://turbo.kg/images/014/799/502/28a6a50764522f91a1e3f3a3a1fc1f17.jpeg | https://turbo.kg/images/014/799/503/66a1a07d735760f48705382e3d384ecb.jpeg
https://turbo.kg/cars/79PLBiWq,"Kia K5 III Седан 2.0, 2020",1285000,2020.0,139000.0,https://turbo.kg/images/014/799/427/64b75d20a5d45ce43b76feef7291be4e-thumb.jpg,12.0,2026-04-03T13:10:05+06:00,,2020,,2.0 л / гибрид,,автомат,,седан,,в наличии,обмен не предлагать,,передний,139000 км,,"свежепригнан, налог уплачен, техосмотр пройден, вложений не требует",,Бишкек,слева,идеальное,растаможен,,Кыргызстан,серый,1285000.0,https://turbo.kg/images/014/799/427/64b75d20a5d45ce43b76feef7291be4e.jpeg | https://turbo.kg/images/014/799/428/608c3f9f507986c7627aa4f0768bfe1f.jpeg | https://turbo.kg/images/014/799/429/c48664877fb98838e283cacb815855c6.jpeg | https://turbo.kg/images/014/799/430/fe6534db6d4ba66a1a464957feef8e4d.jpeg | https://turbo.kg/images/014/799/431/d7df1ef664bb9b5290fa24bb39f62bdd.jpeg | https://turbo.kg/images/014/799/432/6d810461b9e48cec0671518e81faee81.jpeg | https://turbo.kg/images/014/799/433/416554372eeb2105a33a0221f25bd455.jpeg | https://turbo.kg/images/014/799/434/3843f90a384e55941e75aacc03eb1483.jpeg | https://turbo.kg/images/014/799/435/99d573f71a8d4283a10e413a22ec6bc2.jpeg | https://turbo.kg/images/014/799/436/4d03e17a6af414e82da8ae5b0bdd1069.jpeg | https://turbo.kg/images/014/799/437/460f33c1a114c28de5182bdd8d16332c.jpeg | https://turbo.kg/images/014/799/438/d2b0ddd84ae4978c2d582a324c3d1c5c.jpeg
https://turbo.kg/cars/shOtWqGH,"Toyota Land Cruiser 200 Series Рестайлинг 2 4.6, 2019",6816000,2019.0,117000.0,https://turbo.kg/images/014/799/415/d8b7b318001fa7a49b8b60ee6e26055b-thumb.jpg,12.0,2026-04-03T13:00:05+06:00,,2019,,4.6 л / бензин,,автомат,,внедорожник 5 дв.,,в наличии,,,полный,117000 км,,,,Бишкек,слева,хорошее,растаможен,,Кыргызстан,белый,6816000.0,https://turbo.kg/images/014/799/415/d8b7b318001fa7a49b8b60ee6e26055b.jpeg | https://turbo.kg/images/014/799/416/e416a045218121e59f635f441128506e.jpeg | https://turbo.kg/images/014/799/417/aa4823f653f28c97618c7906deab6a41.jpeg | https://turbo.kg/images/014/799/418/0e6286e66aa47382efef5afc4debc014.jpeg | https://turbo.kg/images/014/799/419/52cb25788a8ea4d2f4d13a47ea98608d.jpeg | https://turbo.kg/images/014/799/420/b79329e15d2f49ec1d9251f2ebb6898d.jpeg | https://turbo.kg/images/014/799/421/5f244a12aaec1e3de5a565aebe8e4235.jpeg | https://turbo.kg/images/014/799/422/4a34ad262d13114e6086457dfc667c57.jpeg | https://turbo.kg/images/014/799/423/24748c5b4f260fb0429fb44709ef09db.jpeg | https://turbo.kg/images/014/799/424/ce3b96ba1ad04d25c6c907c29a12e516.jpeg | https://turbo.kg/images/014/799/425/8fd6f000acce752ce2e0586363d76313.jpeg | https://turbo.kg/images/014/799/426/bdd26192f8895d1971383ddc1c7aa5e6.jpeg
https://turbo.kg/cars/AGYBHIz0,"Mercedes-Benz E-Класс AMG V (W213) 53 AMG 3.0, 2020",3233000,2020.0,95000.0,https://turbo.kg/images/014/799/402/bc81da9dcafe8ef632b361559c8e20ba-thumb.jpg,13.0,2026-04-03T12:15:07+06:00,,2020,,3.0 л / бензин,,автомат,,седан,,в наличии,,,полный,95000 км,,,,Бишкек,слева,хорошее,не растаможен,,Не стоит на учёте,черный,3233000.0,https://turbo.kg/images/014/799/402/bc81da9dcafe8ef632b361559c8e20ba.png | https://turbo.kg/images/014/799/403/488b9fb19862a7e8ba3f3270a64a47ef.png | https://turbo.kg/images/014/799/404/3f4ac086ed37f869575ba841d850926e.jpeg | https://turbo.kg/images/014/799/405/3298ae03ea4576185a301ca319a2cb29.jpeg | https://turbo.kg/images/014/799/406/a4bae192ad847be2680e156c5c9fc202.jpeg | https://turbo.kg/images/014/799/407/5e345f8758548d3a2cf884f0f778bb34.jpeg | https://turbo.kg/images/014/799/408/55a74333aaa111e51aca9a89e04d1f94.jpeg | https://turbo.kg/images/014/799/409/4f7c80814e85bb694d8be18d08dd4995.jpeg | https://turbo.kg/images/014/799/410/afaba7cb55bbc16ea90b571d9b37318d.jpeg | https://turbo.kg/images/014/799/411/cad4df0a59f0bb86a023ba9fd761c264.jpeg | https://turbo.kg/images/014/799/412/4bf4719e5970f89bda321f3490d15677.jpeg | https://turbo.kg/images/014/799/413/a06b5c50ae9a684ebe119b29f66c4d00.jpeg | https://turbo.kg/images/014/799/414/9fc37ab828e95fa0df9df2c88ff0ad4f.jpeg
https://turbo.kg/cars/LdYBJjFm,"Toyota Avalon V 2.5, 2021",2097000,2021.0,180000.0,https://turbo.kg/images/014/799/391/b01a030295f36feac3e99b81b3096f54-thumb.jpg,10.0,2026-04-03T11:55:05+06:00,,2021,,2.5 л / гибрид,,вариатор,,седан,,в наличии,рассмотрю варианты,,передний,180000 км,,"свежепригнан, налог уплачен, техосмотр пройден, вложений не требует",,Бишкек,слева,идеальное,растаможен,,Кыргызстан,белый,2097000.0,https://turbo.kg/images/014/799/391/b01a030295f36feac3e99b81b3096f54.jpeg | https://turbo.kg/images/014/799/392/c9f53d9e9d4fdfc5070c4215cee490d8.jpeg | https://turbo.kg/images/014/799/393/9afdff3a09d56bca07a61b13cced2a54.jpeg | https://turbo.kg/images/014/799/394/7b9fa92e742b42d8c52d4ea133726b32.jpeg | https://turbo.kg/images/014/799/395/fea4df2197790803a69a4291042ad8b7.jpeg | https://turbo.kg/images/014/799/396/05a868935d388fe3dc5d05bea90b821b.jpeg | https://turbo.kg/images/014/799/397/7389aeaf2e573f0e4c684b879edf39d0.jpeg | https://turbo.kg/images/014/799/398/7a3234759ca7961e8b9d8e5258872ff1.jpeg | https://turbo.kg/images/014/799/399/da8b7653105e114cf2356ab50922417a.jpeg | https://turbo.kg/images/014/799/400/2dc8cd614834c4f012bd56d04200cdab.jpeg
https://turbo.kg/cars/HDgTjMfq,"Mercedes-Benz CLA AMG I (C117, X117) Рестайлинг 45 AMG 2.0, 2017",1477000,2017.0,207000.0,https://turbo.kg/images/014/799/379/5bef3b110df1ed713859792cc40ea58f-thumb.jpg,3.0,2026-04-03T11:50:05+06:00,WDD**************,2017,01KG669ARP,2.0 л / бензин,,робот,,седан,,в наличии,ключ на ключ,,полный,207000 км,,,,Бишкек,слева,идеальное,растаможен,,Кыргызстан,черный,1477000.0,https://turbo.kg/images/014/799/379/5bef3b110df1ed713859792cc40ea58f.jpeg | https://turbo.kg/images/014/799/380/194888ca0a85f223dc692c0010a14a48.jpeg | https://turbo.kg/images/014/799/381/9a364fc227c2986c224f461d4117e7df.jpeg
https://turbo.kg/cars/sS4zAsrl,"Daewoo Nexia I Рестайлинг 1.6, 2012",249000,2012.0,231000.0,https://turbo.kg/images/014/799/373/9c83064d78f1d91f787e33b9d38ace89-thumb.jpg,6.0,2026-04-03T10:55:06+06:00,,2012,,1.6 л / бензин,,механика,,седан,,в наличии,,,передний,231000 км,,,,"Ош, Ошская область",слева,хорошее,растаможен,,Кыргызстан,белый,249000.0,https://turbo.kg/images/014/799/373/9c83064d78f1d91f787e33b9d38ace89.jpeg | https://turbo.kg/images/014/799/374/3c02753e8f7a5f40b97b5286e5a4bb92.jpeg | https://turbo.kg/images/014/799/375/f7d62d19fcc2d545b4999e2f75c06b4c.jpeg | https://turbo.kg/images/014/799/376/199dce3e658da0180fd42c08bd5f3ac1.jpeg | https://turbo.kg/images/014/799/377/0c395ad1fdf51501e69eb6a499a8e045.jpeg | https://turbo.kg/images/014/799/378/194ff5553d059934d8693c6e8c9cbd42.jpeg
https://turbo.kg/cars/JgbkQyAF,"BMW X7 I (G07) 40i 3.0, 2021",5374000,2021.0,109000.0,https://turbo.kg/images/014/819/403/d5e00153afbeccb3a9b180aedb9e47e9-thumb.jpg,9.0,2026-04-03T10:55:05+06:00,,2021,,3.0 л / бензин,,автомат,,внедорожник 5 дв.,,в наличии,,,полный,109000 км,,"свежепригнан, налог уплачен, техосмотр пройден, вложений не требует",,Бишкек,слева,хорошее,растаможен,,Кыргызстан,белый,5374000.0,https://turbo.kg/images/014/819/403/d5e00153afbeccb3a9b180aedb9e47e9.jpeg | https://turbo.kg/images/014/819/404/1531b79f2b905ec5b4480bf2c0b517a4.jpeg | https://turbo.kg/images/014/819/405/d25ce8b11cb4f4904b1cb348b342e66a.jpeg | https://turbo.kg/images/014/819/406/f125d7d464690919833bb7869959c0fa.jpeg | https://turbo.kg/images/014/819/407/2f55e034343c6bcc72573e5ebb719c23.jpeg | https://turbo.kg/images/014/819/408/310a166bb1443bf13212e46d8c7dfca4.jpeg | https://turbo.kg/images/014/819/409/c0881bf7ad3d3ea0af1029d19d25bdd3.jpeg | https://turbo.kg/images/014/819/410/46ecf8f429545f205111cf02b8b4a5ba.jpeg | https://turbo.kg/images/014/819/411/100744c0cefcf4d3adbf06e40f7283d6.jpeg
https://turbo.kg/cars/cbre7hlL,"Jeep Renegade I Trailhawk 2.4, 2018",1180000,2018.0,130000.0,https://turbo.kg/images/014/799/354/4c7a9b75ecfde45cb8b464d83ad31b17-thumb.jpg,8.0,2026-04-03T10:50:05+06:00,,2018,,2.4 л / бензин,,автомат,,внедорожник 5 дв.,,в наличии,рассмотрю варианты,,полный,130000 км,,,,Бишкек,слева,хорошее,растаможен,,Кыргызстан,серебристый,1180000.0,https://turbo.kg/images/014/799/354/4c7a9b75ecfde45cb8b464d83ad31b17.jpeg | https://turbo.kg/images/014/799/355/d6bd83c1bd17a21c2085a29a7418ad52.jpeg | https://turbo.kg/images/014/799/353/1b0809b8b442e981de68531962c4359c.jpeg | https://turbo.kg/images/014/799/356/93d06b58948647931702b92f34be1192.jpeg | https://turbo.kg/images/014/799/357/f3ff6bc8f16f29b7acf2ef6edf098ae9.jpeg | https://turbo.kg/images/014/799/358/e9da7c9eeb01e0e3f9f315dcaf0999d6.jpeg | https://turbo.kg/images/014/799/359/19d45525227b80e7a36a1c161229cc03.jpeg | https://turbo.kg/images/014/799/360/77fb020ba24be4ebd7a201a8785969a6.jpeg
https://turbo.kg/cars/If60Pkc6,"Toyota Highlander III (U50) Рестайлинг 3.5, 2018",2360000,2018.0,200000.0,https://turbo.kg/images/014/799/298/498481c35a58adaff76c56024552cad2-thumb.jpg,4.0,2026-04-03T09:50:05+06:00,,2018,,3.5 л / гибрид,,автомат,,внедорожник 5 дв.,,в наличии,обмен не предлагать,,полный,200000 км,,,,Бишкек,слева,хорошее,растаможен,,Кыргызстан,черный,2360000.0,https://turbo.kg/images/014/799/298/498481c35a58adaff76c56024552cad2.jpeg | https://turbo.kg/images/014/799/299/d9e75c4d33f709fe417503f34e9dd947.jpeg | https://turbo.kg/images/014/799/300/a1eb93a6e2812a5c31eb4dab8528f8bb.jpeg | https://turbo.kg/images/014/799/301/a4620da858243b81cfcd1d11b2f9c5e5.jpeg
https://turbo.kg/cars/Y3IkEhAF,"Kia Sorento III Prime Рестайлинг 8-speed 2.0, 2018",1372000,2018.0,248000.0,https://turbo.kg/images/014/799/281/3bb668f2369f84907b02a3f520e9f7f8-thumb.jpg,10.0,2026-04-03T09:35:05+06:00,,2018,,2.0 л / дизель,,автомат,,внедорожник 5 дв.,,в наличии,,,передний,248000 км,,"налог уплачен, вложений не требует",,Бишкек,слева,хорошее,растаможен,,Кыргызстан,серый,1372000.0,https://turbo.kg/images/014/799/281/3bb668f2369f84907b02a3f520e9f7f8.jpeg | https://turbo.kg/images/014/799/282/12d7f60f6d1c4119e2c52194ab0a9543.jpeg | https://turbo.kg/images/014/799/283/6bdef10e199c48462d99dba5a33397da.jpeg | https://turbo.kg/images/014/799/284/b97a778b225636a0e2b9ceb47bea6012.jpeg | https://turbo.kg/images/014/799/285/8f85580d9229d98f7b9dbe3882bb65e1.jpeg | https://turbo.kg/images/014/799/286/f07f1b9a26047ecb426cfe6bc864edc3.jpeg | https://turbo.kg/images/014/799/287/b29f3f4b12ce7fade7e01ae8d8584757.jpeg | https://turbo.kg/images/014/799/288/1236a6f47e0e768658c2c8c27698370e.jpeg | https://turbo.kg/images/014/799/289/07600522e29a4aacc38f274256bcbd2e.jpeg | https://turbo.kg/images/014/799/290/a46a6d8396b2bf13ebb26921ed126e6e.jpeg
https://turbo.kg/cars/Q2QfHL4y,"Audi A6 II (C5) Рестайлинг 2.4, 2003",465000,2003.0,222800.0,https://turbo.kg/images/014/799/277/a1624e1c185a6b2f64e70b9741e0f703-thumb.jpg,4.0,2026-04-03T08:50:05+06:00,,2003,,2.4 л / бензин,,механика,,седан,,в наличии,рассмотрю варианты,,передний,222800 км,,,,"Манас (Джалал-Абад), Джалал-Абадская область",слева,хорошее,растаможен,,Кыргызстан,серебристый,465000.0,https://turbo.kg/images/014/799/277/a1624e1c185a6b2f64e70b9741e0f703.jpeg | https://turbo.kg/images/014/799/278/1809bc15ddd6fce2ef7fb1eb2127d32b.jpeg | https://turbo.kg/images/014/799/279/83d13d2104b0083ecee86ad2b47c786d.jpeg | https://turbo.kg/images/014/799/280/a8f4c08d77144f75b5a394c3201c0b1e.jpeg
https://turbo.kg/cars/vcgyap6v,"Toyota RAV4 V (XA50) 2.5, 2019",2578000,2019.0,93000.0,https://turbo.kg/images/014/799/262/50937ce7eb051ea546222f6388079156-thumb.jpg,7.0,2026-04-03T08:30:06+06:00,,2019,01KG001SSG,2.5 л / гибрид,,вариатор,,внедорожник 5 дв.,,в наличии,обмен не предлагать,,полный,93000 км,,вложений не требует,,Бишкек,слева,идеальное,растаможен,,Кыргызстан,белый,2578000.0,https://turbo.kg/images/014/799/262/50937ce7eb051ea546222f6388079156.jpeg | https://turbo.kg/images/014/799/263/6aa0e6b5243909837cd6c62e0bae0eae.jpeg | https://turbo.kg/images/014/799/264/d30ad3461a7970621298410297a66470.jpeg | https://turbo.kg/images/014/799/265/0920da60d4247a3214807be0ea400056.jpeg | https://turbo.kg/images/014/799/266/d96c5db002f8b51b5c034723ffeb8877.jpeg | https://turbo.kg/images/014/799/267/145ab4d9cd164ab06ce5e60bbc8a496a.jpeg | https://turbo.kg/images/014/799/268/9a1e5d7f8bf044330dd43213d17c5ae4.jpeg
https://turbo.kg/cars/VJQ93BZJ,"Toyota RAV4 V (XA50) 2.5, 2020",2700000,2020.0,141800.0,https://turbo.kg/images/014/803/827/d831f841700aa5687ec66c17bf0d6344-thumb.jpg,12.0,2026-04-03T08:30:05+06:00,,2020,,2.5 л / гибрид,,вариатор,,внедорожник 5 дв.,,в наличии,,,полный,141800 км,,,,Бишкек,слева,хорошее,растаможен,,Кыргызстан,белый,2700000.0,https://turbo.kg/images/014/803/827/d831f841700aa5687ec66c17bf0d6344.jpeg | https://turbo.kg/images/014/803/828/9f3d92d549ff7a1b7cfe077406aff331.jpeg | https://turbo.kg/images/014/803/829/add5f1340f58c7979a441f4a45cb34f1.jpeg | https://turbo.kg/images/014/803/830/8b37fd99065577e864b654dc39417df6.jpeg | https://turbo.kg/images/014/803/831/3ab1d904856548c9f96fb194a0503265.jpeg | https://turbo.kg/images/014/803/832/95368f153d49452e8dd93fab741e495d.jpeg | https://turbo.kg/images/014/803/833/83312437836c3b3e00dba4940dd413a1.jpeg | https://turbo.kg/images/014/803/834/9d0794a5ca7976dc98c53cdf1bb000f1.jpeg | https://turbo.kg/images/014/803/835/87bf2b4427bbb477cc21bfd4c6280fd2.jpeg | https://turbo.kg/images/014/803/836/516feb2dca91fb500ec587e074ae5051.jpeg | https://turbo.kg/images/014/803/837/7ec54a45ee9658b7bcab747500ee281a.jpeg | https://turbo.kg/images/014/803/838/3173697770c5eaaf1b227d8936eb1131.jpeg
https://turbo.kg/cars/xkPx2HbK,"BMW 5 серии VII (G30/G31) 520d 2.0, 2019",2080000,2019.0,180000.0,https://turbo.kg/images/014/799/229/d1dad7502b92329e8972841d98443abd-thumb.jpg,9.0,2026-04-03T02:25:05+06:00,,2019,01KG808NAR,2.0 л / дизель,,автомат,,седан,,в наличии,,,задний,180000 км,,свежепригнан,,Сокулук,слева,идеальное,растаможен,,Не стоит на учёте,синий,2080000.0,https://turbo.kg/images/014/799/229/d1dad7502b92329e8972841d98443abd.jpeg | https://turbo.kg/images/014/799/230/5a39f91aa3c7b177959df81cfb1d716c.jpeg | https://turbo.kg/images/014/799/231/bd0f50503ee210d2589deb72b02b163b.jpeg | https://turbo.kg/images/014/799/232/d14897f018a37717a85ea7a1316f83bf.jpeg | https://turbo.kg/images/014/799/233/75345e01934acf392fac6ee71523c80a.jpeg | https://turbo.kg/images/014/799/234/8a3eee85fc90760bb354bbd953101a30.jpeg | https://turbo.kg/images/014/799/235/e8174518d74ca55132413312bc3fb1af.jpeg | https://turbo.kg/images/014/799/236/55d94db6488dff878203fae4cf1531b5.jpeg | https://turbo.kg/images/014/799/237/3f4b8ea6b5143321398e5f8ef55f2ed6.jpeg
https://turbo.kg/cars/NgHBs825,"Kia Sorento III Prime Рестайлинг 3.3, 2019",1092000,2019.0,220000.0,https://turbo.kg/images/014/798/822/5fe96f8236405d13831ba87387ca8c80-thumb.jpg,12.0,2026-04-02T13:40:06+06:00,5XY**************,2019,,3.3 л / бензин,,автомат,,внедорожник 5 дв.,,в наличии,,,передний,220000 км,,,,Бишкек,слева,хорошее,растаможен,,Кыргызстан,белый,1092000.0,https://turbo.kg/images/014/798/822/5fe96f8236405d13831ba87387ca8c80.jpeg | https://turbo.kg/images/014/798/823/4905961c9c8284ca713d72fe823a5ff2.jpeg | https://turbo.kg/images/014/798/824/4041eb6becdda7e8e4373319bce118b1.jpeg | https://turbo.kg/images/014/798/825/4fd2d776559a93531df3ef020deaddb4.jpeg | https://turbo.kg/images/014/798/826/d89db59fd58d81506190880f94f22661.jpeg | https://turbo.kg/images/014/798/827/4fa10477cf827cc70ed64ea501918f24.jpeg | https://turbo.kg/images/014/798/828/2c2aba1e2aba5eae48057fedbedb07e9.jpeg | https://turbo.kg/images/014/798/829/c2c56d546bf1df63bda1d4ae43e92b72.jpeg | https://turbo.kg/images/014/798/830/7437f078b46c79afb5afa3a5fdf70315.jpeg | https://turbo.kg/images/014/798/831/16b0d61aeb810f80b1f929c0129d664a.jpeg | https://turbo.kg/images/014/798/832/2374d12a26b04b5c0c21c39b72735d6a.jpeg | https://turbo.kg/images/014/798/833/b174879273bbf2ca5eee2d0e6160cbe8.jpeg
https://turbo.kg/cars/fSNF9nrz,"Kia K7 YG (II) Рестайлинг 2.4, 2021",1564000,2021.0,170000.0,https://turbo.kg/images/014/798/787/cd372756f613aec1d86e233e9fd5d094-thumb.jpg,12.0,2026-04-02T12:55:04+06:00,,2021,,2.4 л / гибрид,,автомат,,седан,,в наличии,,,передний,170000 км,,"свежепригнан, вложений не требует",,Бишкек,слева,хорошее,растаможен,,Не стоит на учёте,черный,1564000.0,https://turbo.kg/images/014/798/787/cd372756f613aec1d86e233e9fd5d094.jpeg | https://turbo.kg/images/014/798/788/1070c10b115f140b4b4c54ce9eacfb23.jpeg | https://turbo.kg/images/014/798/789/cb74634078bf590d5c0641c739b3cdf5.jpeg | https://turbo.kg/images/014/798/790/940b7237ae738f5b0a45dafdb5efe174.jpeg | https://turbo.kg/images/014/798/791/c0e0610b7a7e62ead5235e8522520833.jpeg | https://turbo.kg/images/014/798/792/1f69328b188497d4ee5d4c5afe3227cd.jpeg | https://turbo.kg/images/014/798/793/84f809418d833930cad3a96621db3666.jpeg | https://turbo.kg/images/014/798/794/05a3953935dd0bf3d9521c1f338e1f45.jpeg | https://turbo.kg/images/014/798/795/26c5528f7bb82a278861044dd0419b04.jpeg | https://turbo.kg/images/014/798/796/7c137a9547139bc9531f9cd7d94f4786.jpeg | https://turbo.kg/images/014/798/797/ff30222cc75400fa71af30c87b40a9ae.jpeg | https://turbo.kg/images/014/798/798/0d3b2319f7deee34fd2611f9993c2b7b.jpeg
https://turbo.kg/cars/dBCwxdh6,"Toyota Camry VIII (XV70) 2.5, 2019",1486000,2019.0,144000.0,https://turbo.kg/images/014/798/720/3c9b52b5a027c6b5d3abb67d5d0275ee-thumb.jpg,5.0,2026-04-02T11:45:06+06:00,,2019,,2.5 л / гибрид,,вариатор,,седан,,в наличии,обмен не предлагать,,передний,144000 км,,"налог уплачен, техосмотр пройден, вложений не требует",,Бишкек,слева,хорошее,растаможен,,Кыргызстан,белый,1486000.0,https://turbo.kg/images/014/798/720/3c9b52b5a027c6b5d3abb67d5d0275ee.jpeg | https://turbo.kg/images/014/798/721/7a57ab32b83862d0a9d7d82e2ae17904.jpeg | https://turbo.kg/images/014/798/722/41528b93e703c9de3f6f147e189ba461.jpeg | https://turbo.kg/images/014/798/723/a247e453ba9867a9eaa91871d2025872.jpeg | https://turbo.kg/images/014/798/724/7a2562e8e6313bdbd5e84574d8ae3acd.jpeg
https://turbo.kg/cars/ucMwOd4d,"Kia Sportage IV Рестайлинг 2.0, 2019",1328000,2019.0,133000.0,https://turbo.kg/images/014/798/713/558cb83e917c3f6d1d0451415d22dce4-thumb.jpg,7.0,2026-04-02T11:45:05+06:00,,2019,,2.0 л / дизель,,автомат,,внедорожник 5 дв.,,в наличии,рассмотрю варианты,,передний,133000 км,,,,Бишкек,слева,идеальное,растаможен,,Кыргызстан,белый,1328000.0,https://turbo.kg/images/014/798/713/558cb83e917c3f6d1d0451415d22dce4.jpeg | https://turbo.kg/images/014/798/714/1b7cf2e77a90e3411285b0249f3d52e6.jpeg | https://turbo.kg/images/014/798/715/c5bca3fb6f27e732c96ffe9cb2598cc6.jpeg | https://turbo.kg/images/014/798/716/981e9fec30c745fe4292180d2bd96480.jpeg | https://turbo.kg/images/014/798/717/73bf24fbfbc8cefa2939bcd1ccbde13a.jpeg | https://turbo.kg/images/014/798/718/944c5c22201fb9a2e8d926e1e09c7ab7.jpeg | https://turbo.kg/images/014/798/719/40879bc3dc8dfcf55e24b76c5d7ace67.jpeg
https://turbo.kg/cars/g9ZyI1yh,"Honda Jazz I Рестайлинг 1.3, 2006",550000,2006.0,150000.0,https://turbo.kg/images/014/798/689/13f9656b57f887f108ad9bd9c65330b3-thumb.jpg,9.0,2026-04-02T10:15:06+06:00,,2006,06KG166AOT,1.3 л / бензин,,вариатор,,хэтчбек 5 дв.,,в наличии,обмен не предлагать,,передний,150000 км,,,,Бишкек,слева,хорошее,растаможен,,Кыргызстан,красный,550000.0,https://turbo.kg/images/014/798/689/13f9656b57f887f108ad9bd9c65330b3.jpeg | https://turbo.kg/images/014/798/690/d3230804c99557f7ec7f17a490f4610a.jpeg | https://turbo.kg/images/014/798/691/6da2f0774886beebdb6703a6a70b4d94.jpeg | https://turbo.kg/images/014/798/692/19f47c6e636a4ae062c66df1e943d3e5.jpeg | https://turbo.kg/images/014/798/693/12cfe3425d5180a4db29790adb44cb54.jpeg | https://turbo.kg/images/014/798/694/64ee6447d294a291f783731d05457f6b.jpeg | https://turbo.kg/images/014/798/695/f108a6555b79f3e0befff02bf097620e.jpeg | https://turbo.kg/images/014/798/696/9715e4fc8cbe59c2251886527253ad70.jpeg | https://turbo.kg/images/014/798/697/d4305170f7bcea072747476591ce4e24.jpeg
https://turbo.kg/cars/vZ5UqpVO,"Ford F-150 XIII Рестайлинг Raptor 3.5, 2019",3758000,2019.0,160934.0,https://turbo.kg/images/014/798/677/d952bd204399e0842a35c9fd4b7e059d-thumb.jpg,12.0,2026-04-02T09:55:04+06:00,,2019,,3.5 л / бензин,,автомат,,пикап двойная кабина,,в наличии,,,полный,160934 км,,,,Бишкек,слева,идеальное,растаможен,,Не стоит на учёте,бирюзовый,3758000.0,https://turbo.kg/images/014/798/677/d952bd204399e0842a35c9fd4b7e059d.jpeg | https://turbo.kg/images/014/798/678/24f558756c36e3d665e71924b5cca762.jpeg | https://turbo.kg/images/014/798/679/ec53235cf641492b4064f85fe458a7bd.jpeg | https://turbo.kg/images/014/798/680/31bc42c47552db5f2746d9ae369c1b72.jpeg | https://turbo.kg/images/014/798/681/4b5c7dd339802cd4e21f93ab051f7fe5.jpeg | https://turbo.kg/images/014/798/682/0bd382cd41ffab40cfce358010b02387.jpeg | https://turbo.kg/images/014/798/683/25936edf8915fd033f42996db0d4cc87.jpeg | https://turbo.kg/images/014/798/684/563147d217b5906fe4f154f2df20af30.jpeg | https://turbo.kg/images/014/798/685/3667b8d24495c907410b39b4144cf5e4.jpeg | https://turbo.kg/images/014/798/686/8e9aae97d14376eb127d768fda1e060a.jpeg | https://turbo.kg/images/014/798/687/81b5476bb5b8b17ae5952722df107358.jpeg | https://turbo.kg/images/014/798/688/2bc68b4e716e08f2a7d27663d982df91.jpeg
https://turbo.kg/cars/uZDdLATC,"Toyota Harrier II (XU30) 3.0, 2004",1200000,2004.0,186791.0,https://turbo.kg/images/014/798/600/397d9b9eec0e7927a78d1a569f3d8e12-thumb.jpg,12.0,2026-04-02T01:40:05+06:00,AC1**************,2004,03KG999XXL,3.0 л / бензин,,автомат,,внедорожник 5 дв.,,в наличии,с доплатой продавца,,передний,186791 км,,вложений не требует,,"Ош, Ошская область",справа,идеальное,растаможен,,Кыргызстан,серый,1200000.0,https://turbo.kg/images/014/798/600/397d9b9eec0e7927a78d1a569f3d8e12.jpeg | https://turbo.kg/images/014/798/601/5d71aa468da988db043e1151b4a1f029.jpeg | https://turbo.kg/images/014/798/602/4f11ca8d561ed1d638bcb6764479fc46.jpeg | https://turbo.kg/images/014/798/603/b90e51775d5bbfcd6dea8f8714670bed.jpeg | https://turbo.kg/images/014/798/604/476a714d322d686b8fba5afb4a089e68.jpeg | https://turbo.kg/images/014/798/605/d2ac40e20405134244f2f508b4365aa6.jpeg | https://turbo.kg/images/014/798/606/19dacd479b063efd85ff276d7126543f.jpeg | https://turbo.kg/images/014/798/607/d2c3094230d0e3d698de1c0d252caf2f.jpeg | https://turbo.kg/images/014/798/608/4dd9d1ef57e1bf07379e306d519702bd.jpeg | https://turbo.kg/images/014/798/609/6ee4a5ad5f9bf147b0b630e577bca761.jpeg | https://turbo.kg/images/014/798/610/ac5e14b07dae26dd86a9f01ba2bc4b52.jpeg | https://turbo.kg/images/014/798/611/77bdd981ec0be3b2f0cb72521afe8e50.jpeg
